id,anon_name,categories,city,city_imputed,synthetic,price_from_kzt,price_imputed,event_formats,languages,max_hours,busy_dates,description
HK-39372,Тони Тони Чоппер,Флорист,Алматы,False,False,200000,True,свадьба|корпоратив|конференция|юбилей,русский,,2026-09-25|2026-09-30|2026-10-01|2026-10-02|2026-10-03|2026-10-06|2026-10-07|2026-10-08|2026-10-14|2026-10-16|2026-10-17|2026-10-21|2026-10-22|2026-10-23|2026-10-24|2026-10-25|2026-10-27|2026-11-05|2026-11-06|2026-11-12|2026-11-14|2026-11-19|2026-11-21|2026-11-22|2026-11-23|2026-11-24|2026-11-25|2026-11-27|2026-11-29|2026-12-03|2026-12-04|2026-12-05|2026-12-06|2026-12-07|2026-12-08|2026-12-09|2026-12-10|2026-12-12|2026-12-13|2026-12-14|2026-12-15|2026-12-17|2026-12-18|2026-12-20|2026-12-21|2026-12-22|2026-12-23|2026-12-24|2026-12-25|2026-12-27|2026-12-30|2026-12-31|2027-01-01|2027-01-03|2027-01-05|2027-01-06|2027-01-17|2027-01-29|2027-02-06|2027-02-12|2027-02-13|2027-02-18|2027-02-22|2027-02-25|2027-02-28|2027-03-01|2027-03-04|2027-03-06|2027-03-08|2027-03-12|2027-03-15|2027-03-18|2027-03-20|2027-03-21|2027-03-22|2027-03-23|2027-03-28|2027-03-30|2027-04-03|2027-04-07|2027-04-11|2027-04-18|2027-04-19|2027-04-20|2027-04-21|2027-04-25|2027-05-01|2027-05-02|2027-05-08|2027-05-11|2027-05-13|2027-05-15|2027-05-16|2027-05-17|2027-05-24|2027-05-26|2027-05-30|2027-06-03|2027-06-04|2027-06-05|2027-06-06|2027-06-11|2027-06-12|2027-06-13|2027-06-14|2027-06-17|2027-06-18|2027-06-19|2027-06-20|2027-06-22|2027-06-23|2027-06-24|2027-06-26|2027-06-30|2027-07-02|2027-07-03|2027-07-04|2027-07-06|2027-07-08|2027-07-09|2027-07-10|2027-07-11|2027-07-13|2027-07-14|2027-07-16|2027-07-17|2027-07-18|2027-07-21|2027-07-22|2027-07-23|2027-07-25|2027-07-30|2027-08-03|2027-08-05|2027-08-07|2027-08-08|2027-08-10|2027-08-11|2027-08-13|2027-08-14|2027-08-15|2027-08-18|2027-08-20|2027-08-21|2027-08-24|2027-08-25|2027-08-26|2027-08-27|2027-08-28|2027-08-30|2027-08-31|2027-09-01|2027-09-03|2027-09-04|2027-09-12|2027-09-18|2027-09-19|2027-09-22,"Мы специализируемся на авторском цветочном оформлении и флористике для мероприятий в Алматы. Ежемесячно реализуем более 1000 заказов. Среди наших клиентов и партнёров: SkyLumen, CoffeeNoir, Trickster Café, Suisei Water, Curly Sensei, Hoshizora, Банк «Sakura Credit». Также выполняли оформление для Hotel Akatsuki, Fuyuki Grand и Atelier Sakura."
HK-44733,Буллма,Ведущий,Алматы,False,False,1000000,False,корпоратив|конференция|юбилей|день рождения,русский|английский,6,2026-09-23|2026-09-25|2026-09-28|2026-10-01|2026-10-03|2026-10-04|2026-10-07|2026-10-10|2026-10-21|2026-10-23|2026-10-24|2026-10-25|2026-10-26|2026-10-30|2026-10-31|2026-11-01|2026-11-04|2026-11-07|2026-11-08|2026-11-11|2026-11-12|2026-11-20|2026-11-22|2026-11-23|2026-11-25|2026-11-28|2026-11-29|2026-12-03|2026-12-05|2026-12-06|2026-12-07|2026-12-10|2026-12-11|2026-12-12|2026-12-14|2026-12-15|2026-12-16|2026-12-17|2026-12-19|2026-12-20|2026-12-21|2026-12-22|2026-12-23|2026-12-24|2026-12-25|2026-12-26|2026-12-27|2026-12-29|2026-12-31|2027-01-01|2027-01-02|2027-01-08|2027-01-16|2027-01-21|2027-01-22|2027-01-28|2027-02-04|2027-02-05|2027-02-10|2027-02-18|2027-02-19|2027-02-22|2027-02-27|2027-03-01|2027-03-02|2027-03-07|2027-03-08|2027-03-10|2027-03-13|2027-03-16|2027-03-17|2027-03-20|2027-03-21|2027-03-22|2027-03-24|2027-03-26|2027-03-29|2027-03-30|2027-04-05|2027-04-09|2027-04-14|2027-04-15|2027-04-16|2027-04-19|2027-04-20|2027-04-27|2027-04-28|2027-04-29|2027-05-01|2027-05-02|2027-05-03|2027-05-10|2027-05-11|2027-05-14|2027-05-17|2027-06-02|2027-06-03|2027-06-07|2027-06-09|2027-06-10|2027-06-17|2027-06-20|2027-06-22|2027-06-24|2027-06-29|2027-06-30|2027-07-03|2027-07-05|2027-07-13|2027-07-26|2027-07-30|2027-08-01|2027-08-10|2027-08-13|2027-08-17|2027-08-20|2027-08-30|2027-09-02|2027-09-10|2027-09-19|2027-09-21,"Ведущий мероприятий с опытом работы более 10 лет. Стиль ведения интеллигентный, не напряжный, атмосферный. Веду как ламповые вечера от 8 человек, так и крупные бизнес форумы на 3000 человек. Всегда стараюсь наполнить вечер чем-то особенным, эксклюзивным. Языки ведения: Русский, Английский Крупные проекты, в которых был ведущим:Sakura Fondo Championship (Международная велогонка), Aoi Mix Event Almaty (международный конкурс по перманентному макияжу), NEXT MBA (3000 чел), Halloween и Новый год и Юбилей компании RideKaze(1000+ человек), Выпускной ReDawn 2.0 (Наруто Удзумаки, Тандзиро Камадо, Гон Фрикс), DemonWing jump&freez, DemonWing king of the rock, DemonWing Neymar’s five, Ryo Finance Day (400+ человек), TechnoLeaf partners day, Hoshi workshop Antalya, Hoshi workshop Sharm el sheikh, Наурыз в Маями (Флорида) 600+ человек"
HK-80581,Санджи Виндсмок,Ведущий,Астана,False,False,800000,False,свадьба|той|корпоратив|юбилей,русский|казахский,8,2026-09-25|2026-09-27|2026-10-02|2026-10-04|2026-10-07|2026-10-09|2026-10-10|2026-10-11|2026-10-13|2026-10-14|2026-10-16|2026-10-17|2026-10-18|2026-10-25|2026-10-26|2026-10-28|2026-10-29|2026-11-03|2026-11-08|2026-11-09|2026-11-13|2026-11-15|2026-11-16|2026-11-17|2026-11-20|2026-11-21|2026-11-25|2026-11-26|2026-11-27|2026-11-28|2026-11-29|2026-12-03|2026-12-04|2026-12-06|2026-12-11|2026-12-12|2026-12-14|2026-12-15|2026-12-16|2026-12-17|2026-12-18|2026-12-19|2026-12-20|2026-12-21|2026-12-23|2026-12-24|2026-12-25|2026-12-26|2026-12-27|2026-12-28|2026-12-29|2026-12-30|2026-12-31|2027-01-01|2027-01-02|2027-01-07|2027-01-18|2027-01-25|2027-01-28|2027-02-01|2027-02-02|2027-02-03|2027-02-07|2027-02-08|2027-02-18|2027-02-23|2027-02-27|2027-03-04|2027-03-05|2027-03-07|2027-03-08|2027-03-09|2027-03-13|2027-03-14|2027-03-16|2027-03-17|2027-03-20|2027-03-21|2027-03-22|2027-03-23|2027-03-30|2027-04-02|2027-04-03|2027-04-04|2027-04-11|2027-04-12|2027-04-15|2027-04-17|2027-04-20|2027-04-24|2027-04-25|2027-04-27|2027-04-28|2027-04-30|2027-05-01|2027-05-05|2027-05-08|2027-05-14|2027-05-15|2027-05-16|2027-05-17|2027-05-18|2027-05-20|2027-05-22|2027-05-25|2027-06-02|2027-06-04|2027-06-05|2027-06-07|2027-06-09|2027-06-10|2027-06-11|2027-06-12|2027-06-13|2027-06-16|2027-06-18|2027-06-19|2027-06-20|2027-06-21|2027-06-26|2027-06-27|2027-06-29|2027-07-03|2027-07-04|2027-07-05|2027-07-06|2027-07-09|2027-07-10|2027-07-11|2027-07-12|2027-07-17|2027-07-18|2027-07-20|2027-07-25|2027-07-27|2027-07-29|2027-07-31|2027-08-01|2027-08-02|2027-08-03|2027-08-06|2027-08-07|2027-08-08|2027-08-09|2027-08-11|2027-08-13|2027-08-14|2027-08-15|2027-08-16|2027-08-17|2027-08-18|2027-08-19|2027-08-20|2027-08-21|2027-08-22|2027-08-23|2027-08-24|2027-08-27|2027-08-28|2027-08-29|2027-08-30|2027-09-02|2027-09-03|2027-09-04|2027-09-05|2027-09-08|2027-09-10|2027-09-11|2027-09-12|2027-09-13|2027-09-15|2027-09-16|2027-09-18|2027-09-19|2027-09-20|2027-09-21|2027-09-22,"Коротко обо мне: •Веду разно форматные мероприятия для тех кто ценит стиль, комфорт, персональный и креативный подход •Вхожу в Топ лучших ведущих Казахстана по версии AniWed KZ •Резидент клуба импровизаторов Improv Konoha •Обладаю приятным тембром голоса и владею вокалом •без вредных привычек, телосложение спортивное •Женат. Есть двое детей… опыт управления хаосом — профессиональный! •Благодаря своему опыту могу найти общий язык практически с любой публикой •В арсенале большое количество проведенных событий, для людей различного рода деятельности и статуса: от блогеров миллионников до политических деятелей первой величины, от фрилансеров-ремесленников до бизнесменов ультра-класса."
HK-88430,Куррапика,Ведущий,Алматы,False,False,500000,False,корпоратив|конференция|юбилей,русский,6,2026-09-23|2026-09-24|2026-09-25|2026-09-27|2026-10-02|2026-10-04|2026-10-08|2026-10-11|2026-10-15|2026-10-17|2026-10-18|2026-10-19|2026-10-20|2026-10-23|2026-10-27|2026-10-28|2026-10-29|2026-10-31|2026-11-01|2026-11-02|2026-11-05|2026-11-06|2026-11-08|2026-11-11|2026-11-12|2026-11-13|2026-11-14|2026-11-16|2026-11-18|2026-11-20|2026-11-26|2026-11-28|2026-12-01|2026-12-02|2026-12-03|2026-12-04|2026-12-05|2026-12-06|2026-12-07|2026-12-10|2026-12-11|2026-12-12|2026-12-13|2026-12-14|2026-12-16|2026-12-18|2026-12-19|2026-12-20|2026-12-21|2026-12-23|2026-12-24|2026-12-26|2026-12-27|2026-12-28|2026-12-30|2026-12-31|2027-01-01|2027-01-05|2027-01-06|2027-01-11|2027-01-13|2027-01-26|2027-02-02|2027-02-03|2027-02-05|2027-02-08|2027-02-10|2027-02-11|2027-02-14|2027-02-15|2027-02-18|2027-02-19|2027-02-23|2027-02-26|2027-02-28|2027-03-02|2027-03-04|2027-03-05|2027-03-07|2027-03-08|2027-03-09|2027-03-12|2027-03-13|2027-03-15|2027-03-17|2027-03-18|2027-03-19|2027-03-20|2027-03-21|2027-03-22|2027-03-23|2027-03-24|2027-03-29|2027-03-31|2027-04-01|2027-04-04|2027-04-05|2027-04-07|2027-04-08|2027-04-12|2027-04-14|2027-04-15|2027-04-18|2027-04-21|2027-04-23|2027-04-26|2027-05-01|2027-05-02|2027-05-05|2027-05-15|2027-05-17|2027-05-18|2027-05-19|2027-05-26|2027-05-28|2027-06-01|2027-06-08|2027-06-09|2027-06-11|2027-06-13|2027-06-15|2027-06-17|2027-06-22|2027-06-29|2027-07-02|2027-07-03|2027-07-08|2027-07-10|2027-07-15|2027-07-16|2027-07-20|2027-08-02|2027-08-12|2027-08-17|2027-08-19|2027-08-20|2027-09-04|2027-09-07|2027-09-08|2027-09-10|2027-09-16|2027-09-17|2027-09-19|2027-09-21,"Я, Куррапика — профессиональный ведущий мероприятий с современным подходом и тонким чувством аудитории. Обладаю харизмой, грамотной речью и умею создавать живую, динамичную атмосферу на любом событии. Специализируюсь на проведении корпоративных мероприятий, торжеств и деловых встреч. Уверенно удерживаю внимание гостей, чувствую настроение зала и легко адаптируюсь под формат и уровень события. Мой стиль — это сочетание интеллигентного юмора, четкой организации и высокого уровня ответственности. Мне доверяют проведение самых важных и значимых мероприятий."
HK-58385,Крилин,Ведущий,Астана,False,False,700000,False,корпоратив|день рождения|юбилей,русский,6,2026-09-27|2026-09-29|2026-09-30|2026-10-02|2026-10-03|2026-10-09|2026-10-10|2026-10-14|2026-10-15|2026-10-16|2026-10-17|2026-10-24|2026-10-26|2026-10-31|2026-11-03|2026-11-06|2026-11-07|2026-11-09|2026-11-13|2026-11-14|2026-11-19|2026-11-20|2026-11-22|2026-11-23|2026-11-25|2026-11-28|2026-12-01|2026-12-03|2026-12-04|2026-12-05|2026-12-06|2026-12-07|2026-12-08|2026-12-09|2026-12-10|2026-12-11|2026-12-12|2026-12-14|2026-12-15|2026-12-16|2026-12-18|2026-12-20|2026-12-21|2026-12-22|2026-12-24|2026-12-25|2026-12-26|2026-12-29|2026-12-30|2026-12-31|2027-01-01|2027-01-06|2027-01-08|2027-01-10|2027-01-25|2027-01-28|2027-01-29|2027-02-05|2027-02-12|2027-02-13|2027-02-15|2027-02-16|2027-02-20|2027-02-24|2027-02-25|2027-02-28|2027-03-01|2027-03-02|2027-03-05|2027-03-08|2027-03-15|2027-03-17|2027-03-19|2027-03-20|2027-03-23|2027-04-03|2027-04-05|2027-04-12|2027-04-20|2027-04-22|2027-04-23|2027-04-27|2027-04-30|2027-05-03|2027-05-05|2027-05-06|2027-05-15|2027-05-17|2027-05-25|2027-05-30|2027-05-31|2027-06-01|2027-06-02|2027-06-07|2027-06-08|2027-06-09|2027-06-14|2027-06-20|2027-06-21|2027-06-22|2027-06-23|2027-06-29|2027-07-01|2027-07-06|2027-07-10|2027-07-27|2027-08-01|2027-08-03|2027-08-12|2027-08-18|2027-08-30|2027-09-02|2027-09-03|2027-09-04|2027-09-06|2027-09-08|2027-09-10|2027-09-14|2027-09-15|2027-09-17,"Крилин — ведущий, который превращает мероприятие в живое шоу. Финалист лиги AniHumor 2016 (студийный конкурс юмора), двухкратный победитель «Шоу Ghibli Импровизация», обладатель премии «Прорыв года 2025» и ТОП-6 лучших ведущих Казахстана по версии AniWed KZ, а также резидент творческого объединения SakuraLab. Его стиль — это энергия сцены, интеллектуальный юмор и мощная импровизация. Без шаблонов и банальных конкурсов — креативный подход , живой диалог с гостями, настоящие эмоции и атмосфера, в которой каждый человек в зале становится частью происходящего. Крилин тонко чувствует аудиторию и управляет динамикой вечера, легко объединяя разные поколения гостей. Даже самые скромные начинают улыбаться, участвовать и вовлекаться в праздник. Яркая харизма, лёгкая дерзость и современный формат ведения превращают каждое мероприятие не просто в программу, а в эмоциональный опыт, который гости вспоминают ещё долго после окончания вечера. Именно поэтому события с Крилином запоминаются не только сценарием, но и настоящими эмоциями людей. Если вам нужен тихий, формальный вечер — возможно, мы не подойдём друг другу. Но если вы хотите событие, которое гости будут вспоминать годами — вам нужен Крилин."
HK-42352,Эмилия,Ведущий,Алматы,False,False,900000,True,свадьба|той,русский|казахский,10,2026-09-24|2026-09-26|2026-10-02|2026-10-03|2026-10-04|2026-10-08|2026-10-10|2026-10-12|2026-10-16|2026-10-18|2026-10-21|2026-10-27|2026-10-30|2026-11-01|2026-11-08|2026-11-09|2026-11-10|2026-11-11|2026-11-17|2026-11-20|2026-11-21|2026-11-22|2026-11-23|2026-11-25|2026-11-26|2026-12-03|2026-12-04|2026-12-05|2026-12-06|2026-12-07|2026-12-09|2026-12-10|2026-12-11|2026-12-13|2026-12-15|2026-12-17|2026-12-18|2026-12-19|2026-12-21|2026-12-22|2026-12-23|2026-12-24|2026-12-25|2026-12-26|2026-12-28|2026-12-29|2026-12-30|2027-01-01|2027-01-02|2027-01-03|2027-01-05|2027-01-09|2027-01-18|2027-01-28|2027-01-29|2027-02-03|2027-02-08|2027-02-10|2027-02-11|2027-02-12|2027-02-14|2027-02-18|2027-02-20|2027-02-23|2027-02-24|2027-02-25|2027-02-27|2027-03-01|2027-03-06|2027-03-08|2027-03-13|2027-03-15|2027-03-20|2027-03-21|2027-03-23|2027-03-31|2027-04-06|2027-04-09|2027-04-13|2027-04-14|2027-04-16|2027-04-20|2027-04-29|2027-05-01|2027-05-02|2027-05-05|2027-05-06|2027-05-07|2027-05-13|2027-05-16|2027-05-17|2027-05-22|2027-05-23|2027-05-24|2027-05-26|2027-05-29|2027-05-30|2027-06-02|2027-06-04|2027-06-05|2027-06-07|2027-06-08|2027-06-09|2027-06-10|2027-06-11|2027-06-12|2027-06-13|2027-06-15|2027-06-18|2027-06-20|2027-06-21|2027-06-22|2027-06-24|2027-06-25|2027-06-28|2027-07-01|2027-07-02|2027-07-03|2027-07-05|2027-07-06|2027-07-07|2027-07-09|2027-07-10|2027-07-11|2027-07-12|2027-07-18|2027-07-20|2027-07-22|2027-07-23|2027-07-24|2027-08-01|2027-08-02|2027-08-03|2027-08-04|2027-08-08|2027-08-09|2027-08-13|2027-08-14|2027-08-15|2027-08-17|2027-08-18|2027-08-19|2027-08-20|2027-08-21|2027-08-23|2027-08-25|2027-08-27|2027-08-28|2027-08-29|2027-08-30|2027-08-31|2027-09-01|2027-09-03|2027-09-04|2027-09-05|2027-09-06|2027-09-07|2027-09-08|2027-09-11|2027-09-12|2027-09-14|2027-09-15|2027-09-16|2027-09-18|2027-09-19|2027-09-20,"Опыт ведения свадеб 13 лет Вел свадьбы в Алматы, Москве, Дубае, Бодруме, Ташкенте Статистика: 356 свадеб, 0 разводов К каждой свадьбе мы с командой подходим ответственно, изучаем пару, гостей и делаем все, чтобы этот день запомнился всем на всю жизнь."
HK-37181,Нами,Ведущий,Астана,False,False,800000,False,корпоратив|конференция|свадьба|юбилей,русский|казахский,8,2026-09-24|2026-09-25|2026-09-26|2026-10-02|2026-10-05|2026-10-06|2026-10-09|2026-10-10|2026-10-11|2026-10-12|2026-10-13|2026-10-17|2026-10-19|2026-10-22|2026-10-24|2026-10-25|2026-10-26|2026-10-27|2026-10-29|2026-10-31|2026-11-02|2026-11-03|2026-11-04|2026-11-08|2026-11-11|2026-11-13|2026-11-17|2026-11-20|2026-11-22|2026-11-23|2026-11-24|2026-11-25|2026-11-26|2026-11-29|2026-12-01|2026-12-02|2026-12-04|2026-12-05|2026-12-06|2026-12-07|2026-12-08|2026-12-09|2026-12-14|2026-12-16|2026-12-17|2026-12-18|2026-12-21|2026-12-22|2026-12-23|2026-12-24|2026-12-25|2026-12-26|2026-12-27|2026-12-29|2026-12-30|2026-12-31|2027-01-01|2027-01-08|2027-01-12|2027-01-16|2027-01-17|2027-01-23|2027-01-24|2027-01-26|2027-01-27|2027-01-30|2027-02-12|2027-02-13|2027-02-14|2027-02-20|2027-02-24|2027-02-26|2027-02-27|2027-02-28|2027-03-01|2027-03-04|2027-03-06|2027-03-07|2027-03-08|2027-03-10|2027-03-11|2027-03-12|2027-03-17|2027-03-19|2027-03-20|2027-03-21|2027-03-22|2027-03-23|2027-03-24|2027-03-25|2027-03-31|2027-04-05|2027-04-07|2027-04-08|2027-04-09|2027-04-10|2027-04-14|2027-04-15|2027-04-19|2027-04-21|2027-04-26|2027-05-01|2027-05-04|2027-05-06|2027-05-08|2027-05-09|2027-05-12|2027-05-14|2027-05-15|2027-05-16|2027-05-17|2027-05-23|2027-05-24|2027-05-25|2027-05-27|2027-05-29|2027-05-30|2027-05-31|2027-06-01|2027-06-02|2027-06-04|2027-06-05|2027-06-06|2027-06-09|2027-06-10|2027-06-11|2027-06-12|2027-06-13|2027-06-14|2027-06-16|2027-06-17|2027-06-18|2027-06-19|2027-06-21|2027-06-25|2027-06-26|2027-06-27|2027-06-30|2027-07-01|2027-07-02|2027-07-03|2027-07-04|2027-07-05|2027-07-06|2027-07-07|2027-07-08|2027-07-09|2027-07-10|2027-07-11|2027-07-14|2027-07-15|2027-07-16|2027-07-17|2027-07-18|2027-07-19|2027-07-20|2027-07-21|2027-07-22|2027-07-23|2027-07-24|2027-07-25|2027-07-26|2027-07-30|2027-08-01|2027-08-03|2027-08-05|2027-08-06|2027-08-07|2027-08-08|2027-08-09|2027-08-10|2027-08-12|2027-08-13|2027-08-14|2027-08-15|2027-08-16|2027-08-19|2027-08-20|2027-08-21|2027-08-22|2027-08-23|2027-08-24|2027-08-27|2027-08-28|2027-08-29|2027-09-05|2027-09-07|2027-09-09|2027-09-11|2027-09-12|2027-09-13|2027-09-15|2027-09-16|2027-09-17|2027-09-18|2027-09-19|2027-09-21,"«ДОРОГУ ОСИЛИТ ИДУЩИЙ, А ПРОВОДЫ ОСИЛИТ ВЕДУЩИЙ!» ВСЕМ ПРИВЕТ! МЕНЯ ЗОВУТ НАМИ…., И ДА, ЭТО МОЕ НАСТОЯЩЕЕ ОТЧЕСТВО – НИКОЛАЕВИЧ! ВЕДУ МЕРОПРИЯТИЯ УЖЕ БОЛЕЕ 15 ЛЕТ. ОСНОВНЫЕ СТИЛИ ВЕДЕНИЯ МЕРОПРИЯТИЙ – ДИНАМИКА, ИМПРОВИЗАЦИЯ, ИНТЕРАКТИВЫ. Я НЕ ШУЧУ НАД ЧЕЛОВЕКОМ, Я ШУЧУ ВОКРУГ ЧЕЛОВЕКА ПРОВОДИЛ ЗАКРЫТЫЕ И ОТКРЫТЫЕ ИВЕНТЫ, С УЧАСТИЕМ ПЕРВЫХ ЛИЦ ГОСУДАРСТВА. СТАРАЮСЬ К КАЖДОМУ МЕРОПРИЯТИЮ ПОДХОДИТЬ С АВТОРСКИМ СЦЕНАРИЕМ И АДРЕСНЫМИ КОНКУРСАМИ. ЛЮБИМОЕ ВЫРАЖЕНИЕ — «ДЕРЖИТЕ НОГИ В ТЕПЛЕ, А ГОЛОВУ В ПОЗИТИВЕ!»"
HK-26808,Идзуку Мидория,Ведущий,Астана,False,False,600000,True,свадьба|той|юбилей,русский|казахский,8,2026-09-24|2026-09-25|2026-09-26|2026-09-27|2026-09-28|2026-09-30|2026-10-01|2026-10-02|2026-10-04|2026-10-09|2026-10-15|2026-10-16|2026-10-17|2026-10-21|2026-10-23|2026-10-24|2026-10-30|2026-10-31|2026-11-04|2026-11-05|2026-11-06|2026-11-07|2026-11-10|2026-11-11|2026-11-13|2026-11-17|2026-11-20|2026-11-22|2026-11-23|2026-11-24|2026-11-29|2026-11-30|2026-12-01|2026-12-03|2026-12-05|2026-12-09|2026-12-10|2026-12-11|2026-12-12|2026-12-13|2026-12-15|2026-12-16|2026-12-17|2026-12-18|2026-12-19|2026-12-20|2026-12-21|2026-12-22|2026-12-24|2026-12-25|2026-12-28|2026-12-29|2026-12-30|2026-12-31|2027-01-05|2027-01-08|2027-01-12|2027-01-16|2027-01-20|2027-01-22|2027-01-25|2027-01-30|2027-01-31|2027-02-01|2027-02-04|2027-02-05|2027-02-10|2027-02-14|2027-02-21|2027-02-26|2027-02-28|2027-03-06|2027-03-07|2027-03-08|2027-03-10|2027-03-12|2027-03-13|2027-03-15|2027-03-19|2027-03-21|2027-03-22|2027-03-23|2027-03-24|2027-03-25|2027-03-26|2027-03-28|2027-04-10|2027-04-13|2027-04-18|2027-04-23|2027-04-25|2027-04-27|2027-04-29|2027-05-01|2027-05-03|2027-05-06|2027-05-09|2027-05-10|2027-05-11|2027-05-12|2027-05-14|2027-05-15|2027-05-16|2027-05-19|2027-05-21|2027-05-22|2027-05-23|2027-05-26|2027-05-29|2027-05-30|2027-06-02|2027-06-04|2027-06-05|2027-06-06|2027-06-09|2027-06-10|2027-06-12|2027-06-13|2027-06-14|2027-06-16|2027-06-18|2027-06-19|2027-06-20|2027-06-22|2027-06-23|2027-06-25|2027-06-27|2027-07-02|2027-07-03|2027-07-04|2027-07-06|2027-07-12|2027-07-13|2027-07-16|2027-07-18|2027-07-19|2027-07-21|2027-07-23|2027-07-24|2027-07-25|2027-07-31|2027-08-01|2027-08-02|2027-08-06|2027-08-07|2027-08-08|2027-08-09|2027-08-13|2027-08-15|2027-08-16|2027-08-19|2027-08-20|2027-08-21|2027-08-22|2027-08-23|2027-08-24|2027-08-27|2027-08-28|2027-08-29|2027-08-30|2027-08-31|2027-09-04|2027-09-05|2027-09-07|2027-09-10|2027-09-11|2027-09-12|2027-09-14|2027-09-15|2027-09-18|2027-09-19|2027-09-20|2027-09-21|2027-09-22,Финалист премии AniWed Awards KZ ’23 Резидент авторской группы «SakuraLab» Ведущий проекта «3 Момо» Организатор и ведущий интенсива «AniWed Pro» Участник международной конференции «AnimeTime» Сценарист команды КВН Высшей лиги Резидент и основатель клуба «Ghibli Stand-Up» Отец самой красивой девочки на свете
HK-76268,Сацуки Кусакабэ,Фотограф,Алматы,False,False,200000,False,свадьба|той,русский,10,2026-09-23|2026-09-25|2026-09-27|2026-09-29|2026-10-01|2026-10-02|2026-10-03|2026-10-04|2026-10-05|2026-10-06|2026-10-08|2026-10-10|2026-10-13|2026-10-17|2026-10-20|2026-10-24|2026-10-27|2026-10-31|2026-11-01|2026-11-02|2026-11-03|2026-11-06|2026-11-07|2026-11-08|2026-11-13|2026-11-15|2026-11-17|2026-11-21|2026-11-23|2026-11-25|2026-11-29|2026-11-30|2026-12-01|2026-12-02|2026-12-03|2026-12-05|2026-12-06|2026-12-08|2026-12-09|2026-12-11|2026-12-13|2026-12-14|2026-12-15|2026-12-16|2026-12-17|2026-12-18|2026-12-19|2026-12-20|2026-12-21|2026-12-22|2026-12-23|2026-12-24|2026-12-25|2026-12-27|2026-12-28|2026-12-29|2026-12-30|2027-01-01|2027-01-02|2027-01-03|2027-01-06|2027-01-09|2027-01-13|2027-01-16|2027-01-17|2027-01-18|2027-01-23|2027-01-26|2027-01-27|2027-02-08|2027-02-14|2027-02-17|2027-02-26|2027-02-27|2027-03-01|2027-03-06|2027-03-07|2027-03-08|2027-03-09|2027-03-10|2027-03-11|2027-03-13|2027-03-17|2027-03-20|2027-03-21|2027-03-22|2027-03-25|2027-03-28|2027-03-29|2027-03-31|2027-04-01|2027-04-04|2027-04-05|2027-04-07|2027-04-09|2027-04-10|2027-04-14|2027-04-18|2027-04-19|2027-04-25|2027-04-26|2027-04-27|2027-05-01|2027-05-02|2027-05-03|2027-05-04|2027-05-06|2027-05-08|2027-05-09|2027-05-11|2027-05-12|2027-05-15|2027-05-16|2027-05-19|2027-05-22|2027-05-23|2027-05-24|2027-05-26|2027-05-29|2027-05-31|2027-06-01|2027-06-03|2027-06-04|2027-06-06|2027-06-07|2027-06-11|2027-06-12|2027-06-13|2027-06-15|2027-06-17|2027-06-18|2027-06-19|2027-06-20|2027-06-22|2027-06-25|2027-06-26|2027-06-27|2027-06-30|2027-07-01|2027-07-02|2027-07-03|2027-07-06|2027-07-09|2027-07-10|2027-07-11|2027-07-13|2027-07-15|2027-07-16|2027-07-17|2027-07-18|2027-07-22|2027-07-23|2027-07-24|2027-07-25|2027-07-26|2027-07-29|2027-07-31|2027-08-01|2027-08-02|2027-08-05|2027-08-06|2027-08-07|2027-08-08|2027-08-09|2027-08-10|2027-08-13|2027-08-14|2027-08-15|2027-08-16|2027-08-18|2027-08-19|2027-08-20|2027-08-21|2027-08-22|2027-08-23|2027-08-24|2027-08-26|2027-08-27|2027-08-28|2027-08-29|2027-08-31|2027-09-01|2027-09-02|2027-09-05|2027-09-07|2027-09-08|2027-09-09|2027-09-11|2027-09-12|2027-09-19|2027-09-20,"Привет! Я Сацуки Кусакабэ — свадебный фотограф. Снимаю в Алмате и Астане. Вхожу в топ 5 Алматы по версии AniWed Rating. Люблю живые кадры, настоящие улыбки и моменты, которые невозможно повторить."
HK-10990,Тодороки Шото,Видеограф,Астана,False,False,400000,False,свадьба,русский|английский,12,2026-09-23|2026-09-28|2026-09-29|2026-10-05|2026-10-07|2026-10-08|2026-10-16|2026-10-17|2026-10-24|2026-10-27|2026-10-29|2026-11-07|2026-11-08|2026-11-09|2026-11-10|2026-11-11|2026-11-14|2026-11-15|2026-11-19|2026-11-25|2026-11-27|2026-11-28|2026-12-01|2026-12-03|2026-12-06|2026-12-07|2026-12-09|2026-12-10|2026-12-11|2026-12-13|2026-12-15|2026-12-16|2026-12-17|2026-12-18|2026-12-19|2026-12-20|2026-12-21|2026-12-22|2026-12-24|2026-12-25|2026-12-26|2026-12-28|2026-12-30|2026-12-31|2027-01-04|2027-01-08|2027-01-10|2027-01-13|2027-01-14|2027-01-15|2027-01-25|2027-02-02|2027-02-09|2027-02-16|2027-02-17|2027-02-18|2027-02-27|2027-03-02|2027-03-07|2027-03-19|2027-03-21|2027-03-23|2027-03-26|2027-03-28|2027-03-30|2027-03-31|2027-04-01|2027-04-02|2027-04-05|2027-04-11|2027-04-14|2027-04-17|2027-04-23|2027-04-27|2027-05-01|2027-05-04|2027-05-10|2027-05-13|2027-05-17|2027-05-22|2027-05-23|2027-05-28|2027-06-03|2027-06-05|2027-06-06|2027-06-12|2027-06-13|2027-06-14|2027-06-18|2027-06-20|2027-06-24|2027-06-26|2027-06-27|2027-06-28|2027-07-01|2027-07-03|2027-07-04|2027-07-05|2027-07-06|2027-07-08|2027-07-09|2027-07-11|2027-07-12|2027-07-14|2027-07-15|2027-07-16|2027-07-18|2027-07-21|2027-07-23|2027-07-25|2027-07-29|2027-07-30|2027-08-02|2027-08-07|2027-08-08|2027-08-11|2027-08-15|2027-08-17|2027-08-18|2027-08-21|2027-08-24|2027-08-28|2027-08-30|2027-08-31|2027-09-02|2027-09-04|2027-09-05|2027-09-06|2027-09-09|2027-09-12|2027-09-14|2027-09-17|2027-09-19|2027-09-20,"TODOROKI SHOTO WEDDING VIDEOGRAPHER -colorist of the year 2025 🏆 Считаю себя счастливым человеком, так как любимое занятие стало делом моей жизни. Больше всего в съёмке я ценю слаженную работу в команде, где все ориентированы на качественный результат, полностью отдаваясь процессу. А качественным результатом считаю благодарные отзывы моих пар и собственное удовлетворение от проделанной работы."
HK-61323,Тэммари Собаку,Фотограф,Астана,False,False,250000,True,свадьба|той,русский|казахский,12,2026-09-27|2026-09-28|2026-09-30|2026-10-04|2026-10-06|2026-10-11|2026-10-13|2026-10-14|2026-10-16|2026-10-17|2026-10-19|2026-10-23|2026-10-25|2026-10-26|2026-11-01|2026-11-03|2026-11-05|2026-11-15|2026-11-16|2026-11-20|2026-11-21|2026-11-23|2026-11-27|2026-11-28|2026-11-29|2026-12-02|2026-12-03|2026-12-05|2026-12-06|2026-12-07|2026-12-08|2026-12-09|2026-12-10|2026-12-11|2026-12-12|2026-12-14|2026-12-16|2026-12-17|2026-12-18|2026-12-19|2026-12-20|2026-12-21|2026-12-22|2026-12-26|2026-12-27|2026-12-28|2026-12-29|2027-01-02|2027-01-11|2027-01-17|2027-01-22|2027-01-25|2027-01-29|2027-01-31|2027-02-07|2027-02-08|2027-02-13|2027-02-14|2027-02-15|2027-02-17|2027-02-20|2027-03-01|2027-03-05|2027-03-06|2027-03-08|2027-03-10|2027-03-14|2027-03-15|2027-03-19|2027-03-22|2027-03-23|2027-03-24|2027-03-25|2027-03-29|2027-04-02|2027-04-03|2027-04-07|2027-04-08|2027-04-11|2027-04-17|2027-04-18|2027-04-27|2027-04-28|2027-04-30|2027-05-01|2027-05-06|2027-05-07|2027-05-08|2027-05-09|2027-05-15|2027-05-16|2027-05-20|2027-05-22|2027-05-25|2027-05-26|2027-05-29|2027-06-02|2027-06-03|2027-06-04|2027-06-06|2027-06-08|2027-06-09|2027-06-10|2027-06-11|2027-06-12|2027-06-16|2027-06-17|2027-06-18|2027-06-19|2027-06-20|2027-06-21|2027-06-28|2027-06-29|2027-06-30|2027-07-03|2027-07-06|2027-07-07|2027-07-09|2027-07-10|2027-07-13|2027-07-16|2027-07-17|2027-07-18|2027-07-23|2027-07-24|2027-07-27|2027-07-30|2027-08-01|2027-08-02|2027-08-03|2027-08-04|2027-08-05|2027-08-07|2027-08-08|2027-08-09|2027-08-10|2027-08-13|2027-08-14|2027-08-16|2027-08-20|2027-08-22|2027-08-24|2027-08-25|2027-08-26|2027-08-27|2027-08-28|2027-08-29|2027-09-02|2027-09-04|2027-09-08|2027-09-12|2027-09-15|2027-09-19|2027-09-20|2027-09-22,"Приветствую меня зовут Тэммари Собаку. Я свадебный фотограф. Последние годы больше внимание уделяю таким жанрам, как свадебный фотожурнализм, документально — свадебный фотожурнализм. При слиянии этих жанров создаются уникальные и волнующие фотографии для каждой пары . Молодожёнам предлагаю их особенную историю и стараюсь сохранить самые искренние эмоции. Если у вас нет опыта в сьемках , я научу, как свободно чувствовать себя перед камерой и получить удовольствие от съемки. С моим видением подчеркну вашу творческую способность . Я гарантирую креативность и индивидуальность , потому как занимаюсь любимым делом. Креативность и индивидуальность — важные аспекты моем любимом деле."
HK-74914,Киллуа Золдик,Видеограф,Астана,False,False,300000,False,свадьба|той,русский|казахский,12,2026-09-23|2026-09-25|2026-09-26|2026-09-28|2026-09-30|2026-10-02|2026-10-06|2026-10-07|2026-10-09|2026-10-11|2026-10-15|2026-10-16|2026-10-17|2026-10-18|2026-10-19|2026-10-23|2026-10-24|2026-10-25|2026-10-27|2026-10-28|2026-11-01|2026-11-02|2026-11-03|2026-11-05|2026-11-07|2026-11-08|2026-11-09|2026-11-12|2026-11-14|2026-11-15|2026-11-17|2026-11-28|2026-11-29|2026-11-30|2026-12-01|2026-12-02|2026-12-03|2026-12-04|2026-12-05|2026-12-06|2026-12-08|2026-12-09|2026-12-10|2026-12-12|2026-12-13|2026-12-14|2026-12-15|2026-12-18|2026-12-20|2026-12-21|2026-12-24|2026-12-25|2026-12-28|2026-12-29|2026-12-30|2026-12-31|2027-01-02|2027-01-05|2027-01-06|2027-01-08|2027-01-09|2027-01-10|2027-01-15|2027-01-21|2027-01-23|2027-01-24|2027-01-26|2027-01-28|2027-02-02|2027-02-06|2027-02-07|2027-02-08|2027-02-12|2027-02-13|2027-02-18|2027-03-03|2027-03-06|2027-03-07|2027-03-08|2027-03-13|2027-03-14|2027-03-17|2027-03-18|2027-03-20|2027-03-21|2027-03-22|2027-03-23|2027-03-25|2027-03-26|2027-03-29|2027-03-31|2027-04-01|2027-04-03|2027-04-04|2027-04-05|2027-04-06|2027-04-11|2027-04-14|2027-04-17|2027-04-19|2027-04-20|2027-04-25|2027-04-26|2027-04-27|2027-04-30|2027-05-01|2027-05-04|2027-05-06|2027-05-07|2027-05-08|2027-05-09|2027-05-13|2027-05-14|2027-05-15|2027-05-16|2027-05-18|2027-05-19|2027-05-20|2027-05-23|2027-05-29|2027-05-30|2027-06-01|2027-06-04|2027-06-05|2027-06-06|2027-06-12|2027-06-13|2027-06-14|2027-06-16|2027-06-17|2027-06-18|2027-06-19|2027-06-20|2027-06-22|2027-06-23|2027-06-25|2027-06-26|2027-06-27|2027-07-01|2027-07-02|2027-07-03|2027-07-04|2027-07-05|2027-07-06|2027-07-09|2027-07-11|2027-07-12|2027-07-14|2027-07-15|2027-07-16|2027-07-17|2027-07-18|2027-07-22|2027-07-23|2027-07-24|2027-07-25|2027-07-26|2027-07-27|2027-07-28|2027-07-29|2027-07-31|2027-08-01|2027-08-02|2027-08-03|2027-08-07|2027-08-08|2027-08-13|2027-08-14|2027-08-15|2027-08-18|2027-08-19|2027-08-20|2027-08-21|2027-08-22|2027-08-25|2027-08-26|2027-08-27|2027-08-28|2027-08-30|2027-08-31|2027-09-03|2027-09-04|2027-09-05|2027-09-06|2027-09-07|2027-09-08|2027-09-11|2027-09-12|2027-09-13|2027-09-14|2027-09-15|2027-09-18|2027-09-19|2027-09-21|2027-09-22,Я свадебный видеограф из Астаны. Работаю по всему Казахстану. Снимаю с душой и ради удовольствия.
HK-30583,Леорио Паради,Фотограф,Алматы,False,False,350000,False,свадьба|корпоратив|конференция,русский|английский,8,2026-09-23|2026-09-27|2026-10-02|2026-10-03|2026-10-11|2026-10-15|2026-10-17|2026-10-22|2026-10-24|2026-10-25|2026-10-30|2026-11-01|2026-11-06|2026-11-07|2026-11-11|2026-11-14|2026-11-15|2026-11-16|2026-11-17|2026-11-21|2026-11-22|2026-11-24|2026-11-25|2026-12-03|2026-12-06|2026-12-09|2026-12-10|2026-12-11|2026-12-12|2026-12-13|2026-12-15|2026-12-16|2026-12-17|2026-12-18|2026-12-19|2026-12-20|2026-12-21|2026-12-22|2026-12-23|2026-12-24|2026-12-26|2026-12-27|2026-12-28|2026-12-29|2026-12-30|2026-12-31|2027-01-07|2027-01-08|2027-01-09|2027-01-10|2027-01-15|2027-01-16|2027-01-17|2027-01-18|2027-01-24|2027-02-01|2027-02-07|2027-02-20|2027-02-22|2027-02-24|2027-03-03|2027-03-07|2027-03-12|2027-03-13|2027-03-15|2027-03-20|2027-03-21|2027-03-23|2027-03-25|2027-03-28|2027-03-31|2027-04-02|2027-04-09|2027-04-12|2027-04-17|2027-04-21|2027-04-23|2027-04-24|2027-04-25|2027-04-27|2027-05-01|2027-05-06|2027-05-09|2027-05-10|2027-05-12|2027-05-15|2027-05-16|2027-05-18|2027-05-27|2027-05-28|2027-05-31|2027-06-04|2027-06-06|2027-06-07|2027-06-08|2027-06-11|2027-06-12|2027-06-13|2027-06-18|2027-06-19|2027-06-21|2027-06-25|2027-06-26|2027-06-28|2027-06-29|2027-07-02|2027-07-04|2027-07-05|2027-07-07|2027-07-10|2027-07-11|2027-07-12|2027-07-14|2027-07-15|2027-07-16|2027-07-18|2027-07-21|2027-07-23|2027-07-26|2027-07-29|2027-07-30|2027-07-31|2027-08-01|2027-08-03|2027-08-06|2027-08-07|2027-08-08|2027-08-09|2027-08-13|2027-08-14|2027-08-15|2027-08-19|2027-08-20|2027-08-21|2027-08-22|2027-08-26|2027-08-27|2027-08-28|2027-08-29|2027-08-31|2027-09-02|2027-09-03|2027-09-04|2027-09-05|2027-09-06|2027-09-07|2027-09-09|2027-09-11|2027-09-12|2027-09-16|2027-09-18|2027-09-19|2027-09-20|2027-09-22,"Всем привет. Меня зовут Леорио. Являюсь свадебным фотографом. Работаю в Алматы и по всему миру. Очень часто снимаю и в Астане. Эстетика, атмосфера, детали — это все про меня. География моих съемок: Франция(fashion week), Италия, Великобритания, Турция, Грузия, ОАЭ, Азербайджан и тд. Помимо свадеб снимаю и концерты, имею такие кейсы как: MC Kaze, Crimson Peas, Ray Nova, IL Sora, Sakura Sterling, Yumeko, Kaze Khalib, Tengri Bek, Baku Star, RiverSound, Aiyar Ray, Miras Hoshi. До встречи и на ваших меропориятиях! aniportfolio.kz"
HK-97737,Фэй Валентайн,Фотограф,Астана,False,False,200000,False,свадьба|день рождения|юбилей,русский,8,2026-09-24|2026-09-26|2026-09-28|2026-09-30|2026-10-06|2026-10-15|2026-10-16|2026-10-19|2026-10-21|2026-10-22|2026-10-27|2026-10-30|2026-11-03|2026-11-05|2026-11-06|2026-11-07|2026-11-18|2026-11-20|2026-11-21|2026-11-24|2026-11-27|2026-11-28|2026-12-01|2026-12-02|2026-12-05|2026-12-07|2026-12-08|2026-12-09|2026-12-11|2026-12-12|2026-12-13|2026-12-14|2026-12-15|2026-12-17|2026-12-18|2026-12-19|2026-12-20|2026-12-21|2026-12-23|2026-12-24|2026-12-25|2026-12-26|2026-12-27|2026-12-29|2026-12-30|2026-12-31|2027-01-01|2027-01-02|2027-01-03|2027-01-09|2027-01-15|2027-01-16|2027-01-18|2027-01-19|2027-01-25|2027-02-09|2027-02-16|2027-02-20|2027-02-21|2027-02-25|2027-03-06|2027-03-08|2027-03-10|2027-03-11|2027-03-20|2027-03-21|2027-03-22|2027-03-23|2027-03-28|2027-03-29|2027-04-01|2027-04-04|2027-04-06|2027-04-10|2027-04-18|2027-04-24|2027-04-25|2027-04-27|2027-04-28|2027-04-29|2027-05-02|2027-05-06|2027-05-07|2027-05-08|2027-05-12|2027-05-18|2027-05-20|2027-05-21|2027-05-22|2027-05-29|2027-05-30|2027-05-31|2027-06-03|2027-06-05|2027-06-06|2027-06-07|2027-06-09|2027-06-11|2027-06-12|2027-06-13|2027-06-14|2027-06-17|2027-06-18|2027-06-21|2027-06-22|2027-06-25|2027-06-27|2027-07-01|2027-07-02|2027-07-03|2027-07-04|2027-07-05|2027-07-06|2027-07-07|2027-07-13|2027-07-15|2027-07-16|2027-07-18|2027-07-22|2027-07-25|2027-07-27|2027-07-29|2027-07-31|2027-08-01|2027-08-02|2027-08-03|2027-08-04|2027-08-07|2027-08-08|2027-08-13|2027-08-14|2027-08-15|2027-08-21|2027-08-22|2027-08-23|2027-08-24|2027-08-25|2027-08-26|2027-08-28|2027-09-03|2027-09-18|2027-09-19|2027-09-21,"Я — свадебный профессиональный фотограф из Астаны. Снимаю с душой и вниманием к деталям, чтобы вы могли сохранить самые важные моменты своей жизни в кадре. Специализируюсь на свадебной и семейной съёмке, love story, мероприятиях и портретных фотосессиях. Работаю как в студии, так и на выездных локациях, создавая фотографии с живыми эмоциями и атмосферой. Каждая съёмка — это история, которую я помогаю вам рассказать. Индивидуальный подход, качественная обработка и комфортная съёмочная атмосфера — мой стандарт в работе. Готов обсудить ваши идеи и создать для вас красивые, искренние и запоминающиеся кадры."
HK-98562,Какаши Хатаке,Фотограф,Астана,False,False,200000,False,свадьба|юбилей,русский,10,2026-09-23|2026-09-25|2026-09-26|2026-09-27|2026-09-28|2026-09-30|2026-10-03|2026-10-08|2026-10-16|2026-10-29|2026-11-01|2026-11-02|2026-11-04|2026-11-05|2026-11-11|2026-11-14|2026-11-15|2026-11-18|2026-11-20|2026-11-26|2026-11-27|2026-12-02|2026-12-03|2026-12-04|2026-12-05|2026-12-06|2026-12-09|2026-12-10|2026-12-11|2026-12-12|2026-12-13|2026-12-14|2026-12-16|2026-12-18|2026-12-19|2026-12-20|2026-12-21|2026-12-23|2026-12-24|2026-12-25|2026-12-26|2026-12-27|2026-12-28|2026-12-29|2026-12-30|2027-01-01|2027-01-03|2027-01-07|2027-01-16|2027-01-20|2027-01-30|2027-02-05|2027-02-06|2027-02-07|2027-02-09|2027-02-11|2027-02-14|2027-02-16|2027-02-17|2027-02-24|2027-02-25|2027-03-01|2027-03-02|2027-03-03|2027-03-07|2027-03-08|2027-03-10|2027-03-19|2027-03-21|2027-03-24|2027-03-25|2027-04-02|2027-04-04|2027-04-08|2027-04-10|2027-04-11|2027-04-17|2027-04-18|2027-04-24|2027-05-01|2027-05-02|2027-05-06|2027-05-08|2027-05-09|2027-05-18|2027-05-21|2027-05-22|2027-05-23|2027-05-26|2027-05-27|2027-05-29|2027-05-30|2027-06-01|2027-06-02|2027-06-09|2027-06-13|2027-06-15|2027-06-16|2027-06-18|2027-06-19|2027-06-20|2027-06-25|2027-06-26|2027-06-27|2027-07-01|2027-07-02|2027-07-03|2027-07-04|2027-07-06|2027-07-10|2027-07-11|2027-07-13|2027-07-15|2027-07-16|2027-07-17|2027-07-19|2027-07-20|2027-07-23|2027-07-24|2027-07-25|2027-07-26|2027-07-27|2027-07-30|2027-07-31|2027-08-01|2027-08-02|2027-08-03|2027-08-06|2027-08-07|2027-08-08|2027-08-14|2027-08-15|2027-08-16|2027-08-17|2027-08-20|2027-08-21|2027-08-25|2027-08-26|2027-08-28|2027-08-29|2027-08-30|2027-08-31|2027-09-02|2027-09-03|2027-09-04|2027-09-05|2027-09-09|2027-09-10|2027-09-14|2027-09-18|2027-09-19,"Я — свадебный фотограф, который работает с эстетикой, эмоциями и деталями. Сняла более 80 мероприятий — от камерных мероприятий до масштабных свадеб. Для меня важно не просто «красиво», а чтобы через 10 лет вы открыли фотографии и снова почувствовали этот день. Я помогаю невестам выглядеть естественно и уверенно даже без модельного опыта — направляю, подсказываю позирование и создаю спокойную атмосферу в кадре. Люблю путешествовать и легко выезжаю на съёмки в другие города и страны. Каждая съёмка — это индивидуальный подход и внимание к истории пары."
HK-53108,Альфонс Элрик,Фотограф,Алматы,False,False,300000,True,свадьба|день рождения,русский|английский,6,2026-09-23|2026-09-24|2026-09-25|2026-09-27|2026-09-28|2026-10-04|2026-10-05|2026-10-07|2026-10-09|2026-10-11|2026-10-13|2026-10-14|2026-10-16|2026-10-22|2026-10-30|2026-10-31|2026-11-04|2026-11-08|2026-11-09|2026-11-11|2026-11-14|2026-11-15|2026-11-17|2026-11-18|2026-11-19|2026-11-22|2026-11-26|2026-11-28|2026-11-30|2026-12-03|2026-12-04|2026-12-05|2026-12-06|2026-12-07|2026-12-08|2026-12-09|2026-12-10|2026-12-12|2026-12-13|2026-12-14|2026-12-15|2026-12-16|2026-12-17|2026-12-19|2026-12-20|2026-12-21|2026-12-22|2026-12-24|2026-12-25|2026-12-26|2026-12-28|2026-12-29|2026-12-30|2027-01-01|2027-01-10|2027-01-12|2027-01-20|2027-01-22|2027-02-02|2027-02-04|2027-02-08|2027-02-13|2027-02-18|2027-02-27|2027-03-06|2027-03-07|2027-03-08|2027-03-09|2027-03-13|2027-03-17|2027-03-20|2027-03-21|2027-03-23|2027-03-24|2027-03-26|2027-03-30|2027-03-31|2027-04-02|2027-04-04|2027-04-07|2027-04-08|2027-04-14|2027-04-20|2027-04-26|2027-04-27|2027-04-29|2027-05-01|2027-05-02|2027-05-05|2027-05-08|2027-05-09|2027-05-12|2027-05-13|2027-05-15|2027-05-16|2027-05-18|2027-05-20|2027-05-22|2027-05-28|2027-05-30|2027-06-01|2027-06-02|2027-06-04|2027-06-05|2027-06-06|2027-06-07|2027-06-08|2027-06-09|2027-06-11|2027-06-12|2027-06-13|2027-06-14|2027-06-16|2027-06-17|2027-06-18|2027-06-19|2027-06-20|2027-06-24|2027-06-25|2027-06-26|2027-06-27|2027-06-28|2027-06-29|2027-07-02|2027-07-03|2027-07-04|2027-07-07|2027-07-08|2027-07-09|2027-07-10|2027-07-11|2027-07-12|2027-07-13|2027-07-14|2027-07-15|2027-07-16|2027-07-17|2027-07-18|2027-07-19|2027-07-20|2027-07-23|2027-07-24|2027-07-25|2027-07-27|2027-07-28|2027-07-29|2027-07-30|2027-07-31|2027-08-01|2027-08-02|2027-08-03|2027-08-04|2027-08-06|2027-08-07|2027-08-08|2027-08-09|2027-08-10|2027-08-11|2027-08-13|2027-08-14|2027-08-15|2027-08-16|2027-08-18|2027-08-19|2027-08-20|2027-08-24|2027-08-26|2027-08-27|2027-08-28|2027-08-29|2027-08-30|2027-09-02|2027-09-04|2027-09-05|2027-09-06|2027-09-07|2027-09-08|2027-09-09|2027-09-11|2027-09-12|2027-09-13|2027-09-18|2027-09-19|2027-09-20,"Меня зовут Альфонс Элрик. Я фотограф и уже около семи лет я ловлю моменты, которые обычно проходят незаметно. Я снимал в разных городах и странах — Париже, Дубае, Москве, Китае. Но география для меня не так важна, как чувства, свет и тишина внутри кадра."
HK-11484,Уинри Рокбелл,Декоратор,Алматы,False,False,2000000,False,свадьба|юбилей|корпоратив,русский|английский,,2026-09-25|2026-09-27|2026-10-04|2026-10-05|2026-10-12|2026-10-13|2026-10-16|2026-10-17|2026-10-18|2026-10-22|2026-10-23|2026-10-24|2026-10-25|2026-10-30|2026-11-01|2026-11-02|2026-11-03|2026-11-09|2026-11-10|2026-11-12|2026-11-13|2026-11-14|2026-11-15|2026-11-17|2026-11-19|2026-11-27|2026-11-29|2026-12-01|2026-12-02|2026-12-04|2026-12-07|2026-12-08|2026-12-09|2026-12-12|2026-12-13|2026-12-14|2026-12-16|2026-12-17|2026-12-18|2026-12-19|2026-12-20|2026-12-21|2026-12-22|2026-12-23|2026-12-25|2026-12-26|2026-12-28|2026-12-29|2026-12-30|2026-12-31|2027-01-02|2027-01-05|2027-01-08|2027-01-15|2027-01-17|2027-01-19|2027-01-23|2027-01-25|2027-01-27|2027-02-02|2027-02-05|2027-02-06|2027-02-09|2027-02-14|2027-02-17|2027-02-21|2027-02-26|2027-02-27|2027-03-02|2027-03-06|2027-03-08|2027-03-12|2027-03-13|2027-03-14|2027-03-15|2027-03-16|2027-03-19|2027-03-21|2027-03-22|2027-03-23|2027-03-24|2027-03-27|2027-03-28|2027-04-04|2027-04-06|2027-04-12|2027-04-16|2027-04-17|2027-04-19|2027-04-24|2027-04-25|2027-04-27|2027-04-28|2027-05-02|2027-05-09|2027-05-14|2027-05-15|2027-05-18|2027-05-19|2027-05-23|2027-05-24|2027-05-26|2027-05-28|2027-05-29|2027-06-03|2027-06-04|2027-06-05|2027-06-07|2027-06-11|2027-06-15|2027-06-16|2027-06-18|2027-06-19|2027-06-20|2027-06-24|2027-06-25|2027-06-26|2027-06-27|2027-06-28|2027-06-30|2027-07-02|2027-07-03|2027-07-06|2027-07-07|2027-07-09|2027-07-10|2027-07-11|2027-07-13|2027-07-14|2027-07-15|2027-07-16|2027-07-17|2027-07-18|2027-07-22|2027-07-25|2027-07-29|2027-07-30|2027-08-01|2027-08-02|2027-08-04|2027-08-06|2027-08-07|2027-08-08|2027-08-09|2027-08-13|2027-08-15|2027-08-17|2027-08-19|2027-08-21|2027-08-22|2027-08-27|2027-08-28|2027-08-29|2027-09-01|2027-09-04|2027-09-05|2027-09-07|2027-09-08|2027-09-09|2027-09-11|2027-09-15|2027-09-17|2027-09-18|2027-09-19|2027-09-20|2027-09-21,"Casa Yuki Lusso — студия авторского декора мероприятий. Более 5 лет создаём концепции свадеб, юбилеев и корпоративных событий премиум-уровня. Работаем под ключ: от идеи и эскиза до монтажа и финальной реализации. Каждый проект — индивидуальная концепция, отражающая стиль и статус клиента. Наш приоритет — эстетика, точность исполнения и вау-эффект. индивидуальные концепции под клиента авторские эскизы перед реализацией собственное производство конструкций работа под ключ без стресса для клиента опыт крупных проектов и масштабных площадок"
HK-97041,Тэнъя Иида,Ведущий,Астана,False,False,1000000,False,свадьба|той|корпоратив,казахский|русский,10,2026-09-24|2026-09-25|2026-09-26|2026-09-28|2026-09-30|2026-10-02|2026-10-07|2026-10-10|2026-10-11|2026-10-12|2026-10-14|2026-10-20|2026-10-21|2026-10-27|2026-10-28|2026-10-30|2026-10-31|2026-11-07|2026-11-08|2026-11-09|2026-11-12|2026-11-13|2026-11-16|2026-11-18|2026-11-24|2026-11-25|2026-11-27|2026-11-29|2026-11-30|2026-12-02|2026-12-03|2026-12-05|2026-12-06|2026-12-08|2026-12-10|2026-12-11|2026-12-12|2026-12-13|2026-12-14|2026-12-17|2026-12-18|2026-12-19|2026-12-20|2026-12-21|2026-12-22|2026-12-23|2026-12-24|2026-12-25|2026-12-26|2026-12-27|2026-12-28|2026-12-30|2026-12-31|2027-01-01|2027-01-02|2027-01-03|2027-01-04|2027-01-09|2027-01-10|2027-01-16|2027-01-28|2027-02-05|2027-02-06|2027-02-07|2027-02-08|2027-02-25|2027-03-03|2027-03-05|2027-03-06|2027-03-07|2027-03-08|2027-03-10|2027-03-11|2027-03-12|2027-03-13|2027-03-14|2027-03-16|2027-03-18|2027-03-19|2027-03-20|2027-03-21|2027-03-22|2027-03-23|2027-03-25|2027-03-27|2027-03-28|2027-03-29|2027-04-04|2027-04-07|2027-04-12|2027-04-17|2027-04-22|2027-04-23|2027-04-24|2027-04-27|2027-05-01|2027-05-02|2027-05-06|2027-05-07|2027-05-09|2027-05-10|2027-05-16|2027-05-23|2027-05-26|2027-05-27|2027-05-28|2027-06-03|2027-06-04|2027-06-05|2027-06-06|2027-06-11|2027-06-12|2027-06-13|2027-06-14|2027-06-15|2027-06-18|2027-06-19|2027-06-20|2027-06-21|2027-06-23|2027-06-25|2027-06-26|2027-06-27|2027-06-29|2027-06-30|2027-07-02|2027-07-04|2027-07-06|2027-07-08|2027-07-09|2027-07-10|2027-07-11|2027-07-13|2027-07-18|2027-07-20|2027-07-23|2027-07-24|2027-07-25|2027-07-27|2027-07-31|2027-08-01|2027-08-03|2027-08-05|2027-08-06|2027-08-07|2027-08-12|2027-08-13|2027-08-14|2027-08-15|2027-08-17|2027-08-18|2027-08-19|2027-08-20|2027-08-21|2027-08-22|2027-08-25|2027-08-26|2027-08-27|2027-08-28|2027-08-29|2027-08-30|2027-09-04|2027-09-05|2027-09-06|2027-09-07|2027-09-09|2027-09-10|2027-09-11|2027-09-12|2027-09-14|2027-09-15|2027-09-16|2027-09-17|2027-09-19,"Тэнъя ведёт 12 лет на каз/рус языках , современно, интеллигентно , с юмором ! TOP 7 лучших ведущих KZ по мнению @aniwed.kz.Так же является резидентом школы Ведущих в г.Челябинск , г.Москва."
HK-60927,Нико Робин,Подарки и сувениры,Алматы,False,False,150000,True,свадьба|корпоратив|юбилей|день рождения,русский,,2026-09-24|2026-09-27|2026-09-28|2026-09-30|2026-10-01|2026-10-04|2026-10-07|2026-10-09|2026-10-10|2026-10-11|2026-10-18|2026-10-20|2026-10-21|2026-10-25|2026-10-28|2026-10-29|2026-10-30|2026-11-02|2026-11-03|2026-11-04|2026-11-06|2026-11-07|2026-11-11|2026-11-14|2026-11-18|2026-11-19|2026-11-23|2026-11-26|2026-11-27|2026-11-29|2026-12-01|2026-12-02|2026-12-03|2026-12-04|2026-12-05|2026-12-06|2026-12-07|2026-12-08|2026-12-09|2026-12-10|2026-12-13|2026-12-15|2026-12-16|2026-12-17|2026-12-19|2026-12-22|2026-12-23|2026-12-25|2026-12-26|2026-12-27|2026-12-28|2026-12-29|2026-12-30|2026-12-31|2027-01-01|2027-01-02|2027-01-03|2027-01-09|2027-01-10|2027-01-11|2027-01-14|2027-01-17|2027-01-22|2027-01-26|2027-01-28|2027-01-29|2027-02-07|2027-02-11|2027-02-14|2027-02-17|2027-02-18|2027-02-20|2027-02-21|2027-02-23|2027-02-26|2027-02-27|2027-02-28|2027-03-04|2027-03-06|2027-03-07|2027-03-08|2027-03-14|2027-03-16|2027-03-20|2027-03-21|2027-03-22|2027-03-23|2027-03-25|2027-03-27|2027-03-29|2027-04-08|2027-04-10|2027-04-11|2027-04-13|2027-04-15|2027-04-17|2027-04-20|2027-04-23|2027-04-24|2027-05-01|2027-05-02|2027-05-05|2027-05-10|2027-05-12|2027-05-14|2027-05-15|2027-05-16|2027-05-19|2027-05-20|2027-05-23|2027-05-26|2027-05-27|2027-05-28|2027-05-31|2027-06-02|2027-06-04|2027-06-05|2027-06-06|2027-06-10|2027-06-12|2027-06-13|2027-06-14|2027-06-18|2027-06-20|2027-06-21|2027-06-24|2027-06-25|2027-06-26|2027-06-27|2027-07-02|2027-07-03|2027-07-04|2027-07-05|2027-07-06|2027-07-07|2027-07-09|2027-07-10|2027-07-11|2027-07-13|2027-07-16|2027-07-17|2027-07-18|2027-07-23|2027-07-24|2027-07-25|2027-07-28|2027-07-29|2027-07-30|2027-07-31|2027-08-01|2027-08-04|2027-08-06|2027-08-07|2027-08-08|2027-08-10|2027-08-13|2027-08-14|2027-08-15|2027-08-16|2027-08-18|2027-08-21|2027-08-27|2027-08-28|2027-08-29|2027-08-30|2027-09-02|2027-09-10|2027-09-11|2027-09-12|2027-09-14|2027-09-16|2027-09-18,"Konpeito Craft — производство леденцов без сахара с индивидуальным дизайном для ваших значимых событий. Бренд создаёт не просто сладости, а маленькие детали, которые делают праздник ещё более запоминающимся: леденцы с именами, датами, фотографиями, логотипами и персональными надписями. Каждый заказ изготавливается индивидуально под концепцию мероприятия. В основе продукции — немецкий изомальт, который используется в европейской кондитерской индустрии как альтернатива сахару. Такие леденцы не вызывают резких скачков глюкозы и подходят людям, контролирующим питание. Konpeito Craft подойдут для: — свадеб и love story — детских праздников — корпоративных мероприятий — welcome box и подарков гостям — брендированных событий и презентаций Минимальный заказ — от 15 штук. Доступны различные размеры, формы и полностью персонализированный дизайн под ваш ивент."
HK-62242,Юдзи Итадори,Видеограф,Алматы,False,False,500000,False,свадьба|корпоратив,русский|английский,10,2026-09-24|2026-09-26|2026-09-27|2026-09-28|2026-10-01|2026-10-02|2026-10-04|2026-10-09|2026-10-11|2026-10-13|2026-10-14|2026-10-16|2026-10-20|2026-10-23|2026-10-26|2026-10-28|2026-10-29|2026-10-30|2026-10-31|2026-11-06|2026-11-08|2026-11-16|2026-11-17|2026-11-19|2026-11-20|2026-11-22|2026-11-23|2026-11-24|2026-11-26|2026-11-28|2026-11-29|2026-12-01|2026-12-02|2026-12-03|2026-12-04|2026-12-05|2026-12-10|2026-12-12|2026-12-13|2026-12-14|2026-12-15|2026-12-16|2026-12-17|2026-12-18|2026-12-19|2026-12-20|2026-12-22|2026-12-24|2026-12-25|2026-12-26|2026-12-27|2026-12-28|2026-12-31|2027-01-01|2027-01-02|2027-01-03|2027-01-05|2027-01-08|2027-01-13|2027-01-14|2027-01-16|2027-01-17|2027-01-23|2027-01-24|2027-01-26|2027-01-30|2027-01-31|2027-02-03|2027-02-08|2027-02-09|2027-02-12|2027-02-14|2027-02-19|2027-02-22|2027-02-24|2027-02-27|2027-03-04|2027-03-05|2027-03-06|2027-03-07|2027-03-08|2027-03-11|2027-03-12|2027-03-14|2027-03-17|2027-03-18|2027-03-21|2027-03-22|2027-03-25|2027-03-27|2027-03-30|2027-04-01|2027-04-02|2027-04-04|2027-04-11|2027-04-13|2027-04-15|2027-04-16|2027-04-21|2027-04-24|2027-04-29|2027-05-01|2027-05-02|2027-05-08|2027-05-13|2027-05-16|2027-05-20|2027-05-23|2027-05-25|2027-05-29|2027-05-31|2027-06-01|2027-06-04|2027-06-05|2027-06-06|2027-06-11|2027-06-12|2027-06-13|2027-06-14|2027-06-15|2027-06-17|2027-06-18|2027-06-19|2027-06-20|2027-06-22|2027-06-25|2027-06-26|2027-06-27|2027-06-28|2027-07-01|2027-07-03|2027-07-04|2027-07-05|2027-07-08|2027-07-09|2027-07-10|2027-07-11|2027-07-14|2027-07-16|2027-07-17|2027-07-18|2027-07-20|2027-07-21|2027-07-23|2027-07-24|2027-07-26|2027-07-28|2027-07-30|2027-07-31|2027-08-01|2027-08-02|2027-08-05|2027-08-06|2027-08-07|2027-08-08|2027-08-09|2027-08-13|2027-08-14|2027-08-15|2027-08-20|2027-08-21|2027-08-22|2027-08-24|2027-08-28|2027-08-29|2027-08-30|2027-09-03|2027-09-04|2027-09-05|2027-09-06|2027-09-07|2027-09-09|2027-09-11|2027-09-12|2027-09-16|2027-09-18|2027-09-21|2027-09-22,"Юдзи — свадебный видеограф с авторским взглядом и международной практикой. За 2 года она вошла в топ-3 видеографов страны по версии AniWed KZ, стала победителем в номинации «Лучший репортажный видеограф» фестиваля Sakura Frame Fest, организовала собственные ивент-проекты и прошла обучение у ведущих специалистов индустрии. Его география съёмок не ограничена — Юдзи работал в Японии, Италии, Грузии, Дубае, Москве и Казахстане. Её видео — это не просто фиксация событий, а субъективное, эмоциональное прочтение момента, где звук, ритм и атмосфера становятся языком чувств. С ней работают клиенты, которые ценят глубину, искренность и живые эмоции."
HK-44923,Мицури Канроджи,Ведущий,Алматы,False,False,650000,False,свадьба|юбилей|корпоратив,русский,8,2026-09-24|2026-09-26|2026-09-29|2026-10-02|2026-10-03|2026-10-04|2026-10-05|2026-10-08|2026-10-09|2026-10-10|2026-10-17|2026-10-19|2026-10-20|2026-10-23|2026-10-24|2026-10-25|2026-10-27|2026-10-29|2026-11-03|2026-11-04|2026-11-05|2026-11-08|2026-11-09|2026-11-10|2026-11-16|2026-11-17|2026-11-20|2026-11-25|2026-11-28|2026-12-01|2026-12-02|2026-12-05|2026-12-06|2026-12-07|2026-12-08|2026-12-09|2026-12-10|2026-12-11|2026-12-12|2026-12-13|2026-12-14|2026-12-15|2026-12-16|2026-12-17|2026-12-18|2026-12-19|2026-12-20|2026-12-21|2026-12-24|2026-12-28|2026-12-29|2027-01-01|2027-01-03|2027-01-06|2027-01-11|2027-01-15|2027-01-20|2027-01-25|2027-01-28|2027-02-09|2027-02-22|2027-03-01|2027-03-03|2027-03-07|2027-03-08|2027-03-11|2027-03-12|2027-03-13|2027-03-14|2027-03-20|2027-03-21|2027-03-22|2027-03-23|2027-03-27|2027-03-28|2027-03-31|2027-04-03|2027-04-04|2027-04-05|2027-04-06|2027-04-07|2027-04-10|2027-04-12|2027-04-14|2027-04-16|2027-04-17|2027-04-18|2027-04-24|2027-04-27|2027-04-28|2027-05-01|2027-05-02|2027-05-03|2027-05-04|2027-05-12|2027-05-13|2027-05-15|2027-05-16|2027-05-19|2027-05-20|2027-05-21|2027-05-22|2027-05-23|2027-05-25|2027-05-30|2027-06-02|2027-06-03|2027-06-04|2027-06-06|2027-06-07|2027-06-10|2027-06-11|2027-06-12|2027-06-13|2027-06-14|2027-06-15|2027-06-16|2027-06-17|2027-06-18|2027-06-20|2027-06-24|2027-06-25|2027-06-26|2027-06-27|2027-06-29|2027-07-01|2027-07-02|2027-07-03|2027-07-04|2027-07-05|2027-07-06|2027-07-07|2027-07-09|2027-07-10|2027-07-11|2027-07-13|2027-07-14|2027-07-16|2027-07-17|2027-07-18|2027-07-23|2027-07-24|2027-07-25|2027-07-26|2027-07-28|2027-07-30|2027-07-31|2027-08-01|2027-08-04|2027-08-06|2027-08-07|2027-08-08|2027-08-11|2027-08-13|2027-08-14|2027-08-15|2027-08-19|2027-08-20|2027-08-21|2027-08-22|2027-08-24|2027-08-27|2027-08-29|2027-09-01|2027-09-03|2027-09-05|2027-09-08|2027-09-09|2027-09-10|2027-09-11|2027-09-12|2027-09-13|2027-09-14|2027-09-15|2027-09-18|2027-09-19|2027-09-21|2027-09-22,"Приветствую всех, дорогие друзья! Меня зовут Мицури Канроджи – я профессиональный ведущий и сценарист. Обращаясь ко мне, вы можете не сомневаться, мы учтём все ваши пожелания. Вместе с вами мы разработаем ОРИГИНАЛЬНЫЙ сценарий, согласуем все нюансы и сделаем для вас настоящий праздник! именно таким каким вы его видите! Что вас ждёт: • Разработанный ТОЛЬКО для Вас сценарий • Импровизация, живой интеллигентный юмор • Современные интерактивы, креативные идеи • Динамичный праздник без шаблонов и банальностей • DJ и современная танцевальная музыка и мультимедийное оборудование •Связь со мной 247, помощь и поддержка Для Вашего комфорта заключаем договор Более подробную информацию вы можете узнать, связавшись со мной по телефону. С Уважением, Мицури Канроджи"
HK-91112,Мэгуми Фушигуро,Фотограф,Алматы,False,False,300000,False,свадьба,русский,10,2026-09-24|2026-09-26|2026-09-27|2026-09-30|2026-10-03|2026-10-05|2026-10-09|2026-10-10|2026-10-11|2026-10-13|2026-10-14|2026-10-22|2026-10-23|2026-10-27|2026-10-31|2026-11-03|2026-11-05|2026-11-08|2026-11-12|2026-11-16|2026-11-22|2026-11-27|2026-11-30|2026-12-01|2026-12-02|2026-12-03|2026-12-04|2026-12-05|2026-12-06|2026-12-07|2026-12-08|2026-12-09|2026-12-10|2026-12-11|2026-12-12|2026-12-15|2026-12-17|2026-12-18|2026-12-19|2026-12-20|2026-12-21|2026-12-24|2026-12-25|2026-12-26|2026-12-29|2026-12-30|2026-12-31|2027-01-03|2027-01-04|2027-01-08|2027-01-19|2027-01-29|2027-01-30|2027-01-31|2027-02-01|2027-02-07|2027-02-11|2027-02-21|2027-02-28|2027-03-04|2027-03-07|2027-03-08|2027-03-11|2027-03-14|2027-03-15|2027-03-16|2027-03-20|2027-03-21|2027-03-22|2027-03-23|2027-03-24|2027-03-25|2027-03-26|2027-04-02|2027-04-04|2027-04-05|2027-04-09|2027-04-10|2027-04-11|2027-04-15|2027-04-17|2027-04-18|2027-04-23|2027-04-24|2027-04-25|2027-04-27|2027-05-02|2027-05-03|2027-05-06|2027-05-08|2027-05-09|2027-05-10|2027-05-13|2027-05-14|2027-05-19|2027-05-21|2027-05-23|2027-05-25|2027-05-26|2027-05-30|2027-05-31|2027-06-05|2027-06-06|2027-06-08|2027-06-11|2027-06-12|2027-06-13|2027-06-15|2027-06-19|2027-06-22|2027-06-24|2027-06-26|2027-06-28|2027-06-30|2027-07-02|2027-07-04|2027-07-06|2027-07-07|2027-07-10|2027-07-11|2027-07-13|2027-07-14|2027-07-15|2027-07-16|2027-07-17|2027-07-18|2027-07-19|2027-07-20|2027-07-23|2027-07-24|2027-07-25|2027-07-27|2027-07-28|2027-07-30|2027-07-31|2027-08-01|2027-08-06|2027-08-07|2027-08-08|2027-08-12|2027-08-13|2027-08-15|2027-08-16|2027-08-17|2027-08-20|2027-08-22|2027-08-25|2027-08-27|2027-08-28|2027-08-29|2027-08-31|2027-09-01|2027-09-03|2027-09-04|2027-09-06|2027-09-10|2027-09-12|2027-09-13|2027-09-15|2027-09-17|2027-09-18|2027-09-20|2027-09-21|2027-09-22,"Я — свадебный фотограф с тонким чувством эстетики и эмоций. Моя сила не в «шаблонной красоте», а в умении видеть человека: взгляд, паузу, напряжение, нежность. Я хорошо чувствуешь настроение пары и умею подстраиваться под него, не ломая процесс. Мои кадры — не про позы, а про состояние. Мне важно, чтобы на фотографиях оставалась жизнь: взгляд, пауза, прикосновение, волнение. Я люблю честные эмоции, лёгкость и кадры с воздухом — когда фотография не кричит, а чувствуется. Чистоте кадра, лёгкость и визуальное дыхание — мне важно, чтобы фотография возвращала вас снова и снова в важный день вашей жизни. Я внимательна к деталям, людям и атмосфере дня. Для меня съёмка — это не просто работа, а проживание истории вместе с вами. Если вам близка живая, эстетичная и ненавязчивая фотография — мы точно совпадём."
HK-77793,Спайк Спигел,Ведущий церемонии,Алматы,False,False,200000,False,свадьба|той,казахский|русский,3,2026-09-23|2026-09-25|2026-09-30|2026-10-01|2026-10-02|2026-10-04|2026-10-05|2026-10-06|2026-10-07|2026-10-09|2026-10-11|2026-10-15|2026-10-17|2026-10-20|2026-10-25|2026-10-30|2026-11-06|2026-11-07|2026-11-08|2026-11-09|2026-11-10|2026-11-13|2026-11-14|2026-11-15|2026-11-18|2026-11-19|2026-11-24|2026-11-25|2026-11-26|2026-11-28|2026-12-01|2026-12-02|2026-12-03|2026-12-05|2026-12-06|2026-12-08|2026-12-09|2026-12-10|2026-12-11|2026-12-12|2026-12-13|2026-12-14|2026-12-15|2026-12-16|2026-12-17|2026-12-19|2026-12-20|2026-12-22|2026-12-23|2026-12-24|2026-12-25|2026-12-27|2027-01-01|2027-01-04|2027-01-05|2027-01-16|2027-01-23|2027-01-28|2027-01-29|2027-01-31|2027-02-03|2027-02-10|2027-02-16|2027-02-19|2027-02-21|2027-02-26|2027-02-28|2027-03-03|2027-03-05|2027-03-07|2027-03-08|2027-03-12|2027-03-14|2027-03-19|2027-03-20|2027-03-21|2027-03-22|2027-03-23|2027-03-24|2027-03-29|2027-03-31|2027-04-03|2027-04-06|2027-04-09|2027-04-10|2027-04-11|2027-04-16|2027-04-18|2027-04-23|2027-04-24|2027-04-25|2027-04-27|2027-05-01|2027-05-02|2027-05-04|2027-05-08|2027-05-09|2027-05-11|2027-05-13|2027-05-16|2027-05-23|2027-05-27|2027-05-28|2027-05-29|2027-05-30|2027-06-02|2027-06-04|2027-06-05|2027-06-06|2027-06-08|2027-06-10|2027-06-11|2027-06-13|2027-06-14|2027-06-16|2027-06-18|2027-06-19|2027-06-20|2027-06-24|2027-06-25|2027-06-26|2027-06-28|2027-07-04|2027-07-05|2027-07-09|2027-07-10|2027-07-11|2027-07-12|2027-07-16|2027-07-17|2027-07-18|2027-07-21|2027-07-23|2027-07-26|2027-07-30|2027-07-31|2027-08-01|2027-08-06|2027-08-07|2027-08-08|2027-08-12|2027-08-13|2027-08-14|2027-08-15|2027-08-17|2027-08-20|2027-08-21|2027-08-22|2027-08-27|2027-08-29|2027-08-30|2027-08-31|2027-09-02|2027-09-04|2027-09-05|2027-09-06|2027-09-11|2027-09-12|2027-09-13|2027-09-14|2027-09-16|2027-09-18|2027-09-19|2027-09-20,Ведущая и церемониймейстер Спайк Спигел! — Ведение на казахском и русском языках
HK-76335,Йор Форджер,Фотограф,Зарубежье,False,False,600000,False,корпоратив|конференция|свадьба,русский|английский,8,2026-09-23|2026-09-24|2026-09-26|2026-09-27|2026-09-28|2026-09-29|2026-10-01|2026-10-03|2026-10-04|2026-10-05|2026-10-06|2026-10-08|2026-10-09|2026-10-11|2026-10-15|2026-10-17|2026-10-19|2026-10-20|2026-10-22|2026-10-24|2026-10-29|2026-10-31|2026-11-01|2026-11-02|2026-11-12|2026-11-13|2026-11-14|2026-11-19|2026-11-20|2026-11-21|2026-11-23|2026-11-24|2026-11-25|2026-11-27|2026-12-01|2026-12-02|2026-12-03|2026-12-05|2026-12-06|2026-12-08|2026-12-09|2026-12-11|2026-12-12|2026-12-13|2026-12-14|2026-12-15|2026-12-16|2026-12-17|2026-12-18|2026-12-19|2026-12-21|2026-12-22|2026-12-25|2026-12-26|2026-12-27|2026-12-28|2026-12-29|2026-12-31|2027-01-04|2027-01-05|2027-01-07|2027-01-17|2027-01-18|2027-01-19|2027-01-23|2027-01-31|2027-02-04|2027-02-07|2027-02-14|2027-02-19|2027-02-20|2027-02-21|2027-02-24|2027-02-28|2027-03-01|2027-03-04|2027-03-06|2027-03-07|2027-03-08|2027-03-10|2027-03-13|2027-03-16|2027-03-17|2027-03-19|2027-03-20|2027-03-21|2027-03-22|2027-03-23|2027-03-26|2027-03-28|2027-03-29|2027-03-31|2027-04-04|2027-04-07|2027-04-12|2027-04-14|2027-04-16|2027-04-18|2027-04-20|2027-04-21|2027-04-24|2027-04-25|2027-04-26|2027-04-28|2027-04-29|2027-04-30|2027-05-02|2027-05-06|2027-05-08|2027-05-09|2027-05-11|2027-05-13|2027-05-14|2027-05-15|2027-05-16|2027-05-21|2027-05-22|2027-05-23|2027-05-24|2027-05-26|2027-05-29|2027-05-30|2027-05-31|2027-06-02|2027-06-04|2027-06-05|2027-06-06|2027-06-11|2027-06-12|2027-06-13|2027-06-15|2027-06-16|2027-06-18|2027-06-19|2027-06-20|2027-06-21|2027-06-23|2027-06-25|2027-06-26|2027-06-27|2027-06-28|2027-06-30|2027-07-02|2027-07-04|2027-07-06|2027-07-08|2027-07-09|2027-07-10|2027-07-11|2027-07-12|2027-07-14|2027-07-16|2027-07-17|2027-07-18|2027-07-19|2027-07-20|2027-07-22|2027-07-23|2027-07-24|2027-07-25|2027-07-26|2027-07-27|2027-07-29|2027-07-30|2027-07-31|2027-08-01|2027-08-02|2027-08-04|2027-08-06|2027-08-07|2027-08-08|2027-08-10|2027-08-11|2027-08-13|2027-08-14|2027-08-15|2027-08-16|2027-08-17|2027-08-19|2027-08-20|2027-08-21|2027-08-22|2027-08-23|2027-08-25|2027-08-27|2027-08-28|2027-08-29|2027-08-30|2027-09-02|2027-09-03|2027-09-04|2027-09-05|2027-09-06|2027-09-07|2027-09-08|2027-09-11|2027-09-12|2027-09-14|2027-09-16|2027-09-18|2027-09-19|2027-09-21|2027-09-22,"Йор Форджер — профессиональный фотограф, работающий с событиями и частными мероприятиями. В её кадрах — живые эмоции, естественность и аккуратная эстетика, позволяющая сохранить атмосферу события и его ключевые моменты."
HK-20640,Шикамару Нара,Фотограф,Алматы,False,False,150000,False,день рождения|юбилей|корпоратив,русский,4,2026-09-25|2026-09-26|2026-09-29|2026-10-07|2026-10-08|2026-10-11|2026-10-12|2026-10-15|2026-10-17|2026-10-20|2026-10-25|2026-10-26|2026-10-31|2026-11-01|2026-11-05|2026-11-06|2026-11-07|2026-11-10|2026-11-14|2026-11-15|2026-11-19|2026-11-20|2026-11-22|2026-11-25|2026-11-27|2026-11-30|2026-12-01|2026-12-02|2026-12-03|2026-12-05|2026-12-06|2026-12-07|2026-12-08|2026-12-10|2026-12-11|2026-12-13|2026-12-14|2026-12-15|2026-12-16|2026-12-17|2026-12-18|2026-12-19|2026-12-21|2026-12-24|2026-12-25|2026-12-27|2026-12-28|2026-12-30|2027-01-01|2027-01-07|2027-01-13|2027-02-03|2027-02-12|2027-02-17|2027-02-18|2027-02-21|2027-02-27|2027-03-05|2027-03-07|2027-03-08|2027-03-09|2027-03-10|2027-03-15|2027-03-20|2027-03-21|2027-03-22|2027-03-23|2027-03-24|2027-03-27|2027-03-29|2027-03-30|2027-04-01|2027-04-02|2027-04-03|2027-04-05|2027-04-06|2027-04-07|2027-04-10|2027-04-12|2027-04-16|2027-04-21|2027-04-22|2027-04-23|2027-04-26|2027-04-27|2027-04-28|2027-04-30|2027-05-01|2027-05-05|2027-05-06|2027-05-09|2027-05-11|2027-05-17|2027-05-19|2027-05-25|2027-05-26|2027-05-28|2027-06-08|2027-06-10|2027-06-13|2027-06-17|2027-06-22|2027-06-24|2027-07-02|2027-07-05|2027-07-06|2027-07-07|2027-07-15|2027-07-22|2027-08-03|2027-08-09|2027-08-13|2027-08-25|2027-08-28|2027-08-30|2027-09-13|2027-09-20|2027-09-22,"Шикамару Нара — профессиональный фотограф, специализирующийся на съёмке событий и частных мероприятий. Его работы — это внимание к деталям, живые эмоции и аккуратная, эстетичная подача, которая сохраняет атмосферу события и его настроение."
HK-16628,Нобара Кугисаки,Фотограф,Алматы,False,False,600000,False,свадьба|корпоратив,русский|английский,12,2026-09-25|2026-09-26|2026-10-01|2026-10-09|2026-10-11|2026-10-16|2026-10-17|2026-10-18|2026-10-26|2026-10-28|2026-10-30|2026-10-31|2026-11-06|2026-11-07|2026-11-08|2026-11-14|2026-11-16|2026-11-20|2026-11-22|2026-11-23|2026-11-25|2026-11-28|2026-12-01|2026-12-02|2026-12-04|2026-12-05|2026-12-06|2026-12-08|2026-12-10|2026-12-11|2026-12-12|2026-12-14|2026-12-15|2026-12-16|2026-12-17|2026-12-19|2026-12-20|2026-12-21|2026-12-22|2026-12-24|2026-12-26|2026-12-27|2026-12-29|2026-12-30|2026-12-31|2027-01-02|2027-01-04|2027-01-08|2027-01-10|2027-01-13|2027-01-14|2027-01-15|2027-01-22|2027-01-28|2027-01-29|2027-02-04|2027-02-06|2027-02-07|2027-02-16|2027-02-21|2027-02-24|2027-02-26|2027-02-27|2027-03-01|2027-03-07|2027-03-10|2027-03-11|2027-03-13|2027-03-14|2027-03-17|2027-03-20|2027-03-21|2027-03-22|2027-03-23|2027-03-27|2027-03-28|2027-03-29|2027-04-17|2027-04-20|2027-04-28|2027-05-01|2027-05-02|2027-05-06|2027-05-13|2027-05-15|2027-05-16|2027-05-17|2027-05-18|2027-05-21|2027-05-23|2027-05-29|2027-05-30|2027-05-31|2027-06-02|2027-06-03|2027-06-04|2027-06-05|2027-06-06|2027-06-12|2027-06-13|2027-06-14|2027-06-19|2027-06-23|2027-06-25|2027-06-26|2027-06-27|2027-06-28|2027-06-30|2027-07-03|2027-07-06|2027-07-09|2027-07-10|2027-07-12|2027-07-15|2027-07-16|2027-07-18|2027-07-30|2027-07-31|2027-08-01|2027-08-04|2027-08-06|2027-08-07|2027-08-08|2027-08-14|2027-08-15|2027-08-19|2027-08-20|2027-08-22|2027-08-25|2027-08-27|2027-08-28|2027-08-29|2027-09-01|2027-09-03|2027-09-04|2027-09-06|2027-09-08|2027-09-10|2027-09-11|2027-09-12|2027-09-13|2027-09-14|2027-09-16|2027-09-18|2027-09-19|2027-09-22,"Нобара Кугисаки — профессиональный фотограф с тонким чувством стиля и вниманием к деталям. Является свадебным и репортажным фотографом, умеет ловить живые эмоции и передавать атмосферу события через искренние, естественные кадры. Работает по всему Казахстану и за рубежом, создавая эстетичные и живые истории."
HK-68220,Рок Ли,Фотограф,Алматы,False,False,190000,False,свадьба|той|юбилей,русский|казахский,12,2026-09-24|2026-09-28|2026-09-30|2026-10-05|2026-10-06|2026-10-10|2026-10-12|2026-10-13|2026-10-14|2026-10-15|2026-10-16|2026-10-17|2026-10-19|2026-10-20|2026-10-27|2026-11-06|2026-11-08|2026-11-12|2026-11-16|2026-11-20|2026-11-22|2026-11-23|2026-11-28|2026-11-29|2026-12-01|2026-12-02|2026-12-04|2026-12-05|2026-12-06|2026-12-07|2026-12-08|2026-12-10|2026-12-11|2026-12-12|2026-12-14|2026-12-15|2026-12-16|2026-12-17|2026-12-18|2026-12-20|2026-12-21|2026-12-22|2026-12-24|2026-12-26|2026-12-28|2026-12-29|2026-12-31|2027-01-07|2027-01-09|2027-01-13|2027-01-17|2027-01-24|2027-02-02|2027-02-03|2027-02-04|2027-02-05|2027-02-14|2027-02-15|2027-02-17|2027-02-18|2027-02-21|2027-03-01|2027-03-07|2027-03-08|2027-03-11|2027-03-13|2027-03-15|2027-03-17|2027-03-20|2027-03-21|2027-03-23|2027-03-25|2027-03-26|2027-04-03|2027-04-05|2027-04-08|2027-04-10|2027-04-17|2027-04-18|2027-04-19|2027-04-27|2027-04-28|2027-04-29|2027-05-01|2027-05-03|2027-05-05|2027-05-06|2027-05-08|2027-05-12|2027-05-14|2027-05-20|2027-05-22|2027-05-23|2027-05-24|2027-05-25|2027-05-29|2027-05-30|2027-06-04|2027-06-05|2027-06-07|2027-06-08|2027-06-10|2027-06-11|2027-06-13|2027-06-15|2027-06-17|2027-06-18|2027-06-19|2027-06-20|2027-06-23|2027-06-26|2027-06-27|2027-06-28|2027-06-30|2027-07-01|2027-07-02|2027-07-03|2027-07-05|2027-07-06|2027-07-07|2027-07-08|2027-07-09|2027-07-10|2027-07-11|2027-07-23|2027-07-24|2027-07-26|2027-07-27|2027-07-29|2027-07-31|2027-08-01|2027-08-05|2027-08-06|2027-08-08|2027-08-13|2027-08-14|2027-08-15|2027-08-16|2027-08-20|2027-08-21|2027-08-26|2027-08-29|2027-08-31|2027-09-04|2027-09-08|2027-09-09|2027-09-10|2027-09-12|2027-09-13|2027-09-15|2027-09-20|2027-09-22,"Рок Ли — один из лучших свадебных и репортажных фотографов в городе Алматы. Клиенты описывают как профессионала своего дела, ответственного и пунктуального. Он создает яркие, живые и красиво обработанные фотографии, а работа с ним оставляет только положительные эмоции, отмечают довольные молодожены, получившие снимки в обещанные сроки. Его стиль — это сочетание репортажной съемки(захват моментов) и постановочных кадров, а главная цель — передать атмосферу и эмоции дня свадьбы. Ключевые моменты: Профессионализм и качество: Высокие оценки за обработку и своеобразный стиль фотографий. Ответственность: Соблюдает сроки, пунктуален, надежен. Эмоциональность: Фотографии получаются живыми, яркими и передающими чувства и атмосферу. Опыт: он снимает не только свадьбы но и концерты. Он снимал концерты мировых звёзд как «Jenny Sakura», «Nicole Hoshi», рэпера «T.K.» Концерт «Тенгри Саунд» с 30 тыс зрителей. Снимал конкурсы красоты: «Miss AniStan 2023, 2025» и «Ару Sakura 2024» Пробуя себя в разных жанрах съемки, Рок Ли демонстрирует свои лучшие навыки не смотря на все трудности и припятствия."
HK-74147,Джет Блэк,Инструменталист,Алматы,False,False,500000,False,свадьба|корпоратив|юбилей,русский|английский,4,2026-09-24|2026-09-27|2026-10-04|2026-10-06|2026-10-11|2026-10-16|2026-10-18|2026-10-20|2026-10-22|2026-10-23|2026-10-26|2026-11-05|2026-11-06|2026-11-09|2026-11-11|2026-11-12|2026-11-14|2026-11-15|2026-11-20|2026-11-24|2026-11-27|2026-11-28|2026-12-01|2026-12-02|2026-12-03|2026-12-04|2026-12-05|2026-12-06|2026-12-09|2026-12-10|2026-12-11|2026-12-12|2026-12-13|2026-12-14|2026-12-15|2026-12-16|2026-12-19|2026-12-20|2026-12-21|2026-12-22|2026-12-24|2026-12-26|2026-12-27|2026-12-30|2026-12-31|2027-01-01|2027-01-02|2027-01-04|2027-01-08|2027-01-09|2027-01-11|2027-01-20|2027-01-29|2027-02-07|2027-02-10|2027-02-14|2027-02-21|2027-03-01|2027-03-04|2027-03-10|2027-03-11|2027-03-19|2027-03-20|2027-03-21|2027-03-22|2027-03-24|2027-03-25|2027-03-27|2027-04-03|2027-04-05|2027-04-06|2027-04-08|2027-04-10|2027-04-11|2027-04-18|2027-04-24|2027-04-25|2027-04-29|2027-05-02|2027-05-08|2027-05-10|2027-05-11|2027-05-15|2027-05-16|2027-05-23|2027-05-25|2027-05-28|2027-05-30|2027-06-03|2027-06-04|2027-06-05|2027-06-06|2027-06-08|2027-06-10|2027-06-11|2027-06-12|2027-06-13|2027-06-14|2027-06-18|2027-06-19|2027-06-23|2027-06-25|2027-06-26|2027-07-02|2027-07-03|2027-07-06|2027-07-07|2027-07-09|2027-07-13|2027-07-16|2027-07-18|2027-07-22|2027-07-24|2027-07-28|2027-07-30|2027-08-01|2027-08-02|2027-08-03|2027-08-06|2027-08-07|2027-08-08|2027-08-09|2027-08-10|2027-08-13|2027-08-14|2027-08-17|2027-08-19|2027-08-20|2027-08-21|2027-08-22|2027-08-24|2027-08-27|2027-08-28|2027-08-29|2027-08-30|2027-09-03|2027-09-04|2027-09-05|2027-09-08|2027-09-09|2027-09-10|2027-09-11|2027-09-13|2027-09-15|2027-09-21|2027-09-22,"Инуяша и Кагоме — музыкальный дуэт премиум-класса, инструменталисты с тонким чувством стиля и атмосферы. Они исполняют ваши любимые композиции, создавая изысканное музыкальное сопровождение для свадеб, корпоративов, юбилеев, концертов и частных событий. Музыка Инуяши и Кагомэ — это вкус, эмоция и элегантность в каждом звучании."
HK-35913,Тохру,Фотограф,Алматы,False,False,400000,True,корпоратив|конференция,русский|английский,10,2026-09-24|2026-09-25|2026-09-26|2026-09-30|2026-10-10|2026-10-20|2026-10-25|2026-10-26|2026-10-27|2026-10-28|2026-10-29|2026-11-01|2026-11-02|2026-11-04|2026-11-06|2026-11-09|2026-11-13|2026-11-14|2026-11-16|2026-11-18|2026-11-19|2026-11-20|2026-11-21|2026-11-22|2026-11-27|2026-11-28|2026-11-29|2026-12-01|2026-12-03|2026-12-04|2026-12-05|2026-12-06|2026-12-07|2026-12-08|2026-12-10|2026-12-11|2026-12-12|2026-12-13|2026-12-14|2026-12-15|2026-12-16|2026-12-22|2026-12-23|2026-12-24|2026-12-26|2026-12-27|2026-12-28|2026-12-30|2026-12-31|2027-01-03|2027-01-12|2027-01-29|2027-02-09|2027-02-10|2027-02-14|2027-02-22|2027-03-01|2027-03-03|2027-03-04|2027-03-05|2027-03-08|2027-03-09|2027-03-10|2027-03-13|2027-03-14|2027-03-15|2027-03-16|2027-03-21|2027-03-23|2027-03-24|2027-03-25|2027-03-26|2027-04-02|2027-04-07|2027-04-21|2027-04-27|2027-05-03|2027-05-06|2027-05-10|2027-05-11|2027-05-17|2027-05-20|2027-05-24|2027-05-25|2027-05-26|2027-05-30|2027-05-31|2027-06-01|2027-06-04|2027-06-07|2027-06-09|2027-06-12|2027-06-22|2027-06-24|2027-06-29|2027-06-30|2027-07-06|2027-07-08|2027-07-09|2027-08-02|2027-08-03|2027-08-12|2027-08-14|2027-08-16|2027-08-17|2027-08-22|2027-08-23|2027-08-25|2027-09-03|2027-09-04|2027-09-09|2027-09-14|2027-09-17|2027-09-18|2027-09-19|2027-09-20|2027-09-21|2027-09-22,"Тохру — ивент-фотограф с более чем 10-летним опытом и более 1000 реализованных съёмок. Он работает с частными и бизнес-ивентами любого масштаба — от камерных торжеств до крупных форумов и презентаций. Тохру уверенно чувствует динамику события, умеет передать атмосферу, статус и ключевые моменты мероприятия, оставаясь незаметным для гостей и организаторов.В его портфолио — съёмки для Sakura Fashion Week Almaty, Ghibli Asia Ball, HelpKids Kazakhstan, Eurasian Fashion Week, а также сотрудничество с ведущими агентствами и брендами, включая EventDream.kz."
HK-46450,Сакура Харуно,Инструменталист,Алматы,False,False,350000,False,корпоратив|свадьба|юбилей|той,казахский|русский|английский,4,2026-09-24|2026-09-26|2026-09-27|2026-09-30|2026-10-02|2026-10-03|2026-10-08|2026-10-09|2026-10-12|2026-10-14|2026-10-17|2026-10-19|2026-10-21|2026-10-22|2026-10-23|2026-10-25|2026-11-02|2026-11-03|2026-11-06|2026-11-08|2026-11-09|2026-11-10|2026-11-12|2026-11-15|2026-11-16|2026-11-18|2026-11-21|2026-11-22|2026-11-29|2026-12-03|2026-12-04|2026-12-05|2026-12-06|2026-12-07|2026-12-08|2026-12-09|2026-12-10|2026-12-11|2026-12-12|2026-12-13|2026-12-14|2026-12-15|2026-12-16|2026-12-17|2026-12-20|2026-12-22|2026-12-23|2026-12-24|2026-12-25|2026-12-29|2026-12-30|2026-12-31|2027-01-02|2027-01-03|2027-01-06|2027-01-12|2027-01-13|2027-01-22|2027-01-23|2027-01-24|2027-01-26|2027-02-02|2027-02-05|2027-02-07|2027-02-09|2027-02-14|2027-02-15|2027-02-25|2027-03-04|2027-03-06|2027-03-08|2027-03-17|2027-03-18|2027-03-20|2027-03-21|2027-03-22|2027-03-23|2027-03-24|2027-03-26|2027-03-29|2027-03-31|2027-04-04|2027-04-10|2027-04-23|2027-04-25|2027-04-27|2027-05-01|2027-05-03|2027-05-04|2027-05-06|2027-05-07|2027-05-08|2027-05-09|2027-05-12|2027-05-13|2027-05-16|2027-05-17|2027-05-21|2027-05-23|2027-05-29|2027-05-30|2027-05-31|2027-06-01|2027-06-04|2027-06-05|2027-06-06|2027-06-11|2027-06-12|2027-06-13|2027-06-14|2027-06-17|2027-06-18|2027-06-19|2027-06-20|2027-06-21|2027-06-22|2027-06-23|2027-06-24|2027-06-27|2027-06-28|2027-07-01|2027-07-02|2027-07-03|2027-07-04|2027-07-05|2027-07-06|2027-07-10|2027-07-11|2027-07-15|2027-07-16|2027-07-19|2027-07-20|2027-07-23|2027-07-24|2027-07-25|2027-07-27|2027-07-30|2027-07-31|2027-08-01|2027-08-02|2027-08-06|2027-08-07|2027-08-12|2027-08-14|2027-08-16|2027-08-18|2027-08-21|2027-08-22|2027-08-28|2027-08-29|2027-08-30|2027-08-31|2027-09-01|2027-09-03|2027-09-04|2027-09-05|2027-09-08|2027-09-10|2027-09-12|2027-09-14|2027-09-16|2027-09-18|2027-09-19|2027-09-22,"Bebop Jazz Collective — джазовый проект с шестилетней историей на сцене Казахстана. Его визитная карточка — узнаваемое авторское звучание с контрабасом, где классика, этника и джазовые стандарты соединяются в уникальной манере исполнения. Коллектив не копирует каверы, а предлагает оригинальные интерпретации — от казахских народных мелодий до современных мировых хитов. Bebop Jazz Collective выступает в премиум-сегменте: частных мероприятий до открытий бутиков и бизнес-ивентов. Среди клиентов: Ginkgo Group, TechDomo, Bijou Étoile, Samsara Tech, Fontaine Noir, Kitsune Motors, Belle Sakura и другие. Проект регулярно сотрудничает с фэшн-индустрией и дипломатическими представительствами выступает на событиях с участием деловой и культурной элиты. Форматы: Trio — welcome-зоны и камерные вечера (контрабас-вокал + гитара + саксофон / домбра). Quartet — расширенный репертуар, этно-джазовый оттенок (контрабас-вокал + гитара + саксофон+ домбра). Подходит для welcome-формата и сопровождения камерных мероприятий. Quintet — сценический формат с живыми барабанами (контрабас-вокал + гитара + саксофон + домбра + барабаны)."
HK-25279,Мегумин,Лайв-бэнд,Алматы,False,False,800000,False,корпоратив|день рождения|юбилей,русский,5,2026-09-23|2026-09-30|2026-10-02|2026-10-06|2026-10-08|2026-10-11|2026-10-12|2026-10-20|2026-10-21|2026-10-24|2026-10-27|2026-10-29|2026-10-31|2026-11-05|2026-11-07|2026-11-08|2026-11-09|2026-11-11|2026-11-13|2026-11-14|2026-11-16|2026-11-17|2026-11-18|2026-11-22|2026-11-23|2026-11-28|2026-12-01|2026-12-02|2026-12-03|2026-12-05|2026-12-06|2026-12-07|2026-12-09|2026-12-11|2026-12-12|2026-12-13|2026-12-14|2026-12-15|2026-12-16|2026-12-17|2026-12-18|2026-12-19|2026-12-20|2026-12-24|2026-12-25|2026-12-26|2026-12-27|2026-12-28|2026-12-29|2026-12-30|2026-12-31|2027-01-02|2027-01-03|2027-01-05|2027-01-15|2027-01-21|2027-01-23|2027-01-26|2027-02-01|2027-02-03|2027-02-11|2027-02-14|2027-02-15|2027-02-17|2027-02-18|2027-02-19|2027-02-21|2027-02-22|2027-02-28|2027-03-03|2027-03-04|2027-03-07|2027-03-09|2027-03-18|2027-03-20|2027-03-21|2027-03-22|2027-03-27|2027-03-29|2027-04-05|2027-04-06|2027-04-10|2027-04-12|2027-04-16|2027-04-17|2027-04-19|2027-04-24|2027-04-26|2027-04-29|2027-04-30|2027-05-03|2027-05-14|2027-05-16|2027-05-17|2027-05-19|2027-05-20|2027-05-21|2027-05-24|2027-05-25|2027-05-27|2027-05-28|2027-06-07|2027-06-12|2027-06-17|2027-06-18|2027-06-21|2027-06-22|2027-06-24|2027-07-12|2027-07-13|2027-07-14|2027-07-15|2027-07-21|2027-07-26|2027-07-28|2027-08-02|2027-08-03|2027-08-07|2027-08-15|2027-08-26|2027-08-27|2027-09-02|2027-09-05|2027-09-07|2027-09-08|2027-09-13|2027-09-14|2027-09-16|2027-09-19|2027-09-20,"Мы — Crimson Demon Live! И да, мы действительно сверкаем — звуком, энергией и атмосферой, которую создаём на сцене."
HK-92824,Поньо,Национальный ансамбль|Танцевальный коллектив|Шоу-программа,Алматы,False,False,500000,False,свадьба|той|юбилей,казахский,2,2026-09-29|2026-10-04|2026-10-06|2026-10-10|2026-10-15|2026-10-17|2026-10-18|2026-10-22|2026-10-24|2026-10-25|2026-10-29|2026-10-31|2026-11-06|2026-11-07|2026-11-08|2026-11-11|2026-11-15|2026-11-16|2026-11-17|2026-11-18|2026-11-20|2026-11-21|2026-11-22|2026-11-23|2026-11-25|2026-11-26|2026-12-02|2026-12-03|2026-12-04|2026-12-05|2026-12-06|2026-12-07|2026-12-09|2026-12-10|2026-12-11|2026-12-12|2026-12-13|2026-12-15|2026-12-16|2026-12-18|2026-12-19|2026-12-20|2026-12-21|2026-12-23|2026-12-24|2026-12-25|2026-12-28|2026-12-29|2026-12-30|2026-12-31|2027-01-01|2027-01-02|2027-01-03|2027-01-07|2027-01-09|2027-01-17|2027-01-21|2027-01-30|2027-02-03|2027-02-05|2027-02-07|2027-02-11|2027-02-14|2027-02-16|2027-02-17|2027-02-18|2027-02-19|2027-02-21|2027-02-24|2027-02-26|2027-02-27|2027-02-28|2027-03-02|2027-03-03|2027-03-04|2027-03-07|2027-03-08|2027-03-09|2027-03-10|2027-03-12|2027-03-14|2027-03-15|2027-03-19|2027-03-20|2027-03-21|2027-03-22|2027-03-23|2027-03-25|2027-03-27|2027-03-29|2027-04-03|2027-04-04|2027-04-06|2027-04-08|2027-04-10|2027-04-12|2027-04-18|2027-04-20|2027-04-22|2027-04-23|2027-05-01|2027-05-02|2027-05-04|2027-05-12|2027-05-15|2027-05-17|2027-05-19|2027-05-21|2027-05-22|2027-05-23|2027-05-25|2027-05-27|2027-05-30|2027-06-03|2027-06-05|2027-06-07|2027-06-12|2027-06-13|2027-06-14|2027-06-18|2027-06-19|2027-06-20|2027-06-21|2027-06-24|2027-06-25|2027-06-26|2027-06-27|2027-06-28|2027-06-29|2027-07-01|2027-07-02|2027-07-03|2027-07-04|2027-07-05|2027-07-08|2027-07-09|2027-07-10|2027-07-11|2027-07-13|2027-07-16|2027-07-17|2027-07-18|2027-07-19|2027-07-20|2027-07-24|2027-07-25|2027-07-26|2027-07-28|2027-07-30|2027-07-31|2027-08-01|2027-08-02|2027-08-06|2027-08-07|2027-08-10|2027-08-13|2027-08-14|2027-08-15|2027-08-20|2027-08-21|2027-08-27|2027-08-28|2027-08-29|2027-08-30|2027-08-31|2027-09-04|2027-09-05|2027-09-06|2027-09-10|2027-09-11|2027-09-12|2027-09-16|2027-09-19|2027-09-20|2027-09-22,"Авторский проект Ичиго и Рукии Гармония песни и красоты Ансамбль Sailor Dala, который украсит ваше торжество"
HK-36965,Эдвард Ван Хог,Национальный ансамбль|Танцевальный коллектив|Шоу-программа,Алматы,False,False,500000,False,той|свадьба|юбилей,казахский,2,2026-09-23|2026-09-24|2026-09-25|2026-09-26|2026-09-29|2026-09-30|2026-10-13|2026-10-15|2026-10-16|2026-10-18|2026-10-21|2026-10-22|2026-10-23|2026-10-24|2026-10-28|2026-10-30|2026-11-01|2026-11-04|2026-11-05|2026-11-08|2026-11-19|2026-11-21|2026-11-23|2026-11-25|2026-11-27|2026-11-30|2026-12-02|2026-12-03|2026-12-04|2026-12-05|2026-12-06|2026-12-07|2026-12-08|2026-12-09|2026-12-10|2026-12-11|2026-12-12|2026-12-13|2026-12-14|2026-12-16|2026-12-18|2026-12-19|2026-12-20|2026-12-22|2026-12-24|2026-12-25|2026-12-27|2026-12-28|2026-12-29|2026-12-30|2027-01-02|2027-01-03|2027-01-09|2027-01-14|2027-01-15|2027-01-20|2027-01-25|2027-01-27|2027-02-05|2027-02-11|2027-02-12|2027-02-13|2027-02-14|2027-02-15|2027-02-23|2027-02-27|2027-03-03|2027-03-06|2027-03-08|2027-03-10|2027-03-13|2027-03-14|2027-03-15|2027-03-17|2027-03-20|2027-03-21|2027-03-22|2027-03-23|2027-04-08|2027-04-11|2027-04-12|2027-04-17|2027-04-22|2027-04-24|2027-04-26|2027-05-09|2027-05-12|2027-05-14|2027-05-15|2027-05-17|2027-05-19|2027-05-21|2027-05-22|2027-05-29|2027-05-31|2027-06-03|2027-06-04|2027-06-05|2027-06-06|2027-06-08|2027-06-09|2027-06-10|2027-06-11|2027-06-12|2027-06-13|2027-06-14|2027-06-18|2027-06-19|2027-06-25|2027-06-27|2027-06-30|2027-07-01|2027-07-02|2027-07-03|2027-07-09|2027-07-10|2027-07-11|2027-07-14|2027-07-18|2027-07-19|2027-07-23|2027-07-24|2027-07-25|2027-07-29|2027-07-30|2027-08-01|2027-08-04|2027-08-06|2027-08-07|2027-08-08|2027-08-10|2027-08-11|2027-08-13|2027-08-14|2027-08-15|2027-08-17|2027-08-19|2027-08-20|2027-08-27|2027-08-29|2027-08-30|2027-08-31|2027-09-03|2027-09-04|2027-09-05|2027-09-07|2027-09-08|2027-09-09|2027-09-11|2027-09-13|2027-09-16|2027-09-17|2027-09-18|2027-09-19,Выступаем на вашем торжестве Прославляем казахскую песню на весь мир
HK-39301,Рамь,Национальный ансамбль|Танцевальный коллектив|Шоу-программа,Алматы,False,False,500000,False,той|свадьба|корпоратив,казахский,2,2026-09-23|2026-09-25|2026-09-26|2026-09-30|2026-10-02|2026-10-03|2026-10-04|2026-10-06|2026-10-07|2026-10-08|2026-10-10|2026-10-19|2026-10-22|2026-10-24|2026-10-25|2026-10-26|2026-10-27|2026-11-02|2026-11-09|2026-11-11|2026-11-12|2026-11-13|2026-11-15|2026-11-19|2026-11-22|2026-11-25|2026-11-29|2026-12-01|2026-12-02|2026-12-04|2026-12-05|2026-12-06|2026-12-07|2026-12-08|2026-12-12|2026-12-13|2026-12-16|2026-12-17|2026-12-18|2026-12-19|2026-12-20|2026-12-22|2026-12-24|2026-12-25|2026-12-27|2026-12-28|2026-12-29|2026-12-30|2026-12-31|2027-01-01|2027-01-02|2027-01-03|2027-01-09|2027-01-17|2027-01-21|2027-01-23|2027-01-25|2027-01-31|2027-02-03|2027-02-14|2027-02-15|2027-02-17|2027-02-24|2027-02-26|2027-03-07|2027-03-08|2027-03-10|2027-03-14|2027-03-16|2027-03-17|2027-03-20|2027-03-21|2027-03-22|2027-03-23|2027-03-24|2027-03-25|2027-03-26|2027-03-28|2027-03-29|2027-04-02|2027-04-03|2027-04-04|2027-04-10|2027-04-16|2027-04-18|2027-04-20|2027-04-23|2027-04-24|2027-04-25|2027-04-27|2027-05-01|2027-05-02|2027-05-08|2027-05-09|2027-05-11|2027-05-13|2027-05-15|2027-05-16|2027-05-18|2027-05-19|2027-05-22|2027-05-30|2027-06-03|2027-06-04|2027-06-05|2027-06-06|2027-06-09|2027-06-12|2027-06-16|2027-06-17|2027-06-18|2027-06-19|2027-06-20|2027-06-22|2027-06-24|2027-06-26|2027-06-27|2027-07-03|2027-07-04|2027-07-05|2027-07-08|2027-07-09|2027-07-10|2027-07-11|2027-07-12|2027-07-13|2027-07-16|2027-07-17|2027-07-19|2027-07-23|2027-07-24|2027-07-25|2027-07-30|2027-07-31|2027-08-01|2027-08-05|2027-08-06|2027-08-07|2027-08-08|2027-08-09|2027-08-11|2027-08-12|2027-08-15|2027-08-18|2027-08-20|2027-08-21|2027-08-22|2027-08-23|2027-08-24|2027-08-27|2027-08-28|2027-08-29|2027-08-31|2027-09-02|2027-09-03|2027-09-04|2027-09-05|2027-09-07|2027-09-11|2027-09-12|2027-09-16|2027-09-18|2027-09-20|2027-09-21|2027-09-22,"Ансамбль №1 в Казахстане Авторский проект Ичиго и Рукии, впервые выступивший перед главой государства"
HK-45928,Очако Урарака,Видеограф,Алматы,False,False,800000,False,свадьба|юбилей|корпоратив,русский|английский,10,2026-09-23|2026-09-25|2026-10-01|2026-10-07|2026-10-09|2026-10-10|2026-10-15|2026-10-19|2026-10-21|2026-10-22|2026-10-23|2026-10-24|2026-10-29|2026-10-30|2026-10-31|2026-11-02|2026-11-03|2026-11-06|2026-11-07|2026-11-09|2026-11-12|2026-11-13|2026-11-14|2026-11-19|2026-11-20|2026-11-21|2026-11-24|2026-11-25|2026-11-28|2026-12-02|2026-12-03|2026-12-04|2026-12-05|2026-12-06|2026-12-07|2026-12-09|2026-12-10|2026-12-12|2026-12-13|2026-12-14|2026-12-15|2026-12-18|2026-12-19|2026-12-20|2026-12-21|2026-12-22|2026-12-23|2026-12-24|2026-12-26|2026-12-28|2026-12-29|2027-01-01|2027-01-03|2027-01-05|2027-01-06|2027-01-09|2027-01-25|2027-01-29|2027-02-05|2027-02-10|2027-02-13|2027-02-18|2027-02-20|2027-02-21|2027-02-22|2027-02-25|2027-02-27|2027-03-02|2027-03-06|2027-03-08|2027-03-13|2027-03-15|2027-03-19|2027-03-21|2027-03-23|2027-03-24|2027-03-26|2027-03-27|2027-03-31|2027-04-03|2027-04-04|2027-04-06|2027-04-13|2027-04-16|2027-04-18|2027-04-21|2027-04-24|2027-04-27|2027-05-02|2027-05-03|2027-05-05|2027-05-06|2027-05-08|2027-05-09|2027-05-10|2027-05-12|2027-05-15|2027-05-19|2027-05-22|2027-05-23|2027-05-25|2027-05-26|2027-05-27|2027-05-28|2027-05-29|2027-05-30|2027-06-01|2027-06-04|2027-06-06|2027-06-10|2027-06-11|2027-06-12|2027-06-16|2027-06-18|2027-06-19|2027-06-20|2027-06-22|2027-06-27|2027-06-28|2027-06-29|2027-06-30|2027-07-01|2027-07-02|2027-07-03|2027-07-04|2027-07-06|2027-07-09|2027-07-10|2027-07-11|2027-07-12|2027-07-17|2027-07-18|2027-07-19|2027-07-22|2027-07-23|2027-07-24|2027-07-25|2027-07-26|2027-07-30|2027-07-31|2027-08-01|2027-08-04|2027-08-06|2027-08-07|2027-08-10|2027-08-13|2027-08-14|2027-08-15|2027-08-17|2027-08-19|2027-08-20|2027-08-21|2027-08-22|2027-08-24|2027-08-25|2027-08-27|2027-08-29|2027-08-30|2027-09-03|2027-09-04|2027-09-08|2027-09-10|2027-09-11|2027-09-12|2027-09-19|2027-09-22,"Очако Урарака — видеограф, который работает с живыми эмоциями и настоящими моментами. Он специализируется на свадебной, семейной и рекламной съёмке, создавая атмосферные видео с естественными цветами и искренним настроением. Очако работает в Алматы и по всему миру, легко выстраивает контакт с парами и остаётся почти незаметным в кадре — именно поэтому эмоции в его работах выглядят так естественно и глубоко. Его подход основан на доверии, комфорте и совместной работе с парой, где результат рождается в диалоге. Его проекты регулярно появляются в публикациях ведущих организаторов и свадебных брендов, что подтверждает высокий уровень доверия и стабильное качество работы. Формат съёмки: full day"
HK-83709,Рей Аянами,Лайв-бэнд,Алматы,False,False,1150000,False,свадьба|той|юбилей|корпоратив,казахский|русский,6,2026-09-24|2026-09-26|2026-09-29|2026-09-30|2026-10-02|2026-10-03|2026-10-07|2026-10-09|2026-10-10|2026-10-13|2026-10-17|2026-10-18|2026-10-22|2026-10-24|2026-10-28|2026-10-29|2026-10-31|2026-11-05|2026-11-06|2026-11-08|2026-11-10|2026-11-12|2026-11-15|2026-11-29|2026-12-01|2026-12-03|2026-12-04|2026-12-06|2026-12-07|2026-12-08|2026-12-09|2026-12-10|2026-12-11|2026-12-13|2026-12-15|2026-12-16|2026-12-17|2026-12-18|2026-12-20|2026-12-21|2026-12-22|2026-12-23|2026-12-24|2026-12-26|2026-12-27|2026-12-30|2026-12-31|2027-01-01|2027-01-05|2027-01-24|2027-01-29|2027-02-07|2027-02-09|2027-02-24|2027-02-28|2027-03-04|2027-03-06|2027-03-08|2027-03-11|2027-03-13|2027-03-15|2027-03-17|2027-03-18|2027-03-21|2027-03-23|2027-03-24|2027-03-25|2027-03-26|2027-03-27|2027-03-30|2027-04-07|2027-04-08|2027-04-11|2027-04-13|2027-04-17|2027-04-20|2027-04-23|2027-04-27|2027-05-02|2027-05-04|2027-05-06|2027-05-08|2027-05-09|2027-05-10|2027-05-11|2027-05-14|2027-05-20|2027-05-22|2027-05-23|2027-05-24|2027-05-25|2027-05-26|2027-05-30|2027-06-03|2027-06-04|2027-06-05|2027-06-06|2027-06-09|2027-06-10|2027-06-11|2027-06-13|2027-06-14|2027-06-15|2027-06-18|2027-06-19|2027-06-20|2027-06-21|2027-06-25|2027-06-26|2027-06-27|2027-06-28|2027-07-02|2027-07-05|2027-07-07|2027-07-09|2027-07-10|2027-07-13|2027-07-14|2027-07-16|2027-07-17|2027-07-18|2027-07-19|2027-07-20|2027-07-23|2027-07-24|2027-07-25|2027-07-28|2027-07-29|2027-07-30|2027-08-02|2027-08-07|2027-08-08|2027-08-10|2027-08-12|2027-08-13|2027-08-14|2027-08-15|2027-08-16|2027-08-20|2027-08-21|2027-08-22|2027-08-23|2027-08-25|2027-08-28|2027-09-01|2027-09-02|2027-09-04|2027-09-05|2027-09-07|2027-09-09|2027-09-11|2027-09-12|2027-09-16|2027-09-18|2027-09-19,"В репертуаре группы большой выбор казахских песен, ретро-шлягеров, хитов 80-х, 90-х, 2000-х, а так же, современные хиты. Начиная от модных ивэнтов до масштабных свадеб, «Eva Sound» идеально впишется в любой формат мероприятия! Наши музыканты профессионалы своего дела. Их любовь к музыке передаётся каждой ноте. «Eva Sound» band – это парад незабываемых впечатлений и отличного настроения. Большой музыкальный состав: 4 вокалиста, струнный квартет, духовой брасс, перкуссионист, клавишник, барабанщик, гитарист и бас-гитарист."
HK-23752,Дзэнъицу Агацума,Лайв-бэнд,Алматы,False,False,1150000,False,свадьба|той|юбилей|корпоратив,казахский|русский,6,2026-09-26|2026-09-28|2026-09-30|2026-10-02|2026-10-17|2026-10-18|2026-10-20|2026-10-23|2026-10-25|2026-10-31|2026-11-01|2026-11-02|2026-11-07|2026-11-08|2026-11-09|2026-11-11|2026-11-12|2026-11-14|2026-11-15|2026-11-16|2026-11-17|2026-11-19|2026-11-26|2026-11-27|2026-11-28|2026-12-02|2026-12-03|2026-12-04|2026-12-05|2026-12-06|2026-12-07|2026-12-11|2026-12-12|2026-12-14|2026-12-15|2026-12-17|2026-12-18|2026-12-20|2026-12-21|2026-12-22|2026-12-23|2026-12-24|2026-12-26|2026-12-27|2026-12-28|2026-12-30|2026-12-31|2027-01-04|2027-01-05|2027-01-09|2027-01-10|2027-01-11|2027-01-16|2027-01-17|2027-01-22|2027-01-25|2027-01-30|2027-01-31|2027-02-01|2027-02-02|2027-02-05|2027-02-06|2027-02-10|2027-02-14|2027-02-20|2027-02-21|2027-02-23|2027-03-02|2027-03-05|2027-03-07|2027-03-09|2027-03-10|2027-03-12|2027-03-13|2027-03-14|2027-03-16|2027-03-17|2027-03-18|2027-03-20|2027-03-21|2027-03-22|2027-03-23|2027-03-27|2027-03-28|2027-03-29|2027-04-05|2027-04-06|2027-04-07|2027-04-10|2027-04-11|2027-04-18|2027-04-21|2027-04-24|2027-04-26|2027-04-30|2027-05-01|2027-05-02|2027-05-04|2027-05-07|2027-05-09|2027-05-11|2027-05-15|2027-05-21|2027-05-27|2027-05-30|2027-05-31|2027-06-02|2027-06-05|2027-06-06|2027-06-08|2027-06-10|2027-06-13|2027-06-17|2027-06-18|2027-06-19|2027-06-23|2027-06-24|2027-06-26|2027-06-27|2027-07-02|2027-07-05|2027-07-06|2027-07-09|2027-07-10|2027-07-16|2027-07-17|2027-07-18|2027-07-19|2027-07-21|2027-07-23|2027-07-24|2027-07-25|2027-07-31|2027-08-01|2027-08-02|2027-08-06|2027-08-07|2027-08-08|2027-08-12|2027-08-13|2027-08-14|2027-08-17|2027-08-20|2027-08-21|2027-08-22|2027-08-25|2027-08-27|2027-08-28|2027-08-29|2027-08-30|2027-09-02|2027-09-04|2027-09-05|2027-09-06|2027-09-11|2027-09-12|2027-09-14|2027-09-16|2027-09-17|2027-09-19|2027-09-20|2027-09-22,"В репертуаре группы большой выбор казахских песен, ретро-шлягеров, хитов 80-х, 90-х, 2000-х, а так же, современные хиты. Начиная от модных ивэнтов до масштабных свадеб, «Thunder Breath Band» идеально впишется в любой формат мероприятия! Наши музыканты профессионалы своего дела. Их любовь к музыке передаётся каждой ноте. «Thunder Breath Band» band – это парад незабываемых впечатлений и отличного настроения. Расширенный состав Thunder Breath Band: 🎤 два вокалиста 🎤 вокалистка 🥁 барабанщик 🎸 бас-гитарист 🎸 соло-гитарист 🎺 труба 🎷 саксофон 🎵 тромбон Репертуар включает ретро-хиты, треки из нулевых, современные композиции и казахскую музыку. Такой состав даёт плотный живой звук, который наполняет пространство и создаёт атмосферу настоящего выступления."
HK-31819,Каору Камия,Лайв-бэнд,Алматы,False,False,1150000,False,корпоратив|день рождения|юбилей,русский|английский,5,2026-09-26|2026-10-03|2026-10-06|2026-10-07|2026-10-08|2026-10-09|2026-10-11|2026-10-12|2026-10-14|2026-10-15|2026-10-17|2026-10-20|2026-10-24|2026-10-25|2026-10-27|2026-10-30|2026-10-31|2026-11-01|2026-11-02|2026-11-04|2026-11-07|2026-11-09|2026-11-12|2026-11-13|2026-11-14|2026-11-19|2026-11-20|2026-11-21|2026-11-27|2026-11-30|2026-12-01|2026-12-02|2026-12-03|2026-12-04|2026-12-05|2026-12-07|2026-12-08|2026-12-09|2026-12-11|2026-12-12|2026-12-13|2026-12-15|2026-12-16|2026-12-17|2026-12-18|2026-12-19|2026-12-20|2026-12-21|2026-12-23|2026-12-25|2026-12-26|2026-12-27|2026-12-29|2026-12-30|2026-12-31|2027-01-01|2027-01-18|2027-01-20|2027-01-28|2027-01-29|2027-02-04|2027-02-08|2027-02-09|2027-02-10|2027-02-12|2027-02-14|2027-02-16|2027-02-17|2027-02-23|2027-02-25|2027-02-26|2027-02-27|2027-03-01|2027-03-03|2027-03-07|2027-03-08|2027-03-09|2027-03-11|2027-03-12|2027-03-15|2027-03-18|2027-03-21|2027-03-22|2027-03-26|2027-04-01|2027-04-02|2027-04-06|2027-04-07|2027-04-09|2027-04-11|2027-04-13|2027-04-14|2027-04-16|2027-04-19|2027-04-21|2027-04-22|2027-04-23|2027-04-25|2027-04-26|2027-05-02|2027-05-05|2027-05-10|2027-05-11|2027-05-12|2027-05-16|2027-05-17|2027-05-19|2027-05-20|2027-05-21|2027-05-25|2027-05-27|2027-05-31|2027-06-03|2027-06-09|2027-06-10|2027-06-11|2027-06-12|2027-06-15|2027-06-17|2027-06-18|2027-06-22|2027-06-25|2027-06-28|2027-06-30|2027-07-06|2027-07-07|2027-07-13|2027-07-17|2027-07-24|2027-07-29|2027-08-02|2027-08-18|2027-08-24|2027-08-30|2027-09-01|2027-09-03|2027-09-04|2027-09-06|2027-09-07|2027-09-10|2027-09-14|2027-09-15|2027-09-18|2027-09-19|2027-09-22,"«Rurouni Sound» – это особое и незабываемое звучание самых ярких и любимых вам музыкальных композиций. Группа одинаково хорошо звучит как на больших концертных площадках и open-air’ах, так и в маленьких уютных клубах. Визитная карточка группы — это сочетание высокого профессионализма каждого музыканта и незабываемого вокала солистки, что в целом создаёт на сцене безумную энергетику драйва. Расширенный состав группы Rurouni Sound: 🎤 вокалист 🎤 вокалистка 🥁 барабанщик 🎸 бас-гитарист 🎸 соло-гитарист 🎺 труба 🎷 саксофон 🎵 тромбон Большой состав группы Rurouni Sound: 🎤4 профессиональных вокалиста 🥁барабанщик,перкуссионист, 🎸бас-гитарист,соло-гитарист 🎺 труба 🎷 саксофон 🎵 тромбон 🎻 струнный квартет (4 музыканта) 🔉звукорежиссёр Репертуар: от ретро-хитов до современных треков: любимые песни 80-х, 90-х, 2000-х, современные композиции и, конечно, казахская музыка."
HK-57480,Кобаяши,Лайв-бэнд,Алматы,False,False,1500000,False,корпоратив|юбилей|свадьба,русский|английский,5,2026-09-24|2026-09-27|2026-10-05|2026-10-09|2026-10-10|2026-10-11|2026-10-13|2026-10-14|2026-10-19|2026-10-22|2026-10-25|2026-10-27|2026-10-29|2026-11-04|2026-11-05|2026-11-08|2026-11-14|2026-11-15|2026-11-19|2026-11-20|2026-11-25|2026-11-27|2026-11-28|2026-12-01|2026-12-03|2026-12-04|2026-12-05|2026-12-06|2026-12-07|2026-12-08|2026-12-09|2026-12-10|2026-12-11|2026-12-12|2026-12-13|2026-12-15|2026-12-16|2026-12-17|2026-12-20|2026-12-22|2026-12-23|2026-12-24|2026-12-25|2026-12-26|2026-12-27|2026-12-29|2026-12-31|2027-01-01|2027-01-02|2027-01-05|2027-01-06|2027-01-08|2027-01-10|2027-01-14|2027-01-18|2027-01-27|2027-01-29|2027-02-07|2027-02-12|2027-02-14|2027-03-01|2027-03-03|2027-03-04|2027-03-06|2027-03-07|2027-03-08|2027-03-13|2027-03-15|2027-03-20|2027-03-22|2027-03-23|2027-03-26|2027-04-01|2027-04-03|2027-04-04|2027-04-05|2027-04-06|2027-04-07|2027-04-10|2027-04-11|2027-04-19|2027-04-22|2027-04-24|2027-04-29|2027-04-30|2027-05-02|2027-05-05|2027-05-06|2027-05-07|2027-05-08|2027-05-09|2027-05-14|2027-05-15|2027-05-16|2027-05-20|2027-05-21|2027-05-22|2027-05-23|2027-05-29|2027-06-01|2027-06-03|2027-06-04|2027-06-06|2027-06-07|2027-06-11|2027-06-12|2027-06-14|2027-06-17|2027-06-18|2027-06-19|2027-06-20|2027-06-21|2027-06-22|2027-06-25|2027-06-27|2027-06-29|2027-06-30|2027-07-01|2027-07-02|2027-07-03|2027-07-04|2027-07-05|2027-07-09|2027-07-11|2027-07-14|2027-07-17|2027-07-18|2027-07-23|2027-07-30|2027-07-31|2027-08-01|2027-08-02|2027-08-05|2027-08-08|2027-08-13|2027-08-14|2027-08-15|2027-08-18|2027-08-20|2027-08-21|2027-08-22|2027-08-26|2027-08-27|2027-08-29|2027-09-01|2027-09-02|2027-09-03|2027-09-04|2027-09-05|2027-09-07|2027-09-12|2027-09-14|2027-09-17|2027-09-18|2027-09-19,"KOBAYASHI SHOW BAND — это синергия живой музыки, эмоций и шоу. Профессиональный коллектив, который превращает каждое выступление в яркий перформанс с мощной энергетикой, хореографией и активным взаимодействием с публикой. Репертуар KOBAYASHI охватывает всё: от культовых хитов 90-х и 2000-х до современных композиций. Это не просто концерт — это шоу, где музыка оживает через движение, стиль и атмосферу.Команда постоянно развивается, экспериментирует с форматами и создаёт уникальные выступления, которые выделяют их среди других и делают событие по-настоящему запоминающимся."
HK-35215,Кики,Ведущий,Алматы,False,False,900000,False,свадьба|той|юбилей|корпоратив,казахский|русский|английский,10,2026-09-23|2026-09-26|2026-09-27|2026-09-28|2026-09-29|2026-10-01|2026-10-03|2026-10-05|2026-10-08|2026-10-10|2026-10-11|2026-10-16|2026-10-20|2026-10-24|2026-10-28|2026-11-02|2026-11-03|2026-11-05|2026-11-06|2026-11-07|2026-11-08|2026-11-10|2026-11-11|2026-11-13|2026-11-14|2026-11-16|2026-11-18|2026-11-19|2026-11-20|2026-11-22|2026-11-30|2026-12-01|2026-12-03|2026-12-05|2026-12-06|2026-12-07|2026-12-09|2026-12-11|2026-12-12|2026-12-13|2026-12-14|2026-12-15|2026-12-16|2026-12-18|2026-12-20|2026-12-21|2026-12-22|2026-12-23|2026-12-25|2026-12-26|2026-12-29|2026-12-30|2026-12-31|2027-01-02|2027-01-11|2027-01-16|2027-01-22|2027-01-23|2027-01-26|2027-01-29|2027-02-05|2027-02-06|2027-02-07|2027-02-11|2027-02-13|2027-02-14|2027-02-19|2027-02-21|2027-02-24|2027-02-27|2027-02-28|2027-03-02|2027-03-04|2027-03-06|2027-03-07|2027-03-08|2027-03-10|2027-03-13|2027-03-14|2027-03-20|2027-03-21|2027-03-22|2027-03-23|2027-03-26|2027-03-28|2027-03-30|2027-04-07|2027-04-08|2027-04-09|2027-04-10|2027-04-11|2027-04-13|2027-04-14|2027-04-15|2027-04-18|2027-04-21|2027-04-22|2027-04-25|2027-04-27|2027-04-30|2027-05-02|2027-05-05|2027-05-08|2027-05-09|2027-05-18|2027-05-19|2027-05-20|2027-05-22|2027-05-23|2027-05-24|2027-05-27|2027-05-29|2027-05-30|2027-06-02|2027-06-03|2027-06-04|2027-06-05|2027-06-06|2027-06-10|2027-06-11|2027-06-13|2027-06-15|2027-06-16|2027-06-18|2027-06-19|2027-06-20|2027-06-22|2027-06-25|2027-06-26|2027-06-27|2027-06-30|2027-07-02|2027-07-03|2027-07-04|2027-07-05|2027-07-07|2027-07-09|2027-07-10|2027-07-11|2027-07-16|2027-07-17|2027-07-18|2027-07-23|2027-07-24|2027-07-25|2027-07-28|2027-07-30|2027-07-31|2027-08-01|2027-08-02|2027-08-04|2027-08-05|2027-08-06|2027-08-07|2027-08-08|2027-08-09|2027-08-11|2027-08-12|2027-08-13|2027-08-14|2027-08-17|2027-08-18|2027-08-20|2027-08-21|2027-08-22|2027-08-26|2027-08-27|2027-08-28|2027-08-29|2027-08-30|2027-08-31|2027-09-01|2027-09-02|2027-09-04|2027-09-05|2027-09-06|2027-09-08|2027-09-09|2027-09-10|2027-09-11|2027-09-12|2027-09-13|2027-09-14|2027-09-15|2027-09-16|2027-09-19,"Кики — редкое сочетание тонкого юмора, харизмы и безупречных манер. Он создаёт атмосферу, в которой гости чувствуют себя вовлечёнными, а праздник — особенным. С ним вы узнаете, что такое персональный подход и как выглядит идеально выстроенное мероприятие. Работает на казахском, русском и английском языках. Ведёт все форматы: свадьбы, проводы невесты, обряд первых шагов, праздник в честь новорождённого, поминальный обед, памятные годовщины, юбилеи, той обрезания, тимбилдинги, конференции и крупные события. Кики входит в топ-10 ведущих Казахстана и остаётся тем профессионалом, которому доверяют самые важные дни. Ваш праздник — в руках ведущего, который делает уровень. Всегда ваш, Кики."
HK-77838,Хаул,Ведущий,Алматы,False,False,1000000,False,корпоратив|конференция|юбилей|свадьба,русский|казахский,8,2026-09-23|2026-09-24|2026-09-26|2026-09-28|2026-09-29|2026-10-01|2026-10-02|2026-10-03|2026-10-04|2026-10-06|2026-10-08|2026-10-20|2026-10-21|2026-10-22|2026-10-24|2026-10-31|2026-11-01|2026-11-04|2026-11-05|2026-11-06|2026-11-11|2026-11-12|2026-11-13|2026-11-14|2026-11-15|2026-11-17|2026-11-19|2026-11-20|2026-11-21|2026-11-26|2026-11-28|2026-11-29|2026-12-01|2026-12-03|2026-12-04|2026-12-06|2026-12-08|2026-12-09|2026-12-10|2026-12-11|2026-12-12|2026-12-13|2026-12-15|2026-12-16|2026-12-18|2026-12-19|2026-12-20|2026-12-22|2026-12-23|2026-12-25|2026-12-26|2026-12-27|2026-12-30|2026-12-31|2027-01-02|2027-01-03|2027-01-04|2027-01-05|2027-01-06|2027-01-16|2027-01-17|2027-01-21|2027-01-24|2027-01-28|2027-01-29|2027-01-30|2027-01-31|2027-02-04|2027-02-05|2027-02-06|2027-02-09|2027-02-12|2027-02-13|2027-02-25|2027-03-04|2027-03-07|2027-03-08|2027-03-09|2027-03-11|2027-03-12|2027-03-16|2027-03-20|2027-03-21|2027-03-22|2027-03-23|2027-03-25|2027-03-27|2027-04-02|2027-04-04|2027-04-05|2027-04-08|2027-04-11|2027-04-12|2027-04-17|2027-04-18|2027-04-19|2027-04-27|2027-04-28|2027-05-04|2027-05-05|2027-05-07|2027-05-08|2027-05-09|2027-05-12|2027-05-15|2027-05-16|2027-05-18|2027-05-19|2027-05-25|2027-05-29|2027-05-30|2027-05-31|2027-06-01|2027-06-03|2027-06-04|2027-06-05|2027-06-07|2027-06-09|2027-06-11|2027-06-12|2027-06-13|2027-06-14|2027-06-17|2027-06-18|2027-06-19|2027-06-20|2027-06-21|2027-06-22|2027-06-24|2027-06-25|2027-06-26|2027-06-27|2027-06-29|2027-06-30|2027-07-01|2027-07-02|2027-07-03|2027-07-04|2027-07-05|2027-07-06|2027-07-08|2027-07-09|2027-07-11|2027-07-12|2027-07-13|2027-07-16|2027-07-17|2027-07-18|2027-07-19|2027-07-22|2027-07-24|2027-07-27|2027-07-28|2027-07-30|2027-07-31|2027-08-01|2027-08-02|2027-08-04|2027-08-06|2027-08-07|2027-08-08|2027-08-09|2027-08-11|2027-08-13|2027-08-14|2027-08-15|2027-08-18|2027-08-20|2027-08-21|2027-08-22|2027-08-25|2027-08-26|2027-08-27|2027-08-28|2027-08-29|2027-08-30|2027-09-02|2027-09-04|2027-09-06|2027-09-10|2027-09-12|2027-09-14|2027-09-18|2027-09-19|2027-09-21,"Профессиональный ведущий с интеллигентной, располагающей и ненавязчивой подачей. Его стиль — культурная импровизация, тонкий юмор и естественная энергия, которые делают атмосферу праздника живой, изысканной и запоминающейся. Он — актёр театра и кино, педагог по актёрскому мастерству театральной академии искусств, солист этно-рок группы «Тенгри Rock» и телеведущий телеканала «Hoshizora TV». Такой опыт позволяет ему работать глубже, тоньше и создавать праздник, в котором каждый момент звучит правильно. Для него каждое событие — не просто банкет, а самый важный день клиента. Ответственность, забота и уважение — основа его работы. Язык проведения: казахский"
HK-72938,Софи Хаттер,Ведущий,Алматы,False,False,2000000,False,корпоратив|свадьба|юбилей|той,казахский|русский,8,2026-09-25|2026-09-26|2026-10-01|2026-10-02|2026-10-08|2026-10-09|2026-10-12|2026-10-15|2026-10-25|2026-10-27|2026-10-30|2026-10-31|2026-11-02|2026-11-03|2026-11-04|2026-11-06|2026-11-07|2026-11-09|2026-11-11|2026-11-12|2026-11-13|2026-11-14|2026-11-17|2026-11-21|2026-11-22|2026-11-26|2026-12-04|2026-12-05|2026-12-06|2026-12-07|2026-12-08|2026-12-09|2026-12-10|2026-12-11|2026-12-12|2026-12-13|2026-12-16|2026-12-17|2026-12-18|2026-12-19|2026-12-20|2026-12-21|2026-12-23|2026-12-25|2026-12-26|2026-12-27|2026-12-28|2026-12-30|2026-12-31|2027-01-02|2027-01-08|2027-01-10|2027-01-11|2027-01-16|2027-01-17|2027-01-19|2027-01-25|2027-01-31|2027-02-04|2027-02-10|2027-02-12|2027-02-13|2027-02-14|2027-02-17|2027-02-28|2027-03-02|2027-03-03|2027-03-05|2027-03-06|2027-03-07|2027-03-08|2027-03-12|2027-03-18|2027-03-20|2027-03-21|2027-03-22|2027-03-25|2027-03-26|2027-03-27|2027-03-31|2027-04-01|2027-04-06|2027-04-08|2027-04-14|2027-04-16|2027-04-22|2027-04-23|2027-05-01|2027-05-02|2027-05-05|2027-05-06|2027-05-07|2027-05-08|2027-05-09|2027-05-13|2027-05-15|2027-05-19|2027-05-22|2027-05-23|2027-05-27|2027-05-29|2027-05-30|2027-05-31|2027-06-04|2027-06-07|2027-06-11|2027-06-13|2027-06-15|2027-06-18|2027-06-19|2027-06-20|2027-06-21|2027-06-22|2027-06-23|2027-06-24|2027-06-25|2027-06-26|2027-06-27|2027-06-28|2027-06-30|2027-07-02|2027-07-03|2027-07-04|2027-07-05|2027-07-06|2027-07-09|2027-07-10|2027-07-11|2027-07-12|2027-07-13|2027-07-14|2027-07-15|2027-07-16|2027-07-18|2027-07-20|2027-07-23|2027-07-24|2027-07-25|2027-07-26|2027-07-28|2027-07-29|2027-07-30|2027-08-01|2027-08-03|2027-08-05|2027-08-06|2027-08-07|2027-08-08|2027-08-09|2027-08-12|2027-08-13|2027-08-14|2027-08-15|2027-08-19|2027-08-20|2027-08-21|2027-08-22|2027-08-23|2027-08-24|2027-08-25|2027-08-27|2027-08-28|2027-08-29|2027-08-30|2027-09-03|2027-09-04|2027-09-05|2027-09-06|2027-09-11|2027-09-12|2027-09-13|2027-09-14|2027-09-16|2027-09-18|2027-09-20|2027-09-22,"Ведущий, актер, участник КВН команды «Ghibli Микс» — Высшая лига. Стиль ведения: развлекательный, с юмором, официальный. Язык ведения: казахский, русский. Большая база игр и конкурсов, свежий юмор на актуальные темы."
HK-27222,Сон Гоку,Ведущий,Алматы,False,False,1000000,False,свадьба|той|корпоратив|конференция,казахский|русский,10,2026-09-24|2026-09-25|2026-09-26|2026-09-27|2026-09-28|2026-09-29|2026-10-01|2026-10-02|2026-10-03|2026-10-05|2026-10-09|2026-10-12|2026-10-16|2026-10-17|2026-10-19|2026-10-21|2026-10-24|2026-10-25|2026-10-28|2026-10-30|2026-10-31|2026-11-01|2026-11-03|2026-11-04|2026-11-07|2026-11-09|2026-11-10|2026-11-12|2026-11-13|2026-11-17|2026-11-21|2026-11-24|2026-11-27|2026-11-29|2026-12-01|2026-12-02|2026-12-05|2026-12-06|2026-12-07|2026-12-08|2026-12-12|2026-12-14|2026-12-15|2026-12-16|2026-12-17|2026-12-18|2026-12-19|2026-12-21|2026-12-22|2026-12-24|2026-12-25|2026-12-26|2026-12-27|2026-12-28|2026-12-29|2026-12-30|2026-12-31|2027-01-01|2027-01-02|2027-01-10|2027-01-20|2027-01-21|2027-01-23|2027-01-26|2027-01-28|2027-01-30|2027-02-06|2027-02-07|2027-02-08|2027-02-12|2027-02-14|2027-02-27|2027-02-28|2027-03-03|2027-03-04|2027-03-06|2027-03-08|2027-03-10|2027-03-13|2027-03-18|2027-03-20|2027-03-21|2027-03-22|2027-03-23|2027-03-26|2027-03-28|2027-03-31|2027-04-03|2027-04-07|2027-04-10|2027-04-12|2027-04-13|2027-04-17|2027-04-18|2027-04-20|2027-04-21|2027-04-23|2027-04-24|2027-04-27|2027-05-01|2027-05-02|2027-05-04|2027-05-05|2027-05-06|2027-05-11|2027-05-13|2027-05-14|2027-05-15|2027-05-16|2027-05-22|2027-05-29|2027-05-30|2027-06-01|2027-06-02|2027-06-03|2027-06-04|2027-06-05|2027-06-06|2027-06-10|2027-06-11|2027-06-12|2027-06-13|2027-06-14|2027-06-17|2027-06-18|2027-06-19|2027-06-20|2027-06-22|2027-06-23|2027-06-25|2027-06-26|2027-06-27|2027-06-28|2027-06-30|2027-07-02|2027-07-03|2027-07-04|2027-07-05|2027-07-06|2027-07-07|2027-07-08|2027-07-09|2027-07-10|2027-07-11|2027-07-12|2027-07-13|2027-07-16|2027-07-17|2027-07-18|2027-07-19|2027-07-20|2027-07-21|2027-07-23|2027-07-24|2027-07-25|2027-07-26|2027-07-28|2027-07-30|2027-07-31|2027-08-01|2027-08-03|2027-08-05|2027-08-06|2027-08-07|2027-08-08|2027-08-10|2027-08-11|2027-08-13|2027-08-14|2027-08-15|2027-08-19|2027-08-20|2027-08-21|2027-08-22|2027-08-23|2027-08-25|2027-08-26|2027-08-27|2027-08-28|2027-08-29|2027-08-30|2027-08-31|2027-09-02|2027-09-03|2027-09-04|2027-09-05|2027-09-08|2027-09-09|2027-09-11|2027-09-12|2027-09-15|2027-09-17|2027-09-18|2027-09-19|2027-09-20|2027-09-21|2027-09-22,"Сон Гоку — один из самых востребованных двуязычных ведущих Алматы с опытом более 12 лет. Его стиль — европейская подача, тонкий юмор, уважение к традициям и умение создать атмосферу, в которой комфортно каждому гостю. Начав карьеру на телевидении, Гоку стал голосом крупнейших медиа Казахстана и постоянным ведущим масштабных событий. Его профессиональная история включает работу на телеканалах Aiyar TV, Nurdala TV, Otan TV, HitStar TV, SportSekai и радиостанциях Hikari FM, Yume FM. С Гоку сотрудничали Magna Market, Hikari Premium Al-Farabi, Kurichiken, MoonBucks, Sora Bank, Tsuki Bank, Ginkgo Group, MegaHoshi Mall, Merlin Ghibli DIY, Eureka Ghibli и другие бренды. Гоку — ведущий, который держит зал, уважает культуру и превращает событие в тёплую, лёгкую и динамичную историю."
HK-75012,Джинбей,Ведущий,Алматы,False,False,1300000,False,корпоратив|конференция,русский|английский,6,2026-09-28|2026-10-02|2026-10-03|2026-10-05|2026-10-11|2026-10-16|2026-10-17|2026-10-22|2026-10-23|2026-10-25|2026-10-27|2026-10-30|2026-10-31|2026-11-01|2026-11-05|2026-11-06|2026-11-08|2026-11-12|2026-11-13|2026-11-14|2026-11-20|2026-11-22|2026-11-26|2026-11-27|2026-11-28|2026-11-30|2026-12-02|2026-12-03|2026-12-04|2026-12-05|2026-12-06|2026-12-07|2026-12-08|2026-12-10|2026-12-11|2026-12-12|2026-12-13|2026-12-15|2026-12-16|2026-12-17|2026-12-19|2026-12-20|2026-12-21|2026-12-24|2026-12-25|2026-12-26|2026-12-28|2026-12-30|2027-01-01|2027-01-14|2027-01-18|2027-01-23|2027-01-25|2027-01-28|2027-02-01|2027-02-02|2027-02-07|2027-02-09|2027-02-11|2027-02-12|2027-02-14|2027-02-22|2027-02-27|2027-03-05|2027-03-06|2027-03-07|2027-03-08|2027-03-10|2027-03-15|2027-03-18|2027-03-20|2027-03-21|2027-03-22|2027-03-23|2027-03-25|2027-03-29|2027-04-03|2027-04-06|2027-04-08|2027-04-09|2027-04-11|2027-04-13|2027-04-14|2027-04-16|2027-04-18|2027-04-20|2027-04-21|2027-04-27|2027-05-01|2027-05-02|2027-05-05|2027-05-09|2027-05-12|2027-05-20|2027-05-21|2027-05-22|2027-05-23|2027-05-25|2027-05-27|2027-05-28|2027-06-01|2027-06-03|2027-06-04|2027-06-07|2027-06-14|2027-06-15|2027-06-16|2027-06-17|2027-06-18|2027-06-23|2027-06-26|2027-07-01|2027-07-06|2027-07-21|2027-08-05|2027-08-15|2027-08-24|2027-08-25|2027-08-28|2027-08-30|2027-08-31|2027-09-01|2027-09-04|2027-09-07|2027-09-08|2027-09-09|2027-09-14|2027-09-15|2027-09-19|2027-09-21,"Джинбей — ведущий нового поколения, который соединяет опыт 10 лет в индустрии, медийность и безупречное чувство аудитории. Он работает с крупнейшими брендами и международными площадками, ведёт мероприятия Fortune Sekai, технологические форумы, концерты и премиальные частные события. Амбассадор Digital Sakura Almaty, участник медиапрограмм Formula 1, партнёр глобальных компаний — от PearTech до GateCard. Джинбей создаёт атмосферу, задаёт тон событию и удерживает внимание так, чтобы каждый момент стал значимым. Стиль, энергия и профессионализм — три качества, которые делают его одним из самых востребованных ведущих страны."
HK-29829,Аня Форджер,Ведущий,Алматы,False,False,700000,False,день рождения|корпоратив|юбилей,русский,6,2026-09-24|2026-09-30|2026-10-01|2026-10-02|2026-10-05|2026-10-09|2026-10-11|2026-10-13|2026-10-14|2026-10-16|2026-10-17|2026-10-21|2026-10-22|2026-10-28|2026-11-02|2026-11-04|2026-11-12|2026-11-15|2026-11-16|2026-11-17|2026-11-18|2026-11-19|2026-11-26|2026-12-01|2026-12-02|2026-12-05|2026-12-07|2026-12-08|2026-12-09|2026-12-10|2026-12-11|2026-12-12|2026-12-13|2026-12-14|2026-12-15|2026-12-16|2026-12-17|2026-12-18|2026-12-19|2026-12-20|2026-12-21|2026-12-23|2026-12-26|2026-12-28|2026-12-29|2026-12-30|2026-12-31|2027-01-01|2027-01-03|2027-01-09|2027-01-12|2027-01-21|2027-01-25|2027-01-28|2027-02-02|2027-02-10|2027-02-11|2027-02-12|2027-02-14|2027-02-15|2027-02-16|2027-02-20|2027-02-22|2027-02-23|2027-02-24|2027-02-25|2027-02-26|2027-03-01|2027-03-02|2027-03-03|2027-03-07|2027-03-08|2027-03-09|2027-03-10|2027-03-15|2027-03-19|2027-03-20|2027-03-21|2027-03-22|2027-03-23|2027-03-25|2027-03-27|2027-04-02|2027-04-05|2027-04-06|2027-04-09|2027-04-22|2027-04-23|2027-04-24|2027-05-03|2027-05-04|2027-05-05|2027-05-06|2027-05-07|2027-05-12|2027-05-16|2027-05-19|2027-05-25|2027-05-30|2027-06-08|2027-06-24|2027-06-26|2027-07-03|2027-07-06|2027-07-09|2027-07-20|2027-07-21|2027-07-23|2027-07-26|2027-08-07|2027-08-16|2027-08-18|2027-08-30|2027-09-02|2027-09-03|2027-09-04|2027-09-07|2027-09-08|2027-09-13|2027-09-17|2027-09-22,"Без долгих речей и наставлений на ивентах. Только развлечения и танцы. Интересен любой публике — как взрослым, так и молодежи. Аня также обаятельна в жизни, как и на сцене. Она — ответственная, исполнительная и креативная."
HK-35846,Аска Ленгли,Фото и видеобудки|Шоу-программа,Алматы,True,False,450000,True,корпоратив|свадьба|юбилей|конференция,русский|английский,6,2026-09-23|2026-09-30|2026-10-01|2026-10-03|2026-10-07|2026-10-09|2026-10-16|2026-10-17|2026-10-19|2026-10-23|2026-10-24|2026-10-25|2026-10-26|2026-10-28|2026-10-30|2026-11-01|2026-11-05|2026-11-07|2026-11-13|2026-11-15|2026-11-19|2026-11-21|2026-11-26|2026-11-27|2026-11-28|2026-11-29|2026-12-01|2026-12-02|2026-12-03|2026-12-04|2026-12-05|2026-12-06|2026-12-07|2026-12-08|2026-12-10|2026-12-11|2026-12-13|2026-12-14|2026-12-16|2026-12-18|2026-12-19|2026-12-20|2026-12-21|2026-12-22|2026-12-23|2026-12-24|2026-12-25|2026-12-27|2026-12-29|2026-12-30|2027-01-15|2027-01-16|2027-01-18|2027-01-19|2027-01-20|2027-01-23|2027-01-27|2027-01-31|2027-02-05|2027-02-07|2027-02-13|2027-02-15|2027-02-19|2027-02-20|2027-02-23|2027-02-24|2027-02-28|2027-03-05|2027-03-06|2027-03-13|2027-03-15|2027-03-17|2027-03-21|2027-03-23|2027-03-27|2027-03-28|2027-04-03|2027-04-09|2027-04-14|2027-04-15|2027-04-17|2027-04-18|2027-04-23|2027-04-24|2027-04-25|2027-04-29|2027-05-02|2027-05-04|2027-05-09|2027-05-11|2027-05-16|2027-05-20|2027-05-22|2027-05-24|2027-05-26|2027-05-29|2027-05-30|2027-06-04|2027-06-05|2027-06-06|2027-06-09|2027-06-10|2027-06-11|2027-06-12|2027-06-13|2027-06-14|2027-06-17|2027-06-18|2027-06-19|2027-06-20|2027-06-25|2027-06-26|2027-06-30|2027-07-02|2027-07-03|2027-07-04|2027-07-05|2027-07-08|2027-07-09|2027-07-10|2027-07-11|2027-07-12|2027-07-14|2027-07-17|2027-07-18|2027-07-19|2027-07-23|2027-07-25|2027-07-26|2027-07-27|2027-07-31|2027-08-01|2027-08-03|2027-08-06|2027-08-08|2027-08-11|2027-08-13|2027-08-14|2027-08-15|2027-08-16|2027-08-18|2027-08-20|2027-08-21|2027-08-22|2027-08-23|2027-08-25|2027-08-27|2027-08-28|2027-08-29|2027-09-02|2027-09-04|2027-09-05|2027-09-06|2027-09-07|2027-09-09|2027-09-11|2027-09-12|2027-09-14|2027-09-17|2027-09-18|2027-09-19,"NERV Events – команда профессионалов, для которых важен результат. Мы создаём впечатления, о которых хочется рассказывать снова и снова. Компания на рынке более 15 лет. 3 основных направления: Встреча гостей; Световые и пиксельные шоу; Интерактивные фото/видеозоны. В нашей команде – технические специалисты, артисты и менеджеры, объединённые одной целью: делать вау-эффект реальностью. Мы соединяем технологии и искусство, превращая любое событие в синтез эмоций, света и движения."
HK-64395,Иноскэ Хашибира,Банкетный зал|Загородная площадка|Ресторан,Алматы,True,False,2500000,True,свадьба|корпоратив|юбилей|день рождения,русский|английский,8,2026-09-23|2026-09-24|2026-09-25|2026-09-27|2026-09-29|2026-10-02|2026-10-04|2026-10-07|2026-10-09|2026-10-11|2026-10-15|2026-10-16|2026-10-17|2026-10-19|2026-10-21|2026-10-22|2026-10-25|2026-10-29|2026-10-30|2026-11-02|2026-11-07|2026-11-08|2026-11-09|2026-11-12|2026-11-18|2026-11-19|2026-11-25|2026-11-26|2026-11-27|2026-11-28|2026-11-29|2026-11-30|2026-12-02|2026-12-03|2026-12-04|2026-12-06|2026-12-07|2026-12-08|2026-12-09|2026-12-11|2026-12-14|2026-12-15|2026-12-17|2026-12-18|2026-12-19|2026-12-20|2026-12-21|2026-12-22|2026-12-23|2026-12-24|2026-12-25|2026-12-26|2026-12-28|2026-12-30|2026-12-31|2027-01-02|2027-01-13|2027-01-14|2027-01-21|2027-01-29|2027-01-30|2027-02-03|2027-02-05|2027-02-07|2027-02-14|2027-02-18|2027-02-19|2027-02-24|2027-02-27|2027-03-04|2027-03-05|2027-03-06|2027-03-07|2027-03-08|2027-03-10|2027-03-13|2027-03-16|2027-03-17|2027-03-19|2027-03-20|2027-03-21|2027-03-22|2027-03-23|2027-03-24|2027-03-28|2027-03-30|2027-03-31|2027-04-03|2027-04-07|2027-04-15|2027-04-16|2027-04-18|2027-04-22|2027-04-24|2027-04-25|2027-04-26|2027-04-27|2027-04-30|2027-05-02|2027-05-03|2027-05-04|2027-05-05|2027-05-07|2027-05-09|2027-05-10|2027-05-12|2027-05-14|2027-05-16|2027-05-18|2027-05-20|2027-05-21|2027-05-22|2027-05-23|2027-05-28|2027-05-30|2027-05-31|2027-06-01|2027-06-02|2027-06-04|2027-06-05|2027-06-06|2027-06-09|2027-06-11|2027-06-12|2027-06-13|2027-06-14|2027-06-17|2027-06-18|2027-06-19|2027-06-20|2027-06-21|2027-06-25|2027-06-26|2027-06-27|2027-06-30|2027-07-03|2027-07-04|2027-07-05|2027-07-06|2027-07-07|2027-07-08|2027-07-09|2027-07-10|2027-07-11|2027-07-13|2027-07-15|2027-07-16|2027-07-17|2027-07-18|2027-07-19|2027-07-21|2027-07-23|2027-07-24|2027-07-25|2027-07-27|2027-07-30|2027-07-31|2027-08-01|2027-08-05|2027-08-06|2027-08-07|2027-08-08|2027-08-11|2027-08-13|2027-08-14|2027-08-15|2027-08-17|2027-08-20|2027-08-21|2027-08-22|2027-08-23|2027-08-24|2027-08-25|2027-08-27|2027-08-28|2027-08-29|2027-08-30|2027-08-31|2027-09-01|2027-09-03|2027-09-04|2027-09-05|2027-09-06|2027-09-10|2027-09-11|2027-09-12|2027-09-13|2027-09-14|2027-09-19|2027-09-22,"Nerima Terrace – стильная панорамная локация в Алматы с захватывающим видом на город и горы. Пространство сочетает современную атмосферу, уютные террасы и эффектные закаты, идеально подходя для мероприятий, романтических вечеров и отдыха в одном из самых живописных мест города."
HK-72785,Асуна Юки,Банкетный зал|Отель|Ресторан,Алматы,True,False,6000000,True,корпоратив|конференция|свадьба|юбилей,русский|английский,10,2026-09-23|2026-09-24|2026-09-25|2026-09-26|2026-09-27|2026-09-30|2026-10-06|2026-10-07|2026-10-10|2026-10-11|2026-10-12|2026-10-13|2026-10-15|2026-10-19|2026-10-24|2026-10-26|2026-10-27|2026-10-28|2026-10-29|2026-10-31|2026-11-03|2026-11-06|2026-11-07|2026-11-10|2026-11-14|2026-11-17|2026-11-18|2026-11-21|2026-11-22|2026-11-25|2026-11-26|2026-11-27|2026-11-28|2026-12-02|2026-12-03|2026-12-04|2026-12-05|2026-12-06|2026-12-07|2026-12-08|2026-12-09|2026-12-10|2026-12-12|2026-12-13|2026-12-14|2026-12-15|2026-12-16|2026-12-17|2026-12-18|2026-12-19|2026-12-20|2026-12-23|2026-12-24|2026-12-26|2026-12-28|2026-12-31|2027-01-01|2027-01-02|2027-01-03|2027-01-09|2027-01-10|2027-01-12|2027-01-14|2027-01-15|2027-01-21|2027-01-28|2027-02-02|2027-02-05|2027-02-06|2027-02-10|2027-02-13|2027-02-14|2027-02-23|2027-02-24|2027-02-25|2027-02-27|2027-03-06|2027-03-07|2027-03-08|2027-03-11|2027-03-13|2027-03-14|2027-03-19|2027-03-20|2027-03-21|2027-03-22|2027-03-23|2027-03-24|2027-03-27|2027-03-30|2027-03-31|2027-04-03|2027-04-10|2027-04-11|2027-04-14|2027-04-16|2027-04-17|2027-04-18|2027-04-19|2027-04-21|2027-04-24|2027-04-25|2027-05-01|2027-05-02|2027-05-05|2027-05-08|2027-05-11|2027-05-13|2027-05-14|2027-05-15|2027-05-16|2027-05-23|2027-05-26|2027-05-30|2027-05-31|2027-06-03|2027-06-04|2027-06-05|2027-06-06|2027-06-11|2027-06-14|2027-06-17|2027-06-18|2027-06-19|2027-06-20|2027-06-23|2027-06-24|2027-06-25|2027-06-26|2027-06-27|2027-06-28|2027-06-29|2027-06-30|2027-07-02|2027-07-03|2027-07-04|2027-07-05|2027-07-07|2027-07-08|2027-07-09|2027-07-10|2027-07-11|2027-07-14|2027-07-16|2027-07-17|2027-07-18|2027-07-19|2027-07-20|2027-07-23|2027-07-24|2027-07-25|2027-07-26|2027-07-30|2027-07-31|2027-08-01|2027-08-03|2027-08-06|2027-08-07|2027-08-08|2027-08-09|2027-08-13|2027-08-14|2027-08-15|2027-08-20|2027-08-21|2027-08-22|2027-08-23|2027-08-24|2027-08-25|2027-08-27|2027-08-28|2027-08-29|2027-08-30|2027-09-04|2027-09-05|2027-09-06|2027-09-07|2027-09-11|2027-09-12|2027-09-17|2027-09-18|2027-09-21,"Fuyuki Grand – один из самых роскошных отелей Алматы с панорамными видами на горы и город, расположенный в башне Sakura Tower. Локация сочетает элегантный современный интерьер, премиальный сервис, изысканные рестораны и атмосферу уединённой роскоши – идеальное место для деловых встреч, особых событий и отдыха на высоте."
HK-99701,Сосукэ,Банкетный зал|Загородная площадка|Ресторан,Алматы,True,False,4000000,True,корпоратив|конференция|юбилей,русский|английский,8,2026-09-25|2026-09-28|2026-10-02|2026-10-03|2026-10-07|2026-10-09|2026-10-11|2026-10-13|2026-10-20|2026-10-25|2026-10-26|2026-10-27|2026-10-28|2026-11-01|2026-11-02|2026-11-03|2026-11-06|2026-11-07|2026-11-11|2026-11-12|2026-11-14|2026-11-16|2026-11-17|2026-11-19|2026-11-20|2026-11-21|2026-11-23|2026-11-27|2026-11-28|2026-12-01|2026-12-02|2026-12-03|2026-12-06|2026-12-07|2026-12-08|2026-12-09|2026-12-11|2026-12-13|2026-12-15|2026-12-16|2026-12-18|2026-12-19|2026-12-21|2026-12-22|2026-12-23|2026-12-24|2026-12-25|2026-12-26|2026-12-27|2026-12-29|2026-12-30|2026-12-31|2027-01-06|2027-01-07|2027-01-10|2027-01-12|2027-01-14|2027-01-19|2027-01-20|2027-02-01|2027-02-12|2027-02-14|2027-02-15|2027-02-19|2027-02-23|2027-03-01|2027-03-03|2027-03-05|2027-03-07|2027-03-09|2027-03-14|2027-03-15|2027-03-17|2027-03-20|2027-03-21|2027-03-22|2027-03-23|2027-03-26|2027-04-02|2027-04-05|2027-04-07|2027-04-08|2027-04-11|2027-04-14|2027-04-15|2027-04-18|2027-04-20|2027-04-21|2027-04-23|2027-04-24|2027-04-29|2027-05-05|2027-05-06|2027-05-13|2027-05-17|2027-05-18|2027-05-23|2027-05-27|2027-05-28|2027-05-31|2027-06-08|2027-06-10|2027-06-12|2027-06-14|2027-06-18|2027-06-20|2027-06-26|2027-06-27|2027-06-30|2027-07-06|2027-07-07|2027-07-12|2027-07-13|2027-07-22|2027-07-26|2027-07-28|2027-08-02|2027-08-12|2027-08-18|2027-08-30|2027-09-01|2027-09-03|2027-09-04|2027-09-10|2027-09-12|2027-09-13|2027-09-14|2027-09-16|2027-09-21,"Ouran Golf Club – премиальный гольф-курорт и ресторанный комплекс в Алматы с живописными панорамами гор, просторными зелёными полями и атмосферой уединённого отдыха. Локация идеально подходит для деловых встреч, ужинов на террасе и спокойного отдыха в окружении природы и элегантного сервиса."
HK-58236,Шинобу Кочо,Банкетный зал|Загородная площадка|Ресторан,Алматы,True,False,3000000,True,той|свадьба|юбилей|корпоратив,казахский|русский,8,2026-09-30|2026-10-03|2026-10-06|2026-10-07|2026-10-16|2026-10-17|2026-10-23|2026-10-31|2026-11-03|2026-11-05|2026-11-08|2026-11-09|2026-11-10|2026-11-14|2026-11-15|2026-11-17|2026-11-18|2026-11-19|2026-11-20|2026-11-24|2026-11-25|2026-11-29|2026-12-02|2026-12-03|2026-12-04|2026-12-05|2026-12-06|2026-12-08|2026-12-10|2026-12-13|2026-12-14|2026-12-15|2026-12-17|2026-12-18|2026-12-19|2026-12-20|2026-12-21|2026-12-22|2026-12-23|2026-12-24|2026-12-25|2026-12-27|2026-12-28|2026-12-29|2026-12-30|2026-12-31|2027-01-03|2027-01-07|2027-01-10|2027-01-16|2027-01-19|2027-01-24|2027-01-25|2027-01-29|2027-02-07|2027-02-12|2027-02-17|2027-02-24|2027-02-27|2027-02-28|2027-03-04|2027-03-07|2027-03-08|2027-03-17|2027-03-18|2027-03-19|2027-03-20|2027-03-21|2027-03-23|2027-03-26|2027-04-01|2027-04-04|2027-04-05|2027-04-24|2027-05-01|2027-05-02|2027-05-03|2027-05-08|2027-05-11|2027-05-13|2027-05-14|2027-05-15|2027-05-16|2027-05-21|2027-05-22|2027-05-23|2027-05-24|2027-05-28|2027-05-29|2027-05-30|2027-06-04|2027-06-05|2027-06-11|2027-06-12|2027-06-13|2027-06-14|2027-06-19|2027-06-22|2027-06-25|2027-06-27|2027-07-01|2027-07-03|2027-07-04|2027-07-05|2027-07-06|2027-07-09|2027-07-10|2027-07-11|2027-07-12|2027-07-13|2027-07-15|2027-07-16|2027-07-18|2027-07-19|2027-07-20|2027-07-22|2027-07-23|2027-07-24|2027-07-25|2027-07-26|2027-07-28|2027-07-30|2027-08-01|2027-08-02|2027-08-07|2027-08-08|2027-08-13|2027-08-14|2027-08-15|2027-08-16|2027-08-17|2027-08-19|2027-08-20|2027-08-21|2027-08-22|2027-08-23|2027-08-24|2027-08-26|2027-08-27|2027-08-29|2027-09-02|2027-09-04|2027-09-05|2027-09-06|2027-09-08|2027-09-09|2027-09-12|2027-09-13|2027-09-15|2027-09-16|2027-09-18|2027-09-19|2027-09-20|2027-09-21|2027-09-22,"Наусикая – атмосферный ресторан национальной казахской кухни на вершине городской горы с панорамным видом на Алматы и горы. Интерьер вдохновлён традиционной юртой и украшен национальными мотивами, а уютная атмосфера и аутентичная кухня делают это место идеальным для знакомства с казахской культурой и красивых вечеров."
HK-50695,Хината Хьюга,Банкетный зал|Ресторан,Алматы,True,False,2000000,True,свадьба|юбилей|день рождения,русский|английский,6,2026-09-24|2026-09-25|2026-09-26|2026-09-27|2026-09-29|2026-09-30|2026-10-01|2026-10-03|2026-10-04|2026-10-06|2026-10-09|2026-10-12|2026-10-15|2026-10-17|2026-10-18|2026-10-27|2026-10-29|2026-10-31|2026-11-05|2026-11-08|2026-11-14|2026-11-16|2026-11-17|2026-11-18|2026-11-20|2026-11-21|2026-11-27|2026-11-29|2026-11-30|2026-12-02|2026-12-03|2026-12-04|2026-12-05|2026-12-06|2026-12-08|2026-12-09|2026-12-10|2026-12-11|2026-12-12|2026-12-13|2026-12-14|2026-12-16|2026-12-18|2026-12-19|2026-12-20|2026-12-22|2026-12-23|2026-12-25|2026-12-26|2026-12-27|2026-12-28|2026-12-29|2026-12-30|2027-01-02|2027-01-03|2027-01-05|2027-01-12|2027-01-14|2027-01-20|2027-01-21|2027-01-30|2027-02-04|2027-02-06|2027-02-17|2027-02-19|2027-02-26|2027-02-28|2027-03-03|2027-03-04|2027-03-06|2027-03-07|2027-03-08|2027-03-10|2027-03-11|2027-03-17|2027-03-19|2027-03-21|2027-03-22|2027-03-24|2027-03-26|2027-03-28|2027-03-29|2027-04-04|2027-04-06|2027-04-09|2027-04-12|2027-04-15|2027-04-16|2027-04-17|2027-04-25|2027-04-26|2027-05-01|2027-05-02|2027-05-03|2027-05-05|2027-05-16|2027-05-17|2027-05-20|2027-05-22|2027-05-23|2027-05-26|2027-05-27|2027-05-30|2027-06-02|2027-06-05|2027-06-06|2027-06-08|2027-06-11|2027-06-12|2027-06-14|2027-06-15|2027-06-17|2027-06-18|2027-06-19|2027-06-20|2027-06-21|2027-06-22|2027-06-26|2027-06-27|2027-07-02|2027-07-03|2027-07-04|2027-07-05|2027-07-06|2027-07-07|2027-07-09|2027-07-10|2027-07-13|2027-07-14|2027-07-16|2027-07-17|2027-07-18|2027-07-19|2027-07-20|2027-07-21|2027-07-23|2027-07-24|2027-07-25|2027-07-29|2027-07-30|2027-07-31|2027-08-01|2027-08-03|2027-08-04|2027-08-05|2027-08-06|2027-08-07|2027-08-08|2027-08-11|2027-08-13|2027-08-14|2027-08-15|2027-08-20|2027-08-22|2027-08-26|2027-08-27|2027-08-28|2027-08-29|2027-08-30|2027-09-04|2027-09-05|2027-09-07|2027-09-08|2027-09-11|2027-09-12|2027-09-13|2027-09-16|2027-09-17|2027-09-19|2027-09-20,"Villa Cavallone – элегантный ресторан итальянской и средиземноморской кухни в Алматы с атмосферой европейской виллы. Пространство сочетает роскошный интерьер, уютные террасы, живую музыку и красивые виды на горы, создавая идеальное место для романтических ужинов, встреч и особых событий."
HK-69010,Дарквнесс,Банкетный зал|Загородная площадка|Ресторан,Алматы,True,False,3500000,True,корпоратив|конференция|свадьба,русский|английский,8,2026-09-27|2026-09-28|2026-10-02|2026-10-03|2026-10-06|2026-10-08|2026-10-11|2026-10-14|2026-10-16|2026-10-20|2026-10-23|2026-10-30|2026-10-31|2026-11-01|2026-11-03|2026-11-04|2026-11-09|2026-11-11|2026-11-14|2026-11-20|2026-11-22|2026-11-23|2026-11-24|2026-11-26|2026-12-04|2026-12-05|2026-12-06|2026-12-08|2026-12-09|2026-12-10|2026-12-11|2026-12-12|2026-12-13|2026-12-14|2026-12-16|2026-12-17|2026-12-18|2026-12-19|2026-12-20|2026-12-21|2026-12-22|2026-12-23|2026-12-25|2026-12-26|2026-12-27|2026-12-28|2026-12-30|2026-12-31|2027-01-01|2027-01-02|2027-01-04|2027-01-07|2027-01-20|2027-01-25|2027-01-29|2027-02-06|2027-02-10|2027-02-14|2027-02-23|2027-02-24|2027-02-27|2027-03-05|2027-03-07|2027-03-08|2027-03-12|2027-03-17|2027-03-18|2027-03-20|2027-03-21|2027-03-22|2027-03-26|2027-03-29|2027-04-04|2027-04-05|2027-04-06|2027-04-07|2027-04-12|2027-04-14|2027-04-20|2027-04-30|2027-05-02|2027-05-04|2027-05-06|2027-05-07|2027-05-08|2027-05-09|2027-05-10|2027-05-12|2027-05-14|2027-05-15|2027-05-16|2027-05-18|2027-05-19|2027-05-22|2027-05-23|2027-05-25|2027-05-30|2027-06-04|2027-06-05|2027-06-06|2027-06-08|2027-06-10|2027-06-12|2027-06-13|2027-06-14|2027-06-18|2027-06-24|2027-06-25|2027-06-26|2027-06-27|2027-06-28|2027-07-01|2027-07-02|2027-07-03|2027-07-04|2027-07-05|2027-07-06|2027-07-09|2027-07-10|2027-07-11|2027-07-12|2027-07-15|2027-07-16|2027-07-17|2027-07-18|2027-07-19|2027-07-23|2027-07-24|2027-07-25|2027-07-29|2027-07-30|2027-08-01|2027-08-05|2027-08-06|2027-08-07|2027-08-08|2027-08-09|2027-08-11|2027-08-12|2027-08-13|2027-08-14|2027-08-15|2027-08-17|2027-08-18|2027-08-19|2027-08-20|2027-08-22|2027-08-26|2027-08-27|2027-08-29|2027-08-30|2027-09-04|2027-09-05|2027-09-07|2027-09-11|2027-09-13|2027-09-18|2027-09-19|2027-09-22,"Totoro Golf Club – атмосферный гольф-клуб и ресторан у подножия Заилийского Алатау в Алматы. Локация сочетает ухоженные зелёные поля, панорамные виды на горы и спокойную премиальную атмосферу. Отличное место для деловых встреч, романтического ужина или отдыха на террасе с красивым видом и европейско-азиатской кухней."
HK-19103,Мэй Кусакабэ,Национальный ансамбль|Танцевальный коллектив|Шоу-программа,Алматы,True,False,400000,False,той|свадьба|юбилей,казахский,2,2026-09-25|2026-09-26|2026-09-30|2026-10-02|2026-10-03|2026-10-06|2026-10-07|2026-10-08|2026-10-09|2026-10-14|2026-10-19|2026-10-24|2026-10-27|2026-11-05|2026-11-06|2026-11-07|2026-11-13|2026-11-15|2026-11-16|2026-11-21|2026-11-23|2026-11-25|2026-11-29|2026-12-01|2026-12-02|2026-12-04|2026-12-05|2026-12-06|2026-12-07|2026-12-08|2026-12-09|2026-12-10|2026-12-11|2026-12-13|2026-12-14|2026-12-15|2026-12-18|2026-12-19|2026-12-20|2026-12-21|2026-12-22|2026-12-24|2026-12-26|2026-12-28|2026-12-29|2026-12-30|2026-12-31|2027-01-20|2027-01-24|2027-01-27|2027-02-06|2027-02-11|2027-02-14|2027-02-18|2027-02-21|2027-02-25|2027-02-26|2027-02-28|2027-03-01|2027-03-05|2027-03-08|2027-03-13|2027-03-14|2027-03-16|2027-03-21|2027-03-22|2027-03-23|2027-04-02|2027-04-03|2027-04-07|2027-04-10|2027-04-15|2027-04-18|2027-04-19|2027-04-20|2027-04-21|2027-04-22|2027-04-23|2027-04-29|2027-04-30|2027-05-02|2027-05-03|2027-05-05|2027-05-08|2027-05-09|2027-05-10|2027-05-14|2027-05-16|2027-05-18|2027-05-22|2027-05-24|2027-05-27|2027-05-28|2027-06-04|2027-06-05|2027-06-07|2027-06-08|2027-06-10|2027-06-12|2027-06-13|2027-06-14|2027-06-16|2027-06-18|2027-06-19|2027-06-20|2027-06-21|2027-06-22|2027-06-25|2027-06-26|2027-06-27|2027-06-30|2027-07-02|2027-07-03|2027-07-04|2027-07-05|2027-07-06|2027-07-08|2027-07-10|2027-07-17|2027-07-18|2027-07-19|2027-07-21|2027-07-24|2027-07-30|2027-07-31|2027-08-01|2027-08-03|2027-08-06|2027-08-07|2027-08-11|2027-08-14|2027-08-15|2027-08-21|2027-08-22|2027-08-23|2027-08-24|2027-08-27|2027-08-28|2027-08-29|2027-08-31|2027-09-02|2027-09-04|2027-09-07|2027-09-09|2027-09-12|2027-09-15|2027-09-17|2027-09-18|2027-09-19,"Творческий коллектив Sakura Dala — духовная, энергичная команда джигитов. Sakura Dala, снискавший народную любовь, готов выступить на вашем торжестве! Если хотите превратить своё торжество в настоящий духовный праздник и подарить гостям незабываемые впечатления — свяжитесь с нами!"
HK-90001,Тихиро Огино,Флорист,Алматы,False,True,250000,False,свадьба|юбилей|той,русский|казахский,,2026-09-25|2026-09-26|2026-09-27|2026-10-01|2026-10-02|2026-10-03|2026-10-05|2026-10-07|2026-10-10|2026-10-16|2026-10-18|2026-10-19|2026-10-20|2026-10-23|2026-11-01|2026-11-03|2026-11-05|2026-11-06|2026-11-07|2026-11-08|2026-11-09|2026-11-10|2026-11-15|2026-11-16|2026-11-21|2026-11-26|2026-11-30|2026-12-03|2026-12-04|2026-12-05|2026-12-06|2026-12-07|2026-12-08|2026-12-09|2026-12-11|2026-12-12|2026-12-13|2026-12-15|2026-12-17|2026-12-18|2026-12-19|2026-12-20|2026-12-23|2026-12-24|2026-12-25|2026-12-26|2026-12-27|2026-12-28|2026-12-30|2027-01-02|2027-01-08|2027-01-09|2027-01-12|2027-01-17|2027-01-18|2027-01-22|2027-01-23|2027-01-28|2027-01-30|2027-01-31|2027-02-02|2027-02-10|2027-02-14|2027-02-15|2027-02-22|2027-02-23|2027-02-26|2027-03-03|2027-03-07|2027-03-08|2027-03-09|2027-03-16|2027-03-20|2027-03-21|2027-03-22|2027-03-23|2027-03-24|2027-03-26|2027-03-31|2027-04-01|2027-04-03|2027-04-04|2027-04-06|2027-04-08|2027-04-11|2027-04-13|2027-04-14|2027-04-17|2027-04-20|2027-04-23|2027-04-24|2027-04-27|2027-04-28|2027-05-02|2027-05-04|2027-05-08|2027-05-09|2027-05-10|2027-05-11|2027-05-13|2027-05-15|2027-05-18|2027-05-19|2027-05-21|2027-05-22|2027-05-24|2027-05-26|2027-05-27|2027-05-29|2027-05-30|2027-06-03|2027-06-04|2027-06-05|2027-06-06|2027-06-07|2027-06-09|2027-06-11|2027-06-13|2027-06-14|2027-06-18|2027-06-19|2027-06-25|2027-06-27|2027-07-01|2027-07-04|2027-07-06|2027-07-08|2027-07-09|2027-07-10|2027-07-14|2027-07-16|2027-07-17|2027-07-18|2027-07-21|2027-07-22|2027-07-23|2027-07-25|2027-07-26|2027-07-27|2027-07-29|2027-07-31|2027-08-05|2027-08-06|2027-08-07|2027-08-08|2027-08-09|2027-08-10|2027-08-13|2027-08-14|2027-08-15|2027-08-18|2027-08-19|2027-08-20|2027-08-21|2027-08-22|2027-08-23|2027-08-24|2027-08-26|2027-08-27|2027-08-28|2027-08-29|2027-08-30|2027-09-01|2027-09-04|2027-09-09|2027-09-10|2027-09-11|2027-09-17|2027-09-18|2027-09-20|2027-09-21,"White Sakura Studio — авторская флористика для свадеб и юбилеев. Работаем с сезонными и привозными цветами, собираем композиции под цветовую палитру мероприятия — от букета невесты до оформления стола молодожёнов."
HK-90002,Хаку,Флорист,Астана,False,True,300000,False,корпоратив|конференция|юбилей|свадьба,русский,,2026-09-24|2026-09-28|2026-09-29|2026-10-02|2026-10-04|2026-10-05|2026-10-06|2026-10-07|2026-10-11|2026-10-13|2026-10-15|2026-10-18|2026-10-21|2026-10-23|2026-10-31|2026-11-01|2026-11-02|2026-11-05|2026-11-07|2026-11-09|2026-11-10|2026-11-19|2026-11-21|2026-11-22|2026-11-27|2026-12-02|2026-12-04|2026-12-06|2026-12-08|2026-12-09|2026-12-10|2026-12-11|2026-12-12|2026-12-13|2026-12-14|2026-12-15|2026-12-16|2026-12-18|2026-12-20|2026-12-21|2026-12-22|2026-12-23|2026-12-24|2026-12-26|2026-12-27|2026-12-28|2026-12-30|2026-12-31|2027-01-02|2027-01-03|2027-01-05|2027-01-07|2027-01-10|2027-01-12|2027-01-17|2027-01-24|2027-01-29|2027-01-30|2027-02-11|2027-02-12|2027-02-14|2027-02-17|2027-02-19|2027-02-27|2027-03-05|2027-03-06|2027-03-08|2027-03-13|2027-03-16|2027-03-19|2027-03-20|2027-03-22|2027-03-25|2027-03-27|2027-03-28|2027-04-04|2027-04-06|2027-04-10|2027-04-11|2027-04-15|2027-04-19|2027-04-25|2027-05-01|2027-05-02|2027-05-03|2027-05-05|2027-05-13|2027-05-14|2027-05-15|2027-05-17|2027-05-22|2027-05-23|2027-05-28|2027-06-01|2027-06-05|2027-06-06|2027-06-09|2027-06-10|2027-06-13|2027-06-14|2027-06-15|2027-06-17|2027-06-19|2027-06-20|2027-06-21|2027-06-22|2027-06-25|2027-06-29|2027-07-02|2027-07-03|2027-07-04|2027-07-09|2027-07-10|2027-07-11|2027-07-14|2027-07-18|2027-07-19|2027-07-20|2027-07-21|2027-07-22|2027-07-23|2027-07-24|2027-07-25|2027-07-26|2027-07-29|2027-07-30|2027-07-31|2027-08-01|2027-08-06|2027-08-07|2027-08-08|2027-08-11|2027-08-13|2027-08-14|2027-08-15|2027-08-18|2027-08-20|2027-08-22|2027-08-24|2027-08-26|2027-08-27|2027-08-28|2027-08-29|2027-08-30|2027-09-04|2027-09-05|2027-09-07|2027-09-09|2027-09-10|2027-09-11|2027-09-12|2027-09-16|2027-09-18,"Ирис Botanica — флористическое оформление корпоративных и частных событий: welcome-зоны, президиумы, фотозоны. Предлагаем композиции в разных стилях, от минимализма до пышного декора."
HK-90003,Усопп,Декоратор,Алматы,False,True,1800000,False,свадьба|корпоратив,русский,,2026-09-23|2026-09-26|2026-09-27|2026-10-01|2026-10-03|2026-10-18|2026-10-19|2026-10-22|2026-10-23|2026-10-26|2026-10-29|2026-10-31|2026-11-07|2026-11-08|2026-11-09|2026-11-11|2026-11-14|2026-11-20|2026-11-22|2026-11-23|2026-11-25|2026-12-01|2026-12-03|2026-12-04|2026-12-06|2026-12-07|2026-12-08|2026-12-09|2026-12-10|2026-12-11|2026-12-12|2026-12-13|2026-12-14|2026-12-16|2026-12-17|2026-12-18|2026-12-19|2026-12-21|2026-12-22|2026-12-23|2026-12-24|2026-12-25|2026-12-28|2026-12-29|2026-12-31|2027-01-03|2027-01-08|2027-01-23|2027-01-27|2027-01-29|2027-02-04|2027-02-07|2027-02-09|2027-02-10|2027-02-12|2027-02-13|2027-02-14|2027-02-15|2027-02-17|2027-02-21|2027-02-27|2027-03-03|2027-03-07|2027-03-14|2027-03-20|2027-03-21|2027-03-23|2027-03-24|2027-03-25|2027-03-26|2027-03-29|2027-03-31|2027-04-01|2027-04-02|2027-04-03|2027-04-04|2027-04-09|2027-04-17|2027-04-18|2027-04-19|2027-04-24|2027-04-25|2027-04-27|2027-05-01|2027-05-03|2027-05-08|2027-05-09|2027-05-12|2027-05-14|2027-05-15|2027-05-16|2027-05-22|2027-05-23|2027-05-24|2027-05-26|2027-05-28|2027-05-30|2027-06-05|2027-06-06|2027-06-07|2027-06-10|2027-06-11|2027-06-13|2027-06-25|2027-07-02|2027-07-03|2027-07-04|2027-07-05|2027-07-09|2027-07-10|2027-07-11|2027-07-13|2027-07-14|2027-07-16|2027-07-17|2027-07-23|2027-07-24|2027-07-25|2027-07-26|2027-07-27|2027-07-29|2027-07-30|2027-07-31|2027-08-01|2027-08-03|2027-08-04|2027-08-05|2027-08-06|2027-08-13|2027-08-14|2027-08-15|2027-08-17|2027-08-19|2027-08-20|2027-08-21|2027-08-22|2027-08-25|2027-08-27|2027-08-28|2027-08-29|2027-09-02|2027-09-04|2027-09-05|2027-09-10|2027-09-11|2027-09-12|2027-09-14|2027-09-15|2027-09-17|2027-09-18|2027-09-19|2027-09-22,"Concept Lumen — световые и объёмные инсталляции для свадеб и корпоративных мероприятий: неоновые вывески, шар-гирлянды, тканевый декор потолка. Работаем под ключ: проект, монтаж, демонтаж."
HK-90004,Франки,Декоратор,Алматы,False,True,2200000,False,корпоратив|конференция|свадьба,русский,,2026-09-24|2026-09-30|2026-10-02|2026-10-04|2026-10-07|2026-10-09|2026-10-14|2026-10-17|2026-10-19|2026-10-20|2026-10-22|2026-10-25|2026-10-26|2026-10-29|2026-10-30|2026-10-31|2026-11-01|2026-11-06|2026-11-07|2026-11-14|2026-11-16|2026-11-18|2026-11-19|2026-11-20|2026-11-21|2026-11-22|2026-11-23|2026-11-28|2026-11-29|2026-11-30|2026-12-02|2026-12-03|2026-12-05|2026-12-08|2026-12-10|2026-12-11|2026-12-12|2026-12-13|2026-12-14|2026-12-15|2026-12-16|2026-12-17|2026-12-18|2026-12-19|2026-12-21|2026-12-22|2026-12-23|2026-12-24|2026-12-25|2026-12-26|2026-12-27|2026-12-29|2026-12-30|2026-12-31|2027-01-02|2027-01-03|2027-01-05|2027-01-06|2027-01-10|2027-01-13|2027-01-14|2027-01-16|2027-01-18|2027-01-19|2027-01-21|2027-01-24|2027-01-27|2027-01-29|2027-01-31|2027-02-03|2027-02-06|2027-02-07|2027-02-14|2027-02-17|2027-02-24|2027-02-27|2027-03-01|2027-03-07|2027-03-08|2027-03-11|2027-03-13|2027-03-16|2027-03-21|2027-03-22|2027-03-26|2027-03-27|2027-03-29|2027-04-02|2027-04-03|2027-04-04|2027-04-09|2027-04-10|2027-04-12|2027-04-17|2027-04-19|2027-04-21|2027-04-23|2027-04-26|2027-04-28|2027-04-29|2027-05-01|2027-05-02|2027-05-05|2027-05-07|2027-05-08|2027-05-11|2027-05-14|2027-05-15|2027-05-17|2027-05-18|2027-05-19|2027-05-22|2027-05-23|2027-05-25|2027-05-27|2027-05-29|2027-05-30|2027-05-31|2027-06-01|2027-06-03|2027-06-04|2027-06-05|2027-06-07|2027-06-08|2027-06-09|2027-06-11|2027-06-12|2027-06-13|2027-06-16|2027-06-18|2027-06-19|2027-06-22|2027-06-25|2027-06-26|2027-06-27|2027-06-28|2027-07-02|2027-07-04|2027-07-05|2027-07-06|2027-07-07|2027-07-09|2027-07-10|2027-07-11|2027-07-15|2027-07-16|2027-07-18|2027-07-21|2027-07-23|2027-07-24|2027-07-27|2027-07-30|2027-07-31|2027-08-01|2027-08-05|2027-08-06|2027-08-07|2027-08-09|2027-08-10|2027-08-11|2027-08-13|2027-08-14|2027-08-15|2027-08-17|2027-08-19|2027-08-20|2027-08-21|2027-08-22|2027-08-23|2027-08-27|2027-08-28|2027-08-29|2027-08-31|2027-09-01|2027-09-03|2027-09-04|2027-09-05|2027-09-06|2027-09-08|2027-09-09|2027-09-11|2027-09-13|2027-09-17|2027-09-18|2027-09-19|2027-09-22,"Студия Каркас — сценография и декор больших мероприятий: подиумы, арки, фотозоны на металлокаркасе. Берём проекты премиум-уровня с индивидуальным эскизом под концепцию клиента."
HK-90005,Виолетта Эвергарден,Подарки и сувениры,Алматы,False,True,120000,True,свадьба|юбилей,русский,,2026-09-25|2026-09-26|2026-09-27|2026-10-01|2026-10-02|2026-10-03|2026-10-04|2026-10-09|2026-10-10|2026-10-12|2026-10-14|2026-10-15|2026-10-17|2026-10-22|2026-10-23|2026-10-31|2026-11-01|2026-11-02|2026-11-03|2026-11-07|2026-11-09|2026-11-11|2026-11-12|2026-11-13|2026-11-21|2026-11-22|2026-11-27|2026-11-28|2026-11-29|2026-12-01|2026-12-02|2026-12-03|2026-12-04|2026-12-05|2026-12-06|2026-12-07|2026-12-08|2026-12-09|2026-12-11|2026-12-13|2026-12-15|2026-12-16|2026-12-18|2026-12-19|2026-12-20|2026-12-21|2026-12-22|2026-12-25|2026-12-26|2026-12-27|2026-12-28|2026-12-29|2026-12-31|2027-01-01|2027-01-02|2027-01-03|2027-01-05|2027-01-06|2027-01-09|2027-01-17|2027-01-18|2027-01-28|2027-01-29|2027-01-30|2027-01-31|2027-02-01|2027-02-02|2027-02-07|2027-02-08|2027-02-10|2027-02-13|2027-02-17|2027-02-19|2027-02-26|2027-03-01|2027-03-03|2027-03-18|2027-03-19|2027-03-20|2027-03-21|2027-03-22|2027-03-23|2027-03-25|2027-03-27|2027-03-28|2027-03-30|2027-03-31|2027-04-03|2027-04-04|2027-04-06|2027-04-09|2027-04-10|2027-04-11|2027-04-12|2027-04-14|2027-04-20|2027-04-22|2027-04-24|2027-04-25|2027-04-26|2027-05-01|2027-05-03|2027-05-04|2027-05-09|2027-05-10|2027-05-13|2027-05-14|2027-05-15|2027-05-16|2027-05-17|2027-05-27|2027-06-02|2027-06-04|2027-06-05|2027-06-06|2027-06-11|2027-06-12|2027-06-13|2027-06-15|2027-06-16|2027-06-18|2027-06-19|2027-06-20|2027-06-22|2027-06-23|2027-06-25|2027-06-26|2027-06-27|2027-07-01|2027-07-02|2027-07-03|2027-07-04|2027-07-05|2027-07-06|2027-07-07|2027-07-09|2027-07-10|2027-07-11|2027-07-12|2027-07-17|2027-07-24|2027-07-25|2027-07-27|2027-07-30|2027-08-01|2027-08-03|2027-08-05|2027-08-06|2027-08-07|2027-08-08|2027-08-10|2027-08-13|2027-08-14|2027-08-15|2027-08-17|2027-08-18|2027-08-20|2027-08-21|2027-08-22|2027-08-24|2027-08-27|2027-08-28|2027-08-29|2027-08-30|2027-09-01|2027-09-02|2027-09-05|2027-09-10|2027-09-11|2027-09-12|2027-09-16|2027-09-18|2027-09-19|2027-09-21|2027-09-22,"Letters & Sweets — именные открытки и подарочные наборы для гостей мероприятия: карточки рассадки, welcome-боксы, сладости с индивидуальным дизайном под тематику события."
HK-90006,Лойд Форджер,Подарки и сувениры,Астана,False,True,100000,True,корпоратив|конференция,русский|английский,,2026-09-23|2026-09-26|2026-09-30|2026-10-01|2026-10-02|2026-10-03|2026-10-04|2026-10-06|2026-10-07|2026-10-11|2026-10-16|2026-10-17|2026-10-19|2026-10-24|2026-10-25|2026-10-27|2026-10-30|2026-11-01|2026-11-03|2026-11-07|2026-11-08|2026-11-10|2026-11-11|2026-11-12|2026-11-13|2026-11-16|2026-11-18|2026-11-20|2026-11-22|2026-11-24|2026-11-26|2026-11-27|2026-11-28|2026-11-29|2026-12-02|2026-12-03|2026-12-04|2026-12-08|2026-12-10|2026-12-12|2026-12-13|2026-12-14|2026-12-15|2026-12-16|2026-12-17|2026-12-18|2026-12-19|2026-12-20|2026-12-21|2026-12-22|2026-12-24|2026-12-25|2026-12-26|2026-12-29|2026-12-30|2026-12-31|2027-01-06|2027-01-14|2027-01-18|2027-01-21|2027-01-25|2027-02-04|2027-02-06|2027-02-07|2027-02-08|2027-02-09|2027-02-10|2027-02-13|2027-02-14|2027-02-15|2027-02-22|2027-02-23|2027-02-25|2027-02-27|2027-02-28|2027-03-03|2027-03-06|2027-03-08|2027-03-18|2027-03-20|2027-03-21|2027-03-22|2027-03-23|2027-03-26|2027-03-29|2027-03-31|2027-04-01|2027-04-05|2027-04-07|2027-04-08|2027-04-09|2027-04-13|2027-04-15|2027-04-17|2027-04-19|2027-04-21|2027-04-22|2027-04-27|2027-04-30|2027-05-11|2027-05-13|2027-05-16|2027-05-17|2027-05-25|2027-05-26|2027-05-27|2027-06-06|2027-06-09|2027-06-10|2027-06-12|2027-06-15|2027-06-17|2027-06-22|2027-06-26|2027-07-01|2027-07-02|2027-07-06|2027-07-09|2027-07-21|2027-07-22|2027-07-28|2027-08-02|2027-08-31|2027-09-03|2027-09-05|2027-09-06|2027-09-08|2027-09-09|2027-09-10|2027-09-16|2027-09-17|2027-09-20,"Print & Magnet Craft — брендированный мерч и сувениры для корпоративных мероприятий: фотомагниты, значки, блокноты с логотипом компании. Минимальный тираж от 20 штук."
HK-90007,Субару Нацуки,Ведущий церемонии,Алматы,False,True,250000,False,свадьба,казахский|русский,3,2026-09-25|2026-09-26|2026-09-28|2026-09-29|2026-09-30|2026-10-01|2026-10-02|2026-10-03|2026-10-04|2026-10-06|2026-10-09|2026-10-10|2026-10-11|2026-10-13|2026-10-16|2026-10-17|2026-10-18|2026-10-20|2026-10-23|2026-10-25|2026-10-26|2026-10-28|2026-11-02|2026-11-03|2026-11-05|2026-11-06|2026-11-08|2026-11-11|2026-11-12|2026-11-16|2026-11-20|2026-11-21|2026-11-23|2026-11-25|2026-12-01|2026-12-02|2026-12-03|2026-12-04|2026-12-06|2026-12-07|2026-12-08|2026-12-10|2026-12-13|2026-12-14|2026-12-15|2026-12-16|2026-12-17|2026-12-18|2026-12-20|2026-12-21|2026-12-23|2026-12-24|2026-12-25|2026-12-26|2026-12-28|2026-12-31|2027-01-01|2027-01-02|2027-01-03|2027-01-08|2027-01-09|2027-01-17|2027-01-21|2027-01-22|2027-01-24|2027-01-26|2027-01-27|2027-02-01|2027-02-12|2027-02-14|2027-02-15|2027-02-17|2027-02-18|2027-02-25|2027-02-27|2027-02-28|2027-03-05|2027-03-07|2027-03-08|2027-03-11|2027-03-13|2027-03-14|2027-03-16|2027-03-19|2027-03-20|2027-03-21|2027-03-22|2027-03-23|2027-03-26|2027-03-28|2027-03-29|2027-04-01|2027-04-03|2027-04-04|2027-04-07|2027-04-09|2027-04-10|2027-04-11|2027-04-15|2027-04-17|2027-04-20|2027-04-23|2027-04-24|2027-04-27|2027-04-28|2027-05-02|2027-05-04|2027-05-05|2027-05-08|2027-05-11|2027-05-16|2027-05-17|2027-05-26|2027-05-27|2027-05-28|2027-05-29|2027-05-30|2027-05-31|2027-06-04|2027-06-05|2027-06-06|2027-06-09|2027-06-11|2027-06-12|2027-06-13|2027-06-15|2027-06-17|2027-06-18|2027-06-19|2027-06-20|2027-06-24|2027-06-25|2027-06-26|2027-06-27|2027-06-29|2027-06-30|2027-07-02|2027-07-03|2027-07-04|2027-07-05|2027-07-06|2027-07-07|2027-07-09|2027-07-10|2027-07-11|2027-07-13|2027-07-14|2027-07-16|2027-07-17|2027-07-18|2027-07-19|2027-07-23|2027-07-24|2027-07-30|2027-07-31|2027-08-01|2027-08-02|2027-08-06|2027-08-07|2027-08-09|2027-08-12|2027-08-13|2027-08-14|2027-08-15|2027-08-16|2027-08-17|2027-08-20|2027-08-21|2027-08-22|2027-08-23|2027-08-24|2027-08-27|2027-08-28|2027-08-29|2027-08-30|2027-09-01|2027-09-02|2027-09-03|2027-09-04|2027-09-05|2027-09-11|2027-09-12|2027-09-13|2027-09-14|2027-09-15|2027-09-17|2027-09-19|2027-09-22,"Провожу выездную регистрацию и церемонию бракосочетания на казахском и русском языках. Работаю по сценарию пары, без шаблонных фраз — каждая церемония собирается индивидуально под историю молодожёнов."
HK-90008,Рем,Ведущий церемонии,Астана,False,True,220000,False,свадьба,русский,3,2026-09-23|2026-09-24|2026-09-25|2026-10-08|2026-10-10|2026-10-15|2026-10-18|2026-10-21|2026-10-23|2026-10-27|2026-10-31|2026-11-01|2026-11-02|2026-11-06|2026-11-07|2026-11-08|2026-11-09|2026-11-11|2026-11-12|2026-11-14|2026-11-21|2026-11-22|2026-11-23|2026-11-25|2026-11-28|2026-12-01|2026-12-02|2026-12-03|2026-12-07|2026-12-08|2026-12-10|2026-12-11|2026-12-13|2026-12-15|2026-12-16|2026-12-17|2026-12-18|2026-12-20|2026-12-21|2026-12-22|2026-12-23|2026-12-24|2026-12-25|2026-12-26|2026-12-27|2026-12-28|2026-12-29|2026-12-30|2026-12-31|2027-01-02|2027-01-03|2027-01-06|2027-01-08|2027-01-09|2027-01-11|2027-02-02|2027-02-10|2027-02-12|2027-02-14|2027-02-16|2027-02-19|2027-02-28|2027-03-05|2027-03-06|2027-03-07|2027-03-08|2027-03-10|2027-03-15|2027-03-16|2027-03-17|2027-03-18|2027-03-20|2027-03-21|2027-03-22|2027-04-02|2027-04-04|2027-04-10|2027-04-11|2027-04-14|2027-04-15|2027-04-19|2027-04-20|2027-04-24|2027-04-25|2027-04-28|2027-05-01|2027-05-03|2027-05-08|2027-05-14|2027-05-16|2027-05-23|2027-05-28|2027-05-29|2027-05-30|2027-06-04|2027-06-05|2027-06-06|2027-06-11|2027-06-12|2027-06-13|2027-06-14|2027-06-15|2027-06-18|2027-06-20|2027-06-25|2027-06-26|2027-06-27|2027-06-28|2027-07-02|2027-07-04|2027-07-09|2027-07-10|2027-07-12|2027-07-14|2027-07-15|2027-07-16|2027-07-17|2027-07-18|2027-07-19|2027-07-21|2027-07-22|2027-07-24|2027-07-25|2027-07-30|2027-07-31|2027-08-01|2027-08-02|2027-08-03|2027-08-05|2027-08-06|2027-08-07|2027-08-09|2027-08-10|2027-08-11|2027-08-19|2027-08-20|2027-08-22|2027-08-25|2027-08-26|2027-08-27|2027-08-29|2027-09-01|2027-09-03|2027-09-08|2027-09-09|2027-09-10|2027-09-11|2027-09-16|2027-09-18|2027-09-19|2027-09-21|2027-09-22,"Церемониймейстер выездных регистраций брака. Спокойная, тёплая подача, помогаю паре и гостям прожить церемонию без спешки и лишнего пафоса."
HK-90009,Кадзума Сато,Фото и видеобудки,Алматы,False,True,300000,False,свадьба|корпоратив,русский,6,2026-09-25|2026-09-30|2026-10-02|2026-10-04|2026-10-08|2026-10-10|2026-10-12|2026-10-16|2026-10-22|2026-10-24|2026-10-25|2026-10-27|2026-11-04|2026-11-08|2026-11-13|2026-11-14|2026-11-16|2026-11-17|2026-11-20|2026-11-25|2026-11-27|2026-11-28|2026-11-29|2026-11-30|2026-12-03|2026-12-04|2026-12-05|2026-12-06|2026-12-07|2026-12-08|2026-12-10|2026-12-11|2026-12-12|2026-12-14|2026-12-15|2026-12-16|2026-12-17|2026-12-19|2026-12-20|2026-12-22|2026-12-23|2026-12-25|2026-12-26|2026-12-27|2026-12-28|2026-12-29|2026-12-30|2027-01-02|2027-01-03|2027-01-10|2027-01-15|2027-01-16|2027-01-17|2027-01-19|2027-01-24|2027-01-31|2027-02-02|2027-02-03|2027-02-14|2027-02-16|2027-02-18|2027-02-19|2027-02-22|2027-02-23|2027-02-25|2027-02-27|2027-03-02|2027-03-03|2027-03-07|2027-03-08|2027-03-10|2027-03-16|2027-03-20|2027-03-21|2027-03-22|2027-03-23|2027-03-24|2027-03-25|2027-03-26|2027-03-27|2027-04-13|2027-04-15|2027-04-16|2027-04-18|2027-04-19|2027-04-20|2027-04-21|2027-04-26|2027-04-29|2027-05-01|2027-05-02|2027-05-04|2027-05-06|2027-05-08|2027-05-09|2027-05-11|2027-05-12|2027-05-15|2027-05-16|2027-05-17|2027-05-23|2027-05-25|2027-05-27|2027-05-31|2027-06-01|2027-06-04|2027-06-05|2027-06-06|2027-06-10|2027-06-11|2027-06-13|2027-06-15|2027-06-17|2027-06-19|2027-06-20|2027-06-21|2027-06-22|2027-06-23|2027-06-25|2027-06-26|2027-06-27|2027-07-02|2027-07-03|2027-07-05|2027-07-06|2027-07-07|2027-07-09|2027-07-11|2027-07-13|2027-07-14|2027-07-16|2027-07-17|2027-07-18|2027-07-24|2027-07-25|2027-07-30|2027-08-01|2027-08-02|2027-08-03|2027-08-04|2027-08-07|2027-08-13|2027-08-14|2027-08-15|2027-08-18|2027-08-19|2027-08-20|2027-08-21|2027-08-22|2027-08-25|2027-08-27|2027-08-28|2027-08-29|2027-08-30|2027-09-02|2027-09-09|2027-09-10|2027-09-11|2027-09-12|2027-09-13|2027-09-21,"Instant Frame Booth — интерактивная фотобудка с мгновенной печатью снимков и брендированной рамкой. Подходит для свадеб и корпоративных мероприятий, аренда от 3 часов."
HK-90010,Аква,Фото и видеобудки,Астана,False,True,280000,False,свадьба|корпоратив|день рождения,русский,6,2026-09-25|2026-09-27|2026-09-29|2026-10-08|2026-10-09|2026-10-10|2026-10-13|2026-10-16|2026-10-17|2026-10-18|2026-10-19|2026-10-24|2026-10-25|2026-10-26|2026-10-27|2026-10-28|2026-10-29|2026-10-30|2026-11-01|2026-11-02|2026-11-05|2026-11-13|2026-11-14|2026-11-16|2026-11-20|2026-11-21|2026-11-22|2026-11-24|2026-11-26|2026-11-28|2026-12-01|2026-12-02|2026-12-03|2026-12-04|2026-12-05|2026-12-08|2026-12-09|2026-12-10|2026-12-11|2026-12-13|2026-12-14|2026-12-15|2026-12-16|2026-12-17|2026-12-18|2026-12-19|2026-12-20|2026-12-22|2026-12-23|2026-12-24|2026-12-26|2026-12-29|2026-12-30|2027-01-02|2027-01-03|2027-01-04|2027-01-06|2027-01-07|2027-01-09|2027-01-10|2027-01-15|2027-01-16|2027-01-24|2027-01-25|2027-01-28|2027-01-29|2027-02-05|2027-02-08|2027-02-10|2027-02-12|2027-02-20|2027-02-26|2027-02-28|2027-03-01|2027-03-02|2027-03-03|2027-03-06|2027-03-07|2027-03-08|2027-03-10|2027-03-11|2027-03-13|2027-03-16|2027-03-20|2027-03-21|2027-03-22|2027-03-23|2027-03-26|2027-03-28|2027-03-29|2027-03-30|2027-04-01|2027-04-05|2027-04-06|2027-04-07|2027-04-08|2027-04-10|2027-04-12|2027-04-13|2027-04-14|2027-04-21|2027-04-23|2027-04-25|2027-05-01|2027-05-05|2027-05-06|2027-05-07|2027-05-08|2027-05-09|2027-05-12|2027-05-14|2027-05-15|2027-05-16|2027-05-20|2027-05-21|2027-05-22|2027-05-23|2027-05-25|2027-05-28|2027-05-29|2027-06-01|2027-06-02|2027-06-05|2027-06-06|2027-06-10|2027-06-11|2027-06-13|2027-06-15|2027-06-16|2027-06-18|2027-06-19|2027-06-21|2027-06-24|2027-06-25|2027-06-27|2027-06-28|2027-07-02|2027-07-04|2027-07-07|2027-07-09|2027-07-11|2027-07-12|2027-07-14|2027-07-16|2027-07-17|2027-07-18|2027-07-23|2027-07-24|2027-07-25|2027-07-27|2027-07-31|2027-08-01|2027-08-05|2027-08-06|2027-08-07|2027-08-08|2027-08-12|2027-08-13|2027-08-16|2027-08-19|2027-08-20|2027-08-21|2027-08-27|2027-08-28|2027-08-29|2027-08-30|2027-09-03|2027-09-04|2027-09-05|2027-09-08|2027-09-12|2027-09-14|2027-09-18|2027-09-19|2027-09-21,"Magic Mirror Photo — зеркальная фотобудка с сенсорным экраном, анимацией и печатью фото. Гости взаимодействуют с зеркалом как с интерактивным гостем праздника."
HK-90011,Гохан,Банкетный зал|Отель|Ресторан,Алматы,False,True,3200000,True,свадьба|той|корпоратив|юбилей,казахский|русский,8,2026-09-23|2026-09-24|2026-09-28|2026-10-03|2026-10-07|2026-10-10|2026-10-11|2026-10-14|2026-10-16|2026-10-17|2026-10-18|2026-10-19|2026-10-20|2026-10-25|2026-10-29|2026-10-31|2026-11-10|2026-11-11|2026-11-15|2026-11-16|2026-11-22|2026-11-26|2026-12-01|2026-12-02|2026-12-03|2026-12-06|2026-12-08|2026-12-09|2026-12-10|2026-12-11|2026-12-12|2026-12-13|2026-12-14|2026-12-15|2026-12-16|2026-12-19|2026-12-20|2026-12-21|2026-12-23|2026-12-24|2026-12-25|2026-12-26|2026-12-27|2026-12-28|2026-12-29|2026-12-30|2027-01-02|2027-01-03|2027-01-08|2027-01-09|2027-01-12|2027-01-13|2027-01-24|2027-01-26|2027-02-03|2027-02-10|2027-02-14|2027-02-16|2027-02-20|2027-02-21|2027-02-25|2027-03-01|2027-03-02|2027-03-03|2027-03-05|2027-03-09|2027-03-16|2027-03-17|2027-03-25|2027-03-26|2027-04-02|2027-04-06|2027-04-09|2027-04-11|2027-04-12|2027-04-17|2027-04-18|2027-04-22|2027-04-23|2027-04-24|2027-04-27|2027-04-29|2027-04-30|2027-05-02|2027-05-04|2027-05-08|2027-05-09|2027-05-18|2027-05-20|2027-05-22|2027-05-30|2027-05-31|2027-06-01|2027-06-02|2027-06-03|2027-06-04|2027-06-06|2027-06-08|2027-06-11|2027-06-12|2027-06-14|2027-06-18|2027-06-19|2027-06-20|2027-06-25|2027-06-26|2027-06-27|2027-07-01|2027-07-02|2027-07-06|2027-07-10|2027-07-11|2027-07-13|2027-07-16|2027-07-17|2027-07-18|2027-07-23|2027-07-25|2027-07-29|2027-07-30|2027-07-31|2027-08-03|2027-08-04|2027-08-06|2027-08-07|2027-08-08|2027-08-10|2027-08-13|2027-08-14|2027-08-15|2027-08-16|2027-08-20|2027-08-21|2027-08-22|2027-08-24|2027-08-25|2027-08-26|2027-08-27|2027-08-28|2027-09-02|2027-09-05|2027-09-06|2027-09-07|2027-09-10|2027-09-11|2027-09-12|2027-09-13|2027-09-14|2027-09-16|2027-09-19|2027-09-21|2027-09-22,"Grand Sora Hotel – отель с банкетным залом и рестораном в центре Алматы. Панорамные окна, вместимость зала до 200 гостей, свой кейтеринг и парковка для гостей мероприятия."
HK-90012,Веджита,Банкетный зал|Отель,Астана,False,True,2800000,True,корпоратив|конференция|свадьба|юбилей,русский|английский,10,2026-09-25|2026-09-27|2026-09-29|2026-10-01|2026-10-02|2026-10-05|2026-10-11|2026-10-13|2026-10-15|2026-10-16|2026-10-18|2026-10-19|2026-10-21|2026-10-23|2026-10-26|2026-10-27|2026-10-28|2026-10-30|2026-11-02|2026-11-09|2026-11-11|2026-11-13|2026-11-14|2026-11-21|2026-11-24|2026-11-25|2026-11-27|2026-11-28|2026-11-29|2026-11-30|2026-12-01|2026-12-02|2026-12-03|2026-12-04|2026-12-05|2026-12-06|2026-12-07|2026-12-09|2026-12-10|2026-12-11|2026-12-12|2026-12-13|2026-12-15|2026-12-16|2026-12-17|2026-12-18|2026-12-19|2026-12-21|2026-12-24|2026-12-26|2026-12-27|2026-12-28|2026-12-29|2026-12-30|2027-01-03|2027-01-12|2027-01-13|2027-01-15|2027-01-17|2027-01-19|2027-01-24|2027-01-26|2027-02-07|2027-02-08|2027-02-13|2027-02-14|2027-02-21|2027-02-23|2027-03-01|2027-03-02|2027-03-03|2027-03-05|2027-03-07|2027-03-08|2027-03-09|2027-03-10|2027-03-15|2027-03-17|2027-03-20|2027-03-21|2027-03-22|2027-03-23|2027-03-28|2027-04-04|2027-04-08|2027-04-09|2027-04-15|2027-04-16|2027-04-17|2027-04-18|2027-04-21|2027-04-24|2027-04-25|2027-04-29|2027-04-30|2027-05-01|2027-05-02|2027-05-04|2027-05-06|2027-05-09|2027-05-10|2027-05-12|2027-05-15|2027-05-16|2027-05-17|2027-05-21|2027-05-22|2027-05-23|2027-05-27|2027-05-28|2027-05-29|2027-05-30|2027-06-01|2027-06-02|2027-06-03|2027-06-05|2027-06-06|2027-06-07|2027-06-08|2027-06-11|2027-06-12|2027-06-13|2027-06-15|2027-06-16|2027-06-17|2027-06-18|2027-06-19|2027-06-20|2027-06-25|2027-06-26|2027-06-27|2027-06-28|2027-06-29|2027-07-02|2027-07-03|2027-07-04|2027-07-05|2027-07-07|2027-07-08|2027-07-09|2027-07-11|2027-07-15|2027-07-16|2027-07-17|2027-07-18|2027-07-20|2027-07-22|2027-07-23|2027-07-24|2027-07-28|2027-07-30|2027-07-31|2027-08-01|2027-08-03|2027-08-04|2027-08-08|2027-08-10|2027-08-11|2027-08-12|2027-08-13|2027-08-14|2027-08-16|2027-08-17|2027-08-18|2027-08-19|2027-08-20|2027-08-22|2027-08-24|2027-08-28|2027-08-29|2027-08-30|2027-09-01|2027-09-04|2027-09-06|2027-09-07|2027-09-08|2027-09-11|2027-09-12|2027-09-15|2027-09-19|2027-09-21,"Skyline Crown Hotel – отель делового класса с двумя банкетными залами разной вместимости. Подходит для корпоративных конференций, свадеб и юбилеев, есть техническое оснащение для презентаций."
HK-90013,Ямча,Инструменталист,Алматы,False,True,400000,False,свадьба|корпоратив,русский,3,2026-09-25|2026-09-27|2026-09-29|2026-10-01|2026-10-02|2026-10-06|2026-10-08|2026-10-10|2026-10-11|2026-10-14|2026-10-17|2026-10-19|2026-10-20|2026-10-22|2026-10-23|2026-10-25|2026-10-27|2026-10-28|2026-10-30|2026-10-31|2026-11-05|2026-11-09|2026-11-11|2026-11-14|2026-11-15|2026-11-21|2026-12-01|2026-12-02|2026-12-03|2026-12-04|2026-12-05|2026-12-06|2026-12-08|2026-12-09|2026-12-10|2026-12-11|2026-12-12|2026-12-13|2026-12-14|2026-12-16|2026-12-17|2026-12-19|2026-12-20|2026-12-21|2026-12-23|2026-12-24|2026-12-25|2026-12-26|2026-12-28|2026-12-30|2027-01-02|2027-01-07|2027-01-08|2027-01-09|2027-01-12|2027-01-18|2027-01-26|2027-01-28|2027-01-29|2027-01-31|2027-02-06|2027-02-07|2027-02-13|2027-02-15|2027-02-18|2027-02-19|2027-02-21|2027-02-23|2027-02-24|2027-02-27|2027-03-01|2027-03-03|2027-03-05|2027-03-06|2027-03-07|2027-03-08|2027-03-09|2027-03-13|2027-03-20|2027-03-21|2027-03-22|2027-03-23|2027-03-24|2027-03-25|2027-03-26|2027-03-27|2027-03-29|2027-04-01|2027-04-02|2027-04-03|2027-04-04|2027-04-06|2027-04-10|2027-04-18|2027-04-22|2027-04-24|2027-04-26|2027-05-01|2027-05-02|2027-05-05|2027-05-06|2027-05-09|2027-05-11|2027-05-14|2027-05-15|2027-05-18|2027-05-20|2027-05-21|2027-05-27|2027-05-29|2027-05-30|2027-05-31|2027-06-04|2027-06-06|2027-06-07|2027-06-08|2027-06-10|2027-06-11|2027-06-12|2027-06-13|2027-06-14|2027-06-16|2027-06-17|2027-06-18|2027-06-19|2027-06-21|2027-06-25|2027-06-27|2027-06-28|2027-06-30|2027-07-01|2027-07-05|2027-07-06|2027-07-07|2027-07-08|2027-07-10|2027-07-11|2027-07-15|2027-07-16|2027-07-18|2027-07-19|2027-07-23|2027-07-29|2027-07-30|2027-08-01|2027-08-03|2027-08-04|2027-08-06|2027-08-07|2027-08-09|2027-08-13|2027-08-14|2027-08-15|2027-08-16|2027-08-19|2027-08-20|2027-08-22|2027-08-24|2027-08-25|2027-08-27|2027-08-28|2027-08-29|2027-09-02|2027-09-05|2027-09-06|2027-09-08|2027-09-09|2027-09-11|2027-09-14|2027-09-15|2027-09-19|2027-09-22,"Сольные выступления на скрипке и саксофоне для свадебных церемоний, романтических ужинов и welcome-зон корпоративных мероприятий. Репертуар — от классики до современных кавер-аранжировок."
HK-90014,Монки Д. Луффи,Лайв-бэнд,Астана,False,True,1200000,False,свадьба|той|юбилей|корпоратив,казахский|русский,5,2026-09-23|2026-09-24|2026-09-26|2026-09-28|2026-09-29|2026-09-30|2026-10-03|2026-10-06|2026-10-08|2026-10-09|2026-10-11|2026-10-16|2026-10-19|2026-10-20|2026-10-25|2026-10-28|2026-10-30|2026-11-02|2026-11-06|2026-11-10|2026-11-14|2026-11-16|2026-11-18|2026-11-24|2026-11-25|2026-11-27|2026-11-28|2026-12-01|2026-12-02|2026-12-03|2026-12-04|2026-12-05|2026-12-06|2026-12-09|2026-12-10|2026-12-11|2026-12-12|2026-12-13|2026-12-14|2026-12-15|2026-12-16|2026-12-17|2026-12-18|2026-12-19|2026-12-20|2026-12-23|2026-12-24|2026-12-25|2026-12-26|2026-12-27|2026-12-28|2026-12-29|2026-12-31|2027-01-02|2027-01-03|2027-01-08|2027-01-10|2027-01-23|2027-01-24|2027-01-26|2027-01-29|2027-02-01|2027-02-02|2027-02-04|2027-02-09|2027-02-11|2027-02-17|2027-02-20|2027-02-25|2027-02-28|2027-03-01|2027-03-05|2027-03-06|2027-03-07|2027-03-08|2027-03-13|2027-03-15|2027-03-16|2027-03-20|2027-03-21|2027-03-22|2027-03-23|2027-03-27|2027-03-28|2027-03-30|2027-04-06|2027-04-07|2027-04-08|2027-04-09|2027-04-10|2027-04-11|2027-04-14|2027-04-15|2027-04-17|2027-04-18|2027-04-19|2027-04-25|2027-04-27|2027-04-30|2027-05-01|2027-05-02|2027-05-03|2027-05-06|2027-05-09|2027-05-12|2027-05-15|2027-05-20|2027-05-22|2027-05-25|2027-05-27|2027-05-30|2027-05-31|2027-06-03|2027-06-05|2027-06-06|2027-06-13|2027-06-15|2027-06-18|2027-06-20|2027-06-23|2027-06-26|2027-06-30|2027-07-02|2027-07-06|2027-07-08|2027-07-09|2027-07-10|2027-07-11|2027-07-12|2027-07-15|2027-07-17|2027-07-19|2027-07-24|2027-07-25|2027-07-30|2027-07-31|2027-08-01|2027-08-05|2027-08-06|2027-08-07|2027-08-08|2027-08-13|2027-08-14|2027-08-15|2027-08-16|2027-08-19|2027-08-20|2027-08-21|2027-08-23|2027-08-25|2027-08-26|2027-08-27|2027-08-28|2027-08-29|2027-08-30|2027-08-31|2027-09-02|2027-09-03|2027-09-04|2027-09-05|2027-09-06|2027-09-11|2027-09-12|2027-09-18|2027-09-19|2027-09-20|2027-09-21|2027-09-22,"Кавер-группа из пяти музыкантов: вокалистка, гитара, клавиши, бас, барабаны. Репертуар на казахском и русском — от эстрадной классики до современных хитов. На тоях играем живой блок под «Қара жорға» и беташар. Свой звук и свет на зал до 300 гостей."
HK-90015,Ророноа Зоро,Лайв-бэнд,Астана,False,True,900000,False,корпоратив|конференция|день рождения|юбилей,русский|английский,4,2026-09-24|2026-09-25|2026-09-26|2026-09-27|2026-09-30|2026-10-05|2026-10-07|2026-10-10|2026-10-14|2026-10-15|2026-10-17|2026-10-19|2026-10-20|2026-10-21|2026-10-26|2026-10-27|2026-10-29|2026-10-30|2026-11-02|2026-11-03|2026-11-05|2026-11-06|2026-11-08|2026-11-11|2026-11-13|2026-11-19|2026-11-20|2026-11-22|2026-11-23|2026-11-25|2026-11-28|2026-12-01|2026-12-03|2026-12-04|2026-12-05|2026-12-06|2026-12-08|2026-12-11|2026-12-13|2026-12-15|2026-12-16|2026-12-17|2026-12-18|2026-12-19|2026-12-20|2026-12-22|2026-12-24|2026-12-25|2026-12-26|2026-12-27|2026-12-28|2026-12-29|2026-12-30|2026-12-31|2027-01-02|2027-01-03|2027-01-04|2027-01-06|2027-01-17|2027-01-18|2027-01-25|2027-02-01|2027-02-02|2027-02-04|2027-02-09|2027-02-10|2027-02-11|2027-02-14|2027-02-16|2027-02-17|2027-02-21|2027-02-25|2027-03-01|2027-03-04|2027-03-07|2027-03-08|2027-03-16|2027-03-20|2027-03-21|2027-03-22|2027-03-23|2027-03-24|2027-03-28|2027-04-01|2027-04-06|2027-04-07|2027-04-08|2027-04-11|2027-04-12|2027-04-14|2027-04-15|2027-04-18|2027-04-20|2027-04-22|2027-04-23|2027-04-24|2027-04-27|2027-05-04|2027-05-12|2027-05-14|2027-05-18|2027-05-21|2027-05-24|2027-05-25|2027-05-26|2027-05-27|2027-05-30|2027-05-31|2027-06-01|2027-06-05|2027-06-07|2027-06-13|2027-06-14|2027-06-15|2027-06-18|2027-06-21|2027-06-22|2027-06-24|2027-06-28|2027-07-01|2027-07-06|2027-07-08|2027-07-11|2027-07-19|2027-07-21|2027-08-05|2027-08-20|2027-08-23|2027-08-25|2027-08-26|2027-08-30|2027-09-01|2027-09-02|2027-09-03|2027-09-05|2027-09-08|2027-09-10|2027-09-14|2027-09-17|2027-09-20,"Джазовое трио: контрабас, фортепиано, саксофон. Играем на фуршетах, деловых ужинах и открытии конференций — фоном, не мешая разговорам. По запросу вокальный сет на английском. Свой звук, выезжаем в Алматы."
HK-90016,Брук,Шоу-программа,Астана,False,True,600000,False,корпоратив|день рождения|юбилей|свадьба,русский|казахский,2,2026-09-27|2026-09-28|2026-09-29|2026-09-30|2026-10-01|2026-10-03|2026-10-04|2026-10-05|2026-10-07|2026-10-10|2026-10-11|2026-10-13|2026-10-14|2026-10-16|2026-10-17|2026-10-19|2026-10-23|2026-10-25|2026-10-26|2026-10-27|2026-11-01|2026-11-02|2026-11-03|2026-11-06|2026-11-07|2026-11-08|2026-11-10|2026-11-14|2026-11-15|2026-11-16|2026-11-19|2026-11-23|2026-12-01|2026-12-03|2026-12-04|2026-12-05|2026-12-06|2026-12-07|2026-12-09|2026-12-10|2026-12-11|2026-12-12|2026-12-16|2026-12-25|2026-12-26|2026-12-27|2026-12-29|2026-12-30|2026-12-31|2027-01-01|2027-01-03|2027-01-04|2027-01-05|2027-01-06|2027-01-09|2027-01-15|2027-01-30|2027-02-01|2027-02-04|2027-02-15|2027-02-16|2027-02-19|2027-02-20|2027-02-24|2027-03-05|2027-03-07|2027-03-08|2027-03-17|2027-03-20|2027-03-21|2027-03-22|2027-03-23|2027-03-26|2027-03-27|2027-03-28|2027-04-04|2027-04-06|2027-04-08|2027-04-12|2027-04-21|2027-04-24|2027-04-25|2027-04-26|2027-04-27|2027-04-30|2027-05-02|2027-05-05|2027-05-08|2027-05-10|2027-05-11|2027-05-14|2027-05-15|2027-05-19|2027-05-20|2027-05-22|2027-05-29|2027-05-30|2027-06-01|2027-06-04|2027-06-05|2027-06-06|2027-06-07|2027-06-09|2027-06-11|2027-06-13|2027-06-18|2027-06-19|2027-06-20|2027-06-21|2027-06-23|2027-06-25|2027-06-26|2027-06-27|2027-06-29|2027-07-01|2027-07-02|2027-07-03|2027-07-04|2027-07-05|2027-07-06|2027-07-07|2027-07-08|2027-07-09|2027-07-10|2027-07-12|2027-07-13|2027-07-16|2027-07-17|2027-07-18|2027-07-20|2027-07-23|2027-07-24|2027-07-25|2027-07-26|2027-07-30|2027-08-01|2027-08-05|2027-08-06|2027-08-11|2027-08-13|2027-08-14|2027-08-20|2027-08-22|2027-08-27|2027-08-29|2027-09-01|2027-09-02|2027-09-03|2027-09-04|2027-09-05|2027-09-06|2027-09-10|2027-09-11|2027-09-13|2027-09-15|2027-09-18|2027-09-19|2027-09-22,"Световое и огненное шоу: фаер-артисты, пиксельные веера, LED-костюмы. Номер от 7 до 15 минут, выступаем на улице или в зале с потолком от 5 метров. Технику безопасности согласуем с площадкой, есть своё страхование."
HK-90017,Эрен Йегер,Национальный ансамбль|Танцевальный коллектив,Астана,False,True,450000,False,той|свадьба|юбилей|корпоратив,казахский|русский,3,2026-09-25|2026-09-26|2026-10-03|2026-10-06|2026-10-08|2026-10-12|2026-10-13|2026-10-19|2026-10-20|2026-10-22|2026-10-24|2026-10-25|2026-10-27|2026-10-29|2026-10-31|2026-11-03|2026-11-11|2026-11-14|2026-11-16|2026-11-19|2026-11-27|2026-12-01|2026-12-02|2026-12-03|2026-12-04|2026-12-07|2026-12-08|2026-12-11|2026-12-12|2026-12-13|2026-12-15|2026-12-16|2026-12-19|2026-12-20|2026-12-21|2026-12-22|2026-12-23|2026-12-25|2026-12-26|2026-12-28|2026-12-29|2026-12-30|2026-12-31|2027-01-02|2027-01-08|2027-01-12|2027-01-16|2027-01-18|2027-01-22|2027-01-26|2027-01-27|2027-01-30|2027-02-03|2027-02-04|2027-02-06|2027-02-07|2027-02-08|2027-02-11|2027-02-14|2027-02-15|2027-02-16|2027-03-04|2027-03-13|2027-03-15|2027-03-19|2027-03-21|2027-03-22|2027-03-23|2027-03-24|2027-03-25|2027-03-27|2027-03-28|2027-04-04|2027-04-07|2027-04-11|2027-04-12|2027-04-26|2027-05-07|2027-05-12|2027-05-15|2027-05-16|2027-05-17|2027-05-19|2027-05-20|2027-05-21|2027-05-26|2027-05-30|2027-05-31|2027-06-01|2027-06-02|2027-06-05|2027-06-06|2027-06-08|2027-06-11|2027-06-12|2027-06-13|2027-06-14|2027-06-16|2027-06-17|2027-06-18|2027-06-19|2027-06-21|2027-06-25|2027-06-26|2027-06-27|2027-07-03|2027-07-04|2027-07-07|2027-07-10|2027-07-13|2027-07-16|2027-07-17|2027-07-18|2027-07-20|2027-07-21|2027-07-22|2027-07-24|2027-07-25|2027-07-26|2027-07-27|2027-07-28|2027-07-30|2027-08-01|2027-08-04|2027-08-08|2027-08-09|2027-08-10|2027-08-11|2027-08-13|2027-08-15|2027-08-16|2027-08-20|2027-08-21|2027-08-22|2027-08-24|2027-08-26|2027-08-27|2027-08-28|2027-08-29|2027-09-02|2027-09-04|2027-09-05|2027-09-08|2027-09-12|2027-09-15|2027-09-17|2027-09-19|2027-09-21,"Ансамбль казахского танца и музыки: 8 танцоров и 3 музыканта — домбра, кобыз, сазсырнай. Встречаем гостей, заводим «Қара жорға» со всем залом, показываем номера в костюмах разных регионов Казахстана."
HK-90018,Микаса Аккерман,Танцевальный коллектив,Астана,False,True,350000,False,свадьба|корпоратив|день рождения|юбилей,русский,2,2026-09-23|2026-09-24|2026-09-25|2026-09-26|2026-09-27|2026-09-28|2026-09-30|2026-10-01|2026-10-02|2026-10-03|2026-10-04|2026-10-07|2026-10-09|2026-10-17|2026-10-19|2026-10-23|2026-10-25|2026-10-27|2026-10-30|2026-10-31|2026-11-02|2026-11-03|2026-11-04|2026-11-08|2026-11-12|2026-11-14|2026-11-16|2026-11-17|2026-11-20|2026-11-21|2026-11-22|2026-11-23|2026-11-26|2026-11-27|2026-11-28|2026-12-02|2026-12-03|2026-12-04|2026-12-05|2026-12-06|2026-12-07|2026-12-08|2026-12-09|2026-12-10|2026-12-11|2026-12-12|2026-12-13|2026-12-14|2026-12-15|2026-12-16|2026-12-17|2026-12-18|2026-12-19|2026-12-20|2026-12-21|2026-12-22|2026-12-23|2026-12-24|2026-12-25|2026-12-27|2026-12-28|2026-12-29|2026-12-30|2026-12-31|2027-01-02|2027-01-03|2027-01-07|2027-01-08|2027-01-11|2027-01-16|2027-01-22|2027-02-01|2027-02-03|2027-02-06|2027-02-07|2027-02-11|2027-02-13|2027-02-14|2027-02-16|2027-02-17|2027-02-18|2027-02-21|2027-02-25|2027-02-27|2027-02-28|2027-03-02|2027-03-03|2027-03-04|2027-03-06|2027-03-07|2027-03-08|2027-03-09|2027-03-11|2027-03-14|2027-03-16|2027-03-19|2027-03-20|2027-03-21|2027-03-22|2027-03-23|2027-03-24|2027-03-26|2027-03-28|2027-03-30|2027-04-06|2027-04-10|2027-04-11|2027-04-13|2027-04-16|2027-04-18|2027-04-24|2027-04-25|2027-04-27|2027-04-28|2027-04-30|2027-05-01|2027-05-02|2027-05-03|2027-05-05|2027-05-06|2027-05-08|2027-05-09|2027-05-11|2027-05-12|2027-05-14|2027-05-15|2027-05-16|2027-05-17|2027-05-21|2027-05-22|2027-05-23|2027-05-26|2027-05-27|2027-05-30|2027-06-01|2027-06-04|2027-06-05|2027-06-10|2027-06-11|2027-06-12|2027-06-13|2027-06-17|2027-06-18|2027-06-19|2027-06-20|2027-06-21|2027-06-22|2027-06-23|2027-06-24|2027-06-25|2027-06-26|2027-06-27|2027-06-28|2027-06-29|2027-07-01|2027-07-02|2027-07-03|2027-07-04|2027-07-06|2027-07-08|2027-07-09|2027-07-10|2027-07-11|2027-07-14|2027-07-16|2027-07-17|2027-07-18|2027-07-19|2027-07-20|2027-07-22|2027-07-23|2027-07-24|2027-07-25|2027-07-29|2027-07-30|2027-07-31|2027-08-01|2027-08-02|2027-08-04|2027-08-06|2027-08-07|2027-08-10|2027-08-13|2027-08-14|2027-08-15|2027-08-16|2027-08-17|2027-08-18|2027-08-19|2027-08-20|2027-08-21|2027-08-26|2027-08-27|2027-08-28|2027-08-29|2027-08-30|2027-08-31|2027-09-03|2027-09-04|2027-09-05|2027-09-09|2027-09-11|2027-09-18|2027-09-19|2027-09-20|2027-09-22,"Студия современной хореографии: хип-хоп, контемп, шоу-номера под фирменный стиль компании. Ставим первый танец молодожёнов за 3–4 репетиции в нашей студии на левом берегу."
HK-90019,Армин Арлерт,Банкетный зал|Ресторан,Астана,False,True,2500000,False,свадьба|той|юбилей|корпоратив|день рождения,русский|казахский,12,2026-09-25|2026-09-27|2026-09-28|2026-09-30|2026-10-03|2026-10-08|2026-10-10|2026-10-14|2026-10-17|2026-10-25|2026-10-29|2026-10-30|2026-10-31|2026-11-07|2026-11-09|2026-11-14|2026-11-15|2026-11-21|2026-11-22|2026-11-29|2026-12-03|2026-12-04|2026-12-06|2026-12-08|2026-12-10|2026-12-11|2026-12-12|2026-12-13|2026-12-15|2026-12-16|2026-12-18|2026-12-19|2026-12-20|2026-12-21|2026-12-22|2026-12-23|2026-12-25|2026-12-26|2026-12-28|2026-12-29|2026-12-30|2026-12-31|2027-01-02|2027-01-03|2027-01-05|2027-01-06|2027-01-07|2027-01-18|2027-01-20|2027-01-23|2027-01-31|2027-02-01|2027-02-03|2027-02-09|2027-02-11|2027-02-14|2027-02-15|2027-02-18|2027-02-27|2027-02-28|2027-03-03|2027-03-04|2027-03-07|2027-03-08|2027-03-09|2027-03-14|2027-03-15|2027-03-17|2027-03-20|2027-03-21|2027-03-22|2027-03-27|2027-03-29|2027-04-01|2027-04-02|2027-04-04|2027-04-05|2027-04-10|2027-04-15|2027-04-16|2027-04-18|2027-04-21|2027-04-22|2027-04-24|2027-04-26|2027-05-01|2027-05-03|2027-05-08|2027-05-10|2027-05-13|2027-05-15|2027-05-23|2027-05-26|2027-05-29|2027-05-31|2027-06-01|2027-06-04|2027-06-05|2027-06-10|2027-06-13|2027-06-14|2027-06-16|2027-06-18|2027-06-19|2027-06-20|2027-06-21|2027-06-24|2027-06-25|2027-06-27|2027-06-29|2027-07-02|2027-07-03|2027-07-04|2027-07-16|2027-07-17|2027-07-18|2027-07-19|2027-07-21|2027-07-24|2027-07-25|2027-07-26|2027-07-28|2027-07-29|2027-07-30|2027-07-31|2027-08-01|2027-08-02|2027-08-04|2027-08-05|2027-08-06|2027-08-07|2027-08-08|2027-08-09|2027-08-10|2027-08-12|2027-08-13|2027-08-14|2027-08-15|2027-08-16|2027-08-17|2027-08-18|2027-08-20|2027-08-21|2027-08-22|2027-08-24|2027-08-27|2027-08-28|2027-08-29|2027-09-01|2027-09-02|2027-09-05|2027-09-06|2027-09-07|2027-09-08|2027-09-09|2027-09-10|2027-09-12|2027-09-13|2027-09-17|2027-09-18|2027-09-20|2027-09-22,"Банкетный зал на 250 гостей в центре левого берега. Национальная и европейская кухня, свой кондитерский цех — торт и баурсаки печём сами. Сцена, светодиодный экран 6×3 м, парковка на 80 машин."
HK-90020,Леви Аккерман,Банкетный зал,Астана,False,True,4000000,False,той|свадьба|юбилей,казахский|русский,12,2026-09-27|2026-10-03|2026-10-06|2026-10-08|2026-10-10|2026-10-16|2026-10-23|2026-10-24|2026-10-25|2026-11-07|2026-11-16|2026-11-20|2026-11-22|2026-11-25|2026-12-02|2026-12-06|2026-12-07|2026-12-09|2026-12-10|2026-12-13|2026-12-15|2026-12-16|2026-12-17|2026-12-19|2026-12-20|2026-12-21|2026-12-24|2026-12-25|2026-12-27|2026-12-28|2026-12-29|2026-12-31|2027-01-09|2027-01-12|2027-01-20|2027-01-21|2027-01-23|2027-01-24|2027-02-10|2027-02-13|2027-02-14|2027-02-21|2027-02-22|2027-02-26|2027-03-01|2027-03-03|2027-03-04|2027-03-05|2027-03-06|2027-03-08|2027-03-12|2027-03-13|2027-03-14|2027-03-20|2027-03-21|2027-03-22|2027-03-27|2027-03-31|2027-04-02|2027-04-03|2027-04-08|2027-04-09|2027-04-13|2027-04-14|2027-04-15|2027-04-20|2027-05-01|2027-05-05|2027-05-07|2027-05-09|2027-05-12|2027-05-15|2027-05-19|2027-05-20|2027-05-23|2027-05-25|2027-05-27|2027-05-29|2027-05-30|2027-06-05|2027-06-06|2027-06-10|2027-06-11|2027-06-13|2027-06-15|2027-06-16|2027-06-17|2027-06-19|2027-06-20|2027-06-21|2027-06-27|2027-06-29|2027-07-02|2027-07-03|2027-07-04|2027-07-05|2027-07-07|2027-07-11|2027-07-14|2027-07-23|2027-07-24|2027-07-25|2027-07-30|2027-07-31|2027-08-01|2027-08-02|2027-08-03|2027-08-07|2027-08-08|2027-08-10|2027-08-12|2027-08-13|2027-08-14|2027-08-16|2027-08-19|2027-08-21|2027-08-27|2027-08-28|2027-08-29|2027-09-02|2027-09-03|2027-09-04|2027-09-05|2027-09-07|2027-09-09|2027-09-10|2027-09-11|2027-09-12|2027-09-18|2027-09-20,"Тойхана на 600 гостей: два зала, которые объединяются в один. Специализируемся на казахских тоях — ас мәзірі под традиции разных регионов, қазы-қарта и бешбармак на каждый стол. Встречаем гостей с домброй у входа."
HK-90021,Рой Мустанг,Ресторан,Астана,False,True,1500000,False,день рождения|юбилей|корпоратив|конференция,русский|английский,10,2026-09-23|2026-09-25|2026-09-27|2026-10-01|2026-10-02|2026-10-04|2026-10-06|2026-10-14|2026-10-15|2026-10-16|2026-10-17|2026-10-20|2026-10-24|2026-10-30|2026-10-31|2026-11-01|2026-11-02|2026-11-03|2026-11-05|2026-11-06|2026-11-08|2026-11-12|2026-11-21|2026-11-22|2026-11-25|2026-11-26|2026-11-27|2026-11-30|2026-12-01|2026-12-02|2026-12-03|2026-12-04|2026-12-06|2026-12-07|2026-12-09|2026-12-10|2026-12-11|2026-12-12|2026-12-13|2026-12-15|2026-12-16|2026-12-19|2026-12-20|2026-12-21|2026-12-22|2026-12-24|2026-12-25|2026-12-26|2026-12-28|2026-12-30|2027-01-01|2027-01-11|2027-01-20|2027-01-22|2027-01-25|2027-02-01|2027-02-04|2027-02-07|2027-02-10|2027-02-11|2027-02-16|2027-02-19|2027-02-22|2027-02-23|2027-02-24|2027-02-25|2027-02-26|2027-03-07|2027-03-08|2027-03-09|2027-03-10|2027-03-13|2027-03-19|2027-03-21|2027-03-22|2027-03-23|2027-03-26|2027-03-31|2027-04-02|2027-04-03|2027-04-07|2027-04-10|2027-04-13|2027-04-22|2027-04-26|2027-04-28|2027-05-09|2027-05-14|2027-05-15|2027-05-18|2027-05-20|2027-05-23|2027-05-28|2027-06-03|2027-06-06|2027-06-14|2027-06-15|2027-06-17|2027-06-21|2027-06-22|2027-06-27|2027-06-30|2027-07-06|2027-07-15|2027-07-18|2027-07-25|2027-07-26|2027-07-28|2027-08-05|2027-08-25|2027-08-30|2027-09-01|2027-09-02|2027-09-08|2027-09-11|2027-09-12|2027-09-13|2027-09-14|2027-09-15|2027-09-18|2027-09-19|2027-09-20,Камерный ресторан на 60 гостей с авторской кухней и винной картой. Подходит для ужинов после конференций и небольших юбилеев. Отдельный зал на 16 человек с проектором. Живой музыки по умолчанию нет — тихо.
HK-90022,Риза Хоукай,Декоратор,Астана,False,True,1200000,False,свадьба|той|юбилей|корпоратив,русский|казахский,,2026-09-26|2026-09-27|2026-10-02|2026-10-09|2026-10-16|2026-10-20|2026-10-22|2026-10-26|2026-10-27|2026-11-02|2026-11-03|2026-11-05|2026-11-07|2026-11-16|2026-11-18|2026-11-21|2026-11-26|2026-11-28|2026-12-01|2026-12-02|2026-12-03|2026-12-04|2026-12-05|2026-12-06|2026-12-08|2026-12-13|2026-12-17|2026-12-19|2026-12-22|2026-12-24|2026-12-25|2026-12-26|2026-12-27|2026-12-30|2026-12-31|2027-01-02|2027-01-07|2027-01-08|2027-01-09|2027-01-10|2027-01-18|2027-01-28|2027-02-13|2027-02-18|2027-02-27|2027-03-01|2027-03-13|2027-03-14|2027-03-20|2027-03-21|2027-03-22|2027-03-23|2027-03-27|2027-03-31|2027-04-02|2027-04-04|2027-04-09|2027-04-14|2027-04-17|2027-04-18|2027-04-20|2027-04-22|2027-05-01|2027-05-02|2027-05-05|2027-05-08|2027-05-09|2027-05-10|2027-05-11|2027-05-16|2027-05-17|2027-05-18|2027-05-20|2027-05-22|2027-05-23|2027-05-24|2027-05-26|2027-05-29|2027-05-31|2027-06-01|2027-06-04|2027-06-06|2027-06-08|2027-06-09|2027-06-10|2027-06-11|2027-06-18|2027-06-19|2027-06-20|2027-06-21|2027-06-25|2027-06-26|2027-07-03|2027-07-04|2027-07-05|2027-07-06|2027-07-09|2027-07-10|2027-07-11|2027-07-12|2027-07-17|2027-07-23|2027-07-24|2027-07-25|2027-07-28|2027-07-31|2027-08-01|2027-08-02|2027-08-05|2027-08-06|2027-08-07|2027-08-08|2027-08-13|2027-08-14|2027-08-18|2027-08-21|2027-08-23|2027-08-24|2027-08-27|2027-08-28|2027-09-03|2027-09-05|2027-09-06|2027-09-08|2027-09-11|2027-09-12|2027-09-14|2027-09-16|2027-09-18|2027-09-19|2027-09-20,"Оформление залов под тои и свадьбы: президиум, фотозона, арки, текстиль. Работаем в национальном стиле с орнаментом и в минимализме. Монтируем накануне вечером или в день мероприятия с 7 утра."
HK-90023,Лайт Ягами,Фотограф,Астана,False,True,350000,False,свадьба|той|юбилей|корпоратив,казахский|русский,8,2026-09-23|2026-09-24|2026-09-26|2026-09-30|2026-10-04|2026-10-05|2026-10-06|2026-10-09|2026-10-11|2026-10-12|2026-10-16|2026-10-17|2026-10-18|2026-10-22|2026-10-23|2026-10-24|2026-10-25|2026-11-01|2026-11-02|2026-11-03|2026-11-04|2026-11-08|2026-11-12|2026-11-14|2026-11-16|2026-11-19|2026-11-22|2026-11-27|2026-11-29|2026-12-01|2026-12-02|2026-12-04|2026-12-06|2026-12-07|2026-12-08|2026-12-10|2026-12-11|2026-12-12|2026-12-13|2026-12-14|2026-12-15|2026-12-16|2026-12-17|2026-12-18|2026-12-19|2026-12-20|2026-12-21|2026-12-23|2026-12-24|2026-12-26|2026-12-27|2026-12-28|2026-12-29|2026-12-30|2026-12-31|2027-01-02|2027-01-03|2027-01-05|2027-01-10|2027-01-13|2027-01-15|2027-01-25|2027-01-26|2027-01-28|2027-01-30|2027-01-31|2027-02-01|2027-02-04|2027-02-07|2027-02-08|2027-02-10|2027-02-15|2027-02-17|2027-02-20|2027-02-21|2027-02-26|2027-02-28|2027-03-01|2027-03-04|2027-03-05|2027-03-07|2027-03-08|2027-03-10|2027-03-17|2027-03-18|2027-03-19|2027-03-20|2027-03-21|2027-03-22|2027-03-23|2027-03-27|2027-03-28|2027-04-04|2027-04-06|2027-04-07|2027-04-14|2027-04-20|2027-04-21|2027-04-23|2027-04-24|2027-04-25|2027-04-26|2027-04-29|2027-05-02|2027-05-05|2027-05-06|2027-05-07|2027-05-09|2027-05-10|2027-05-14|2027-05-15|2027-05-17|2027-05-19|2027-05-21|2027-05-22|2027-05-24|2027-05-26|2027-05-27|2027-05-29|2027-05-30|2027-06-03|2027-06-04|2027-06-05|2027-06-06|2027-06-11|2027-06-12|2027-06-13|2027-06-15|2027-06-18|2027-06-19|2027-06-20|2027-06-22|2027-06-24|2027-06-25|2027-06-26|2027-06-27|2027-06-29|2027-07-02|2027-07-03|2027-07-04|2027-07-06|2027-07-08|2027-07-09|2027-07-10|2027-07-11|2027-07-13|2027-07-16|2027-07-17|2027-07-18|2027-07-22|2027-07-24|2027-07-25|2027-07-29|2027-07-30|2027-07-31|2027-08-03|2027-08-05|2027-08-06|2027-08-07|2027-08-08|2027-08-09|2027-08-10|2027-08-13|2027-08-14|2027-08-15|2027-08-17|2027-08-19|2027-08-20|2027-08-21|2027-08-22|2027-08-23|2027-08-26|2027-08-27|2027-08-28|2027-08-29|2027-08-30|2027-09-02|2027-09-03|2027-09-04|2027-09-05|2027-09-07|2027-09-11|2027-09-12|2027-09-19|2027-09-22,"Репортажный фотограф, шесть лет снимаю тои и свадьбы. 30 кадров-превью отдаю на следующий день, полную галерею — через две недели. Работаю со вспышкой в тёмных залах, по запросу приезжаю со вторым фотографом."
HK-90024,Миса Амане,Видеограф,Астана,False,True,450000,False,свадьба|той|корпоратив|конференция,русский|казахский|английский,10,2026-09-24|2026-09-25|2026-09-26|2026-10-02|2026-10-03|2026-10-06|2026-10-11|2026-10-13|2026-10-14|2026-10-15|2026-10-16|2026-10-17|2026-10-18|2026-10-25|2026-10-28|2026-11-04|2026-11-08|2026-11-11|2026-11-17|2026-11-20|2026-11-23|2026-11-28|2026-11-29|2026-12-02|2026-12-03|2026-12-04|2026-12-05|2026-12-06|2026-12-07|2026-12-08|2026-12-10|2026-12-11|2026-12-12|2026-12-13|2026-12-15|2026-12-17|2026-12-18|2026-12-19|2026-12-20|2026-12-24|2026-12-26|2026-12-27|2026-12-30|2026-12-31|2027-01-02|2027-01-03|2027-01-13|2027-01-14|2027-01-15|2027-01-16|2027-01-19|2027-01-20|2027-01-21|2027-01-23|2027-01-24|2027-02-01|2027-02-02|2027-02-07|2027-02-09|2027-02-10|2027-02-13|2027-02-14|2027-02-24|2027-02-25|2027-02-26|2027-02-27|2027-03-01|2027-03-04|2027-03-07|2027-03-08|2027-03-12|2027-03-13|2027-03-18|2027-03-20|2027-03-21|2027-03-22|2027-03-23|2027-03-28|2027-03-29|2027-03-30|2027-04-03|2027-04-12|2027-04-13|2027-04-16|2027-04-17|2027-04-18|2027-04-22|2027-04-24|2027-04-27|2027-05-01|2027-05-02|2027-05-05|2027-05-09|2027-05-15|2027-05-16|2027-05-21|2027-06-02|2027-06-05|2027-06-06|2027-06-10|2027-06-12|2027-06-14|2027-06-15|2027-06-16|2027-06-17|2027-06-20|2027-06-27|2027-06-30|2027-07-02|2027-07-03|2027-07-05|2027-07-07|2027-07-09|2027-07-10|2027-07-12|2027-07-16|2027-07-25|2027-07-27|2027-07-28|2027-07-31|2027-08-01|2027-08-02|2027-08-11|2027-08-12|2027-08-14|2027-08-15|2027-08-16|2027-08-17|2027-08-21|2027-08-22|2027-08-24|2027-08-25|2027-08-27|2027-08-29|2027-09-01|2027-09-02|2027-09-04|2027-09-05|2027-09-06|2027-09-09|2027-09-18|2027-09-19|2027-09-22,"Снимаю с двух камер и дрона. Для корпоративов и конференций монтирую ролик-итог в тот же вечер, для свадеб — клип на 3–5 минут и полный фильм. Субтитры на казахском, русском или английском."
HK-90025,Синдзи Икари,Ведущий,Астана,False,True,1200000,False,конференция|корпоратив|свадьба,английский|русский,8,2026-09-23|2026-09-24|2026-09-25|2026-09-26|2026-09-29|2026-10-02|2026-10-03|2026-10-05|2026-10-07|2026-10-10|2026-10-14|2026-10-20|2026-10-22|2026-10-25|2026-10-30|2026-10-31|2026-11-01|2026-11-04|2026-11-05|2026-11-07|2026-11-11|2026-11-12|2026-11-14|2026-11-15|2026-11-16|2026-11-19|2026-11-21|2026-11-23|2026-11-24|2026-11-25|2026-11-26|2026-11-27|2026-11-28|2026-11-30|2026-12-01|2026-12-03|2026-12-04|2026-12-05|2026-12-06|2026-12-07|2026-12-08|2026-12-10|2026-12-11|2026-12-12|2026-12-14|2026-12-15|2026-12-16|2026-12-17|2026-12-18|2026-12-20|2026-12-21|2026-12-22|2026-12-24|2026-12-25|2026-12-26|2026-12-27|2026-12-28|2026-12-29|2026-12-30|2026-12-31|2027-01-01|2027-01-08|2027-01-09|2027-01-13|2027-01-14|2027-01-22|2027-01-24|2027-01-28|2027-01-29|2027-02-01|2027-02-05|2027-02-06|2027-02-09|2027-02-10|2027-02-12|2027-02-17|2027-02-18|2027-02-20|2027-02-22|2027-02-23|2027-02-28|2027-03-02|2027-03-04|2027-03-06|2027-03-07|2027-03-08|2027-03-09|2027-03-11|2027-03-14|2027-03-16|2027-03-17|2027-03-19|2027-03-21|2027-03-22|2027-03-23|2027-03-28|2027-03-29|2027-03-31|2027-04-04|2027-04-09|2027-04-12|2027-04-13|2027-04-16|2027-04-18|2027-04-19|2027-04-22|2027-04-23|2027-04-24|2027-04-28|2027-04-29|2027-05-01|2027-05-02|2027-05-04|2027-05-08|2027-05-09|2027-05-12|2027-05-14|2027-05-15|2027-05-17|2027-05-18|2027-05-19|2027-05-20|2027-05-22|2027-05-23|2027-05-26|2027-05-28|2027-05-29|2027-05-31|2027-06-01|2027-06-03|2027-06-04|2027-06-05|2027-06-08|2027-06-09|2027-06-11|2027-06-13|2027-06-14|2027-06-15|2027-06-18|2027-06-19|2027-06-20|2027-06-22|2027-06-25|2027-06-26|2027-06-30|2027-07-01|2027-07-02|2027-07-03|2027-07-06|2027-07-09|2027-07-10|2027-07-11|2027-07-14|2027-07-15|2027-07-16|2027-07-17|2027-07-18|2027-07-19|2027-07-22|2027-07-23|2027-07-24|2027-07-27|2027-07-28|2027-07-29|2027-07-30|2027-07-31|2027-08-01|2027-08-02|2027-08-03|2027-08-05|2027-08-06|2027-08-07|2027-08-08|2027-08-09|2027-08-13|2027-08-14|2027-08-15|2027-08-16|2027-08-17|2027-08-18|2027-08-19|2027-08-20|2027-08-21|2027-08-22|2027-08-25|2027-08-26|2027-08-27|2027-08-28|2027-08-29|2027-08-31|2027-09-01|2027-09-04|2027-09-05|2027-09-06|2027-09-07|2027-09-08|2027-09-10|2027-09-11|2027-09-12|2027-09-14|2027-09-16|2027-09-19|2027-09-21|2027-09-22,"Модератор конференций и бизнес-форумов, веду на английском и русском. Панельные дискуссии до 1500 участников, умею держать тайминг и работать с суфлёром. Свадьбы веду только камерные, до 80 гостей."
HK-90026,Мисато Кацураги,Отель,Астана,False,True,3500000,False,конференция|корпоратив|свадьба,английский|русский|казахский,12,2026-09-30|2026-10-02|2026-10-03|2026-10-05|2026-10-06|2026-10-09|2026-10-11|2026-10-12|2026-10-17|2026-10-19|2026-10-21|2026-10-23|2026-10-24|2026-10-25|2026-10-27|2026-10-29|2026-10-30|2026-11-02|2026-11-04|2026-11-06|2026-11-08|2026-11-11|2026-11-15|2026-11-20|2026-11-21|2026-11-22|2026-11-23|2026-11-26|2026-11-29|2026-12-01|2026-12-02|2026-12-03|2026-12-04|2026-12-05|2026-12-06|2026-12-08|2026-12-09|2026-12-10|2026-12-12|2026-12-13|2026-12-14|2026-12-15|2026-12-16|2026-12-17|2026-12-18|2026-12-19|2026-12-20|2026-12-21|2026-12-22|2026-12-23|2026-12-24|2026-12-25|2026-12-26|2026-12-28|2026-12-29|2027-01-01|2027-01-09|2027-01-14|2027-01-24|2027-01-27|2027-01-29|2027-02-06|2027-02-11|2027-02-16|2027-02-18|2027-02-20|2027-02-22|2027-03-01|2027-03-02|2027-03-07|2027-03-08|2027-03-14|2027-03-20|2027-03-21|2027-03-22|2027-03-23|2027-03-25|2027-03-29|2027-03-30|2027-04-04|2027-04-08|2027-04-10|2027-04-11|2027-04-12|2027-04-13|2027-04-17|2027-04-27|2027-04-28|2027-05-02|2027-05-09|2027-05-11|2027-05-14|2027-05-16|2027-05-22|2027-05-23|2027-05-26|2027-05-27|2027-05-28|2027-05-29|2027-05-31|2027-06-01|2027-06-03|2027-06-04|2027-06-05|2027-06-06|2027-06-10|2027-06-12|2027-06-15|2027-06-19|2027-06-20|2027-06-25|2027-06-27|2027-06-29|2027-06-30|2027-07-01|2027-07-03|2027-07-04|2027-07-05|2027-07-07|2027-07-08|2027-07-09|2027-07-10|2027-07-11|2027-07-12|2027-07-16|2027-07-17|2027-07-18|2027-07-23|2027-07-24|2027-07-25|2027-07-26|2027-07-28|2027-07-29|2027-07-30|2027-07-31|2027-08-01|2027-08-02|2027-08-06|2027-08-07|2027-08-10|2027-08-11|2027-08-13|2027-08-14|2027-08-17|2027-08-18|2027-08-20|2027-08-21|2027-08-22|2027-08-26|2027-08-28|2027-08-31|2027-09-04|2027-09-05|2027-09-06|2027-09-08|2027-09-10|2027-09-11|2027-09-12|2027-09-13|2027-09-14|2027-09-18|2027-09-19|2027-09-21|2027-09-22,"Бизнес-отель у ЭКСПО: конгресс-зал на 400 мест с кабинами синхронного перевода, пять переговорных, 180 номеров для участников. Кейтеринг от кофе-брейка до гала-ужина. Молодожёнам — номер на ночь свадьбы в подарок."
HK-90027,Усаги Цукино,Ведущий,Алматы,False,True,600000,False,конференция|корпоратив|день рождения,английский|русский,6,2026-09-24|2026-09-25|2026-09-27|2026-09-29|2026-09-30|2026-10-02|2026-10-06|2026-10-07|2026-10-08|2026-10-12|2026-10-20|2026-10-21|2026-10-26|2026-10-27|2026-10-28|2026-11-04|2026-11-07|2026-11-08|2026-11-13|2026-11-14|2026-11-18|2026-11-19|2026-11-20|2026-11-27|2026-11-28|2026-12-01|2026-12-02|2026-12-03|2026-12-04|2026-12-05|2026-12-06|2026-12-08|2026-12-09|2026-12-10|2026-12-11|2026-12-12|2026-12-13|2026-12-14|2026-12-15|2026-12-16|2026-12-17|2026-12-18|2026-12-19|2026-12-20|2026-12-21|2026-12-22|2026-12-23|2026-12-24|2026-12-26|2026-12-27|2026-12-29|2026-12-30|2026-12-31|2027-01-01|2027-01-03|2027-01-21|2027-02-01|2027-02-07|2027-02-09|2027-02-10|2027-02-11|2027-02-12|2027-02-14|2027-02-15|2027-02-24|2027-02-25|2027-02-28|2027-03-01|2027-03-02|2027-03-07|2027-03-08|2027-03-15|2027-03-18|2027-03-19|2027-03-20|2027-03-21|2027-03-22|2027-03-23|2027-03-25|2027-03-28|2027-03-30|2027-04-01|2027-04-04|2027-04-05|2027-04-06|2027-04-07|2027-04-10|2027-04-14|2027-04-15|2027-04-19|2027-04-21|2027-04-27|2027-04-30|2027-05-01|2027-05-02|2027-05-05|2027-05-10|2027-05-16|2027-05-18|2027-05-19|2027-05-20|2027-05-21|2027-05-23|2027-05-25|2027-05-28|2027-06-03|2027-06-11|2027-06-16|2027-06-17|2027-06-21|2027-06-22|2027-06-24|2027-06-27|2027-06-28|2027-06-29|2027-07-06|2027-07-14|2027-07-15|2027-07-27|2027-07-30|2027-08-06|2027-08-09|2027-08-16|2027-08-17|2027-08-30|2027-09-01|2027-09-09|2027-09-10|2027-09-14|2027-09-15|2027-09-17|2027-09-20|2027-09-22,"Ведущий корпоративов и конференций на английском и русском. В прошлом стендап-комик: юмор без пошлости, быстро нахожу контакт с иностранными гостями. Провожу тимбилдинги до 300 человек."
HK-90028,Сатору Годжо,Ведущий,Алматы,False,True,400000,False,день рождения|юбилей|корпоратив,русский,4,2026-09-27|2026-09-28|2026-10-03|2026-10-04|2026-10-08|2026-10-14|2026-10-17|2026-10-20|2026-10-21|2026-10-24|2026-10-25|2026-10-28|2026-10-30|2026-11-01|2026-11-03|2026-11-05|2026-11-07|2026-11-09|2026-11-10|2026-11-12|2026-11-14|2026-11-16|2026-11-18|2026-11-19|2026-11-21|2026-11-22|2026-11-26|2026-11-27|2026-11-28|2026-11-29|2026-12-01|2026-12-02|2026-12-04|2026-12-06|2026-12-08|2026-12-10|2026-12-11|2026-12-12|2026-12-13|2026-12-14|2026-12-17|2026-12-18|2026-12-19|2026-12-20|2026-12-22|2026-12-23|2026-12-24|2026-12-25|2026-12-26|2026-12-27|2026-12-28|2026-12-30|2027-01-02|2027-01-03|2027-01-14|2027-01-22|2027-01-27|2027-01-28|2027-02-02|2027-02-04|2027-02-08|2027-02-09|2027-02-10|2027-02-14|2027-02-15|2027-02-16|2027-02-17|2027-02-18|2027-02-21|2027-02-24|2027-02-25|2027-02-26|2027-03-03|2027-03-06|2027-03-07|2027-03-08|2027-03-12|2027-03-13|2027-03-15|2027-03-20|2027-03-22|2027-03-23|2027-03-24|2027-03-30|2027-03-31|2027-04-01|2027-04-02|2027-04-04|2027-04-05|2027-04-06|2027-04-08|2027-04-09|2027-04-10|2027-04-12|2027-04-13|2027-04-14|2027-04-19|2027-04-20|2027-04-21|2027-04-22|2027-04-23|2027-04-25|2027-04-28|2027-04-30|2027-05-01|2027-05-07|2027-05-08|2027-05-10|2027-05-13|2027-05-14|2027-05-17|2027-05-21|2027-05-22|2027-05-24|2027-05-26|2027-05-28|2027-05-29|2027-06-09|2027-06-14|2027-06-16|2027-06-24|2027-06-25|2027-06-29|2027-07-01|2027-07-04|2027-07-05|2027-07-06|2027-07-19|2027-07-21|2027-07-29|2027-08-15|2027-08-16|2027-08-19|2027-08-20|2027-08-24|2027-08-28|2027-08-30|2027-09-06|2027-09-07|2027-09-08|2027-09-09|2027-09-13|2027-09-15|2027-09-17|2027-09-19,"Ведущая семейных праздников: дни рождения, юбилеи бабушек и дедушек, семейные корпоративы с детьми. Игры для всех возрастов, свой реквизит и помощник-аниматор для детей."
HK-90029,Кирито,Ведущий,Алматы,False,True,1500000,False,той|свадьба|юбилей,казахский|русский,8,2026-09-23|2026-09-25|2026-10-11|2026-10-14|2026-10-16|2026-10-17|2026-10-19|2026-10-21|2026-10-23|2026-10-30|2026-11-05|2026-11-06|2026-11-07|2026-11-08|2026-11-12|2026-11-13|2026-11-14|2026-11-16|2026-11-19|2026-11-26|2026-11-27|2026-11-28|2026-11-29|2026-12-01|2026-12-03|2026-12-04|2026-12-05|2026-12-06|2026-12-07|2026-12-08|2026-12-09|2026-12-10|2026-12-12|2026-12-13|2026-12-15|2026-12-17|2026-12-18|2026-12-19|2026-12-20|2026-12-22|2026-12-24|2026-12-25|2026-12-26|2026-12-27|2026-12-28|2026-12-30|2027-01-01|2027-01-03|2027-01-04|2027-01-09|2027-01-10|2027-01-11|2027-01-17|2027-01-24|2027-01-27|2027-02-01|2027-02-06|2027-02-07|2027-02-11|2027-02-14|2027-02-16|2027-02-17|2027-02-19|2027-02-25|2027-03-03|2027-03-04|2027-03-05|2027-03-06|2027-03-07|2027-03-08|2027-03-09|2027-03-12|2027-03-20|2027-03-21|2027-03-22|2027-03-23|2027-03-28|2027-03-30|2027-04-07|2027-04-09|2027-04-10|2027-04-12|2027-04-13|2027-04-15|2027-04-16|2027-04-17|2027-04-18|2027-04-19|2027-04-25|2027-04-26|2027-05-02|2027-05-08|2027-05-09|2027-05-11|2027-05-14|2027-05-15|2027-05-16|2027-05-17|2027-05-18|2027-05-20|2027-05-23|2027-05-24|2027-05-29|2027-05-30|2027-05-31|2027-06-02|2027-06-04|2027-06-06|2027-06-10|2027-06-11|2027-06-12|2027-06-13|2027-06-14|2027-06-15|2027-06-16|2027-06-18|2027-06-19|2027-06-20|2027-06-23|2027-06-24|2027-06-25|2027-06-28|2027-07-01|2027-07-02|2027-07-03|2027-07-04|2027-07-06|2027-07-09|2027-07-10|2027-07-11|2027-07-12|2027-07-15|2027-07-16|2027-07-17|2027-07-20|2027-07-23|2027-07-26|2027-07-27|2027-07-29|2027-07-31|2027-08-01|2027-08-04|2027-08-05|2027-08-06|2027-08-07|2027-08-09|2027-08-10|2027-08-11|2027-08-13|2027-08-15|2027-08-16|2027-08-18|2027-08-20|2027-08-21|2027-08-22|2027-08-23|2027-08-27|2027-08-28|2027-08-29|2027-08-30|2027-08-31|2027-09-04|2027-09-05|2027-09-11|2027-09-12|2027-09-13|2027-09-16|2027-09-17|2027-09-18|2027-09-20|2027-09-21,"Тамада старой школы: веду тои полностью на казахском, с обрядами беташар, тұсаукесер, шашу. Выстраиваю очередь тостов старших так, чтобы вечер не затягивался. Работаю в паре с диджеем и домбристом."
HK-90030,Холо,Фотограф,Алматы,False,True,250000,False,корпоратив|конференция|день рождения,русский|английский,8,2026-09-25|2026-09-29|2026-10-03|2026-10-04|2026-10-05|2026-10-11|2026-10-17|2026-10-18|2026-10-19|2026-10-20|2026-10-21|2026-10-25|2026-10-26|2026-10-29|2026-11-02|2026-11-08|2026-11-09|2026-11-14|2026-11-19|2026-11-23|2026-11-24|2026-11-25|2026-11-28|2026-12-02|2026-12-03|2026-12-04|2026-12-05|2026-12-06|2026-12-07|2026-12-09|2026-12-10|2026-12-12|2026-12-13|2026-12-15|2026-12-16|2026-12-17|2026-12-18|2026-12-19|2026-12-20|2026-12-21|2026-12-23|2026-12-24|2026-12-26|2027-01-01|2027-01-03|2027-01-07|2027-01-11|2027-01-19|2027-01-28|2027-01-29|2027-01-31|2027-02-01|2027-02-02|2027-02-04|2027-02-05|2027-02-11|2027-02-14|2027-02-15|2027-02-18|2027-02-28|2027-03-05|2027-03-07|2027-03-08|2027-03-11|2027-03-15|2027-03-21|2027-03-23|2027-03-25|2027-03-30|2027-03-31|2027-04-17|2027-04-21|2027-04-23|2027-04-26|2027-05-01|2027-05-12|2027-05-16|2027-05-20|2027-05-25|2027-05-27|2027-06-03|2027-06-05|2027-06-09|2027-06-16|2027-06-22|2027-06-29|2027-07-06|2027-07-15|2027-07-17|2027-07-23|2027-08-05|2027-08-14|2027-08-30|2027-09-03|2027-09-06|2027-09-09|2027-09-10|2027-09-17|2027-09-20,"Фотограф деловых событий: конференции, пресс-подходы, корпоративы. Отобранные кадры отдаю в течение 3 часов после окончания — успеть в соцсети и пресс-релиз. На сессиях снимаю тихо, без вспышки."
HK-90031,Мадока Канаме,Видеограф,Алматы,False,True,350000,False,свадьба|день рождения|юбилей|корпоратив,русский|казахский,8,2026-09-27|2026-09-29|2026-10-02|2026-10-04|2026-10-09|2026-10-10|2026-10-11|2026-10-12|2026-10-15|2026-10-17|2026-10-18|2026-10-22|2026-10-23|2026-10-25|2026-10-26|2026-10-27|2026-10-31|2026-11-05|2026-11-10|2026-11-15|2026-11-19|2026-11-20|2026-11-21|2026-11-22|2026-11-23|2026-11-28|2026-11-29|2026-12-02|2026-12-03|2026-12-04|2026-12-05|2026-12-06|2026-12-10|2026-12-11|2026-12-13|2026-12-14|2026-12-16|2026-12-17|2026-12-18|2026-12-19|2026-12-20|2026-12-21|2026-12-22|2026-12-25|2026-12-26|2026-12-28|2026-12-30|2026-12-31|2027-01-03|2027-01-09|2027-01-15|2027-01-17|2027-01-19|2027-01-20|2027-02-17|2027-02-19|2027-02-22|2027-02-23|2027-02-24|2027-02-25|2027-02-27|2027-03-02|2027-03-08|2027-03-10|2027-03-11|2027-03-12|2027-03-13|2027-03-15|2027-03-18|2027-03-19|2027-03-20|2027-03-27|2027-04-04|2027-04-06|2027-04-08|2027-04-10|2027-04-14|2027-04-17|2027-04-18|2027-04-20|2027-04-24|2027-04-25|2027-04-27|2027-04-28|2027-05-01|2027-05-02|2027-05-06|2027-05-09|2027-05-11|2027-05-16|2027-05-17|2027-05-18|2027-05-22|2027-05-23|2027-05-26|2027-05-30|2027-06-03|2027-06-04|2027-06-05|2027-06-06|2027-06-09|2027-06-11|2027-06-12|2027-06-13|2027-06-15|2027-06-24|2027-06-25|2027-06-26|2027-06-27|2027-06-29|2027-07-02|2027-07-03|2027-07-04|2027-07-07|2027-07-08|2027-07-10|2027-07-11|2027-07-15|2027-07-16|2027-07-17|2027-07-20|2027-07-24|2027-07-29|2027-07-31|2027-08-02|2027-08-03|2027-08-06|2027-08-07|2027-08-08|2027-08-09|2027-08-10|2027-08-11|2027-08-13|2027-08-14|2027-08-15|2027-08-19|2027-08-21|2027-08-22|2027-08-23|2027-08-25|2027-08-27|2027-08-28|2027-08-30|2027-08-31|2027-09-05|2027-09-06|2027-09-11|2027-09-12|2027-09-13|2027-09-16|2027-09-18|2027-09-21|2027-09-22,"Вертикальные ролики для Reels и TikTok прямо во время праздника: первые три отдаю до конца вечера. Для свадеб — ещё минутный тизер через три дня. Снимаю на стабилизатор, без громоздкого света."
HK-90032,Хомура Акеми,Лайв-бэнд,Алматы,False,True,700000,False,свадьба|день рождения|юбилей|корпоратив,русский|английский,3,2026-09-23|2026-09-26|2026-09-28|2026-09-29|2026-10-01|2026-10-02|2026-10-13|2026-10-14|2026-10-17|2026-10-18|2026-10-19|2026-10-20|2026-10-23|2026-10-24|2026-10-25|2026-10-26|2026-10-28|2026-10-31|2026-11-05|2026-11-06|2026-11-07|2026-11-12|2026-11-15|2026-11-17|2026-11-21|2026-11-24|2026-11-25|2026-11-26|2026-11-27|2026-11-28|2026-11-29|2026-12-01|2026-12-02|2026-12-03|2026-12-05|2026-12-06|2026-12-07|2026-12-08|2026-12-09|2026-12-11|2026-12-12|2026-12-14|2026-12-15|2026-12-17|2026-12-18|2026-12-19|2026-12-20|2026-12-22|2026-12-23|2026-12-24|2026-12-26|2026-12-27|2026-12-28|2026-12-31|2027-01-01|2027-01-02|2027-01-06|2027-01-08|2027-01-16|2027-01-17|2027-01-22|2027-01-25|2027-01-26|2027-01-30|2027-02-05|2027-02-08|2027-02-11|2027-02-12|2027-02-14|2027-02-16|2027-02-21|2027-02-24|2027-02-25|2027-02-27|2027-02-28|2027-03-03|2027-03-07|2027-03-08|2027-03-10|2027-03-12|2027-03-13|2027-03-17|2027-03-20|2027-03-21|2027-03-22|2027-03-27|2027-03-28|2027-03-30|2027-03-31|2027-04-04|2027-04-06|2027-04-10|2027-04-13|2027-04-18|2027-04-20|2027-04-28|2027-05-01|2027-05-04|2027-05-06|2027-05-08|2027-05-09|2027-05-10|2027-05-11|2027-05-13|2027-05-15|2027-05-18|2027-05-21|2027-05-22|2027-05-23|2027-05-25|2027-05-29|2027-05-30|2027-05-31|2027-06-03|2027-06-04|2027-06-05|2027-06-06|2027-06-07|2027-06-08|2027-06-11|2027-06-12|2027-06-13|2027-06-15|2027-06-18|2027-06-21|2027-06-24|2027-06-26|2027-06-27|2027-06-28|2027-06-29|2027-07-02|2027-07-03|2027-07-06|2027-07-07|2027-07-09|2027-07-10|2027-07-12|2027-07-14|2027-07-15|2027-07-16|2027-07-17|2027-07-20|2027-07-21|2027-07-22|2027-07-23|2027-07-25|2027-07-27|2027-07-28|2027-07-31|2027-08-01|2027-08-05|2027-08-06|2027-08-07|2027-08-12|2027-08-13|2027-08-14|2027-08-18|2027-08-20|2027-08-21|2027-08-22|2027-08-25|2027-08-29|2027-08-30|2027-09-03|2027-09-04|2027-09-07|2027-09-08|2027-09-10|2027-09-11|2027-09-12|2027-09-17|2027-09-18|2027-09-19|2027-09-21,"Акустическое трио: вокал, гитара, скрипка. Играем на выездных регистрациях, в ресторанах и на террасах, где нельзя громко. Поп и соул на английском, романсы и советская эстрада на русском. Выезжаем в Астану."
HK-90033,Кагуя Синомия,Шоу-программа,Алматы,False,True,900000,False,корпоратив|день рождения|юбилей|свадьба,русский|казахский|английский,2,2026-09-24|2026-09-28|2026-10-03|2026-10-05|2026-10-12|2026-10-13|2026-10-17|2026-10-18|2026-10-19|2026-10-20|2026-10-21|2026-10-22|2026-10-23|2026-10-26|2026-10-27|2026-10-29|2026-10-31|2026-11-03|2026-11-05|2026-11-07|2026-11-15|2026-11-18|2026-11-20|2026-11-22|2026-11-23|2026-11-24|2026-11-25|2026-11-27|2026-11-28|2026-11-30|2026-12-02|2026-12-03|2026-12-04|2026-12-05|2026-12-06|2026-12-08|2026-12-09|2026-12-10|2026-12-11|2026-12-12|2026-12-14|2026-12-15|2026-12-16|2026-12-18|2026-12-19|2026-12-20|2026-12-22|2026-12-24|2026-12-25|2026-12-28|2026-12-29|2026-12-30|2026-12-31|2027-01-04|2027-01-05|2027-01-10|2027-01-11|2027-01-15|2027-01-17|2027-01-19|2027-01-29|2027-02-02|2027-02-04|2027-02-06|2027-02-10|2027-02-11|2027-02-14|2027-02-18|2027-02-24|2027-02-28|2027-03-02|2027-03-06|2027-03-07|2027-03-08|2027-03-12|2027-03-13|2027-03-14|2027-03-15|2027-03-20|2027-03-21|2027-03-22|2027-03-23|2027-03-29|2027-04-01|2027-04-03|2027-04-04|2027-04-07|2027-04-09|2027-04-10|2027-04-12|2027-04-16|2027-04-18|2027-04-19|2027-04-22|2027-04-23|2027-04-25|2027-04-26|2027-04-27|2027-04-29|2027-05-02|2027-05-04|2027-05-07|2027-05-09|2027-05-12|2027-05-15|2027-05-16|2027-05-17|2027-05-20|2027-05-21|2027-05-22|2027-05-23|2027-05-24|2027-05-26|2027-05-27|2027-05-29|2027-05-30|2027-06-01|2027-06-02|2027-06-03|2027-06-04|2027-06-05|2027-06-06|2027-06-08|2027-06-10|2027-06-11|2027-06-12|2027-06-13|2027-06-14|2027-06-16|2027-06-18|2027-06-19|2027-06-20|2027-06-21|2027-06-23|2027-06-24|2027-06-25|2027-06-26|2027-06-27|2027-06-29|2027-07-02|2027-07-03|2027-07-04|2027-07-05|2027-07-06|2027-07-07|2027-07-08|2027-07-09|2027-07-10|2027-07-11|2027-07-13|2027-07-14|2027-07-15|2027-07-16|2027-07-17|2027-07-18|2027-07-19|2027-07-21|2027-07-22|2027-07-23|2027-07-24|2027-07-25|2027-07-27|2027-07-29|2027-07-30|2027-07-31|2027-08-01|2027-08-04|2027-08-05|2027-08-06|2027-08-07|2027-08-08|2027-08-09|2027-08-11|2027-08-12|2027-08-13|2027-08-14|2027-08-15|2027-08-17|2027-08-20|2027-08-21|2027-08-22|2027-08-24|2027-08-26|2027-08-27|2027-08-28|2027-08-29|2027-08-30|2027-09-01|2027-09-02|2027-09-03|2027-09-04|2027-09-05|2027-09-08|2027-09-11|2027-09-12|2027-09-13|2027-09-15|2027-09-17|2027-09-18|2027-09-19|2027-09-21,Иллюзионист: фокусы между столами на фуршете и сценическое шоу на 20 минут. Встраиваю в номер логотип компании или имена молодожёнов. Выступаю на трёх языках.
HK-90034,Миюки Сироганэ,Танцевальный коллектив,Алматы,False,True,300000,False,свадьба|юбилей|день рождения,русский,2,2026-09-23|2026-09-24|2026-09-25|2026-09-26|2026-09-29|2026-09-30|2026-10-04|2026-10-09|2026-10-10|2026-10-20|2026-10-22|2026-10-23|2026-10-24|2026-10-25|2026-10-30|2026-11-04|2026-11-06|2026-11-07|2026-11-08|2026-11-09|2026-11-12|2026-11-16|2026-11-17|2026-11-19|2026-11-20|2026-11-21|2026-11-27|2026-11-29|2026-12-03|2026-12-04|2026-12-05|2026-12-06|2026-12-07|2026-12-08|2026-12-09|2026-12-10|2026-12-11|2026-12-12|2026-12-13|2026-12-14|2026-12-15|2026-12-16|2026-12-18|2026-12-19|2026-12-20|2026-12-21|2026-12-23|2026-12-24|2026-12-25|2026-12-26|2026-12-28|2026-12-29|2026-12-30|2026-12-31|2027-01-01|2027-01-08|2027-01-10|2027-01-14|2027-01-16|2027-01-21|2027-01-25|2027-01-27|2027-02-04|2027-02-08|2027-02-09|2027-02-10|2027-02-18|2027-02-19|2027-02-27|2027-03-01|2027-03-07|2027-03-10|2027-03-11|2027-03-12|2027-03-15|2027-03-16|2027-03-17|2027-03-20|2027-03-21|2027-03-23|2027-03-25|2027-03-26|2027-03-28|2027-03-31|2027-04-07|2027-04-11|2027-04-13|2027-04-18|2027-04-19|2027-04-24|2027-05-01|2027-05-02|2027-05-03|2027-05-08|2027-05-11|2027-05-15|2027-05-16|2027-05-17|2027-05-18|2027-05-20|2027-05-22|2027-05-23|2027-05-25|2027-05-30|2027-06-02|2027-06-03|2027-06-04|2027-06-05|2027-06-06|2027-06-08|2027-06-11|2027-06-12|2027-06-13|2027-06-17|2027-06-18|2027-06-19|2027-06-20|2027-06-22|2027-06-23|2027-06-24|2027-06-25|2027-06-27|2027-06-28|2027-06-30|2027-07-02|2027-07-04|2027-07-06|2027-07-07|2027-07-13|2027-07-15|2027-07-16|2027-07-17|2027-07-18|2027-07-20|2027-07-21|2027-07-22|2027-07-23|2027-07-24|2027-07-25|2027-07-30|2027-07-31|2027-08-01|2027-08-04|2027-08-06|2027-08-07|2027-08-08|2027-08-09|2027-08-10|2027-08-13|2027-08-15|2027-08-16|2027-08-17|2027-08-20|2027-08-21|2027-08-22|2027-08-23|2027-08-28|2027-08-29|2027-08-30|2027-09-05|2027-09-09|2027-09-11|2027-09-12|2027-09-13|2027-09-15|2027-09-17|2027-09-18|2027-09-20|2027-09-22,"Студия бального танца: ставим первый свадебный танец за пять репетиций, вальс юбиляра с семьёй, показательный номер пары профессионалов прямо на празднике."
HK-90035,Тайга Айсака,Банкетный зал,Алматы,False,True,1800000,False,свадьба|той|юбилей|день рождения|корпоратив,русский|казахский,10,2026-09-23|2026-09-25|2026-09-28|2026-09-30|2026-10-01|2026-10-02|2026-10-06|2026-10-08|2026-10-09|2026-10-12|2026-10-14|2026-10-15|2026-10-20|2026-10-21|2026-10-26|2026-10-30|2026-11-01|2026-11-02|2026-11-03|2026-11-04|2026-11-05|2026-11-06|2026-11-07|2026-11-14|2026-11-15|2026-11-18|2026-11-19|2026-11-21|2026-11-22|2026-11-28|2026-11-30|2026-12-01|2026-12-02|2026-12-03|2026-12-04|2026-12-05|2026-12-06|2026-12-07|2026-12-09|2026-12-10|2026-12-11|2026-12-12|2026-12-13|2026-12-15|2026-12-16|2026-12-18|2026-12-19|2026-12-21|2026-12-23|2026-12-24|2026-12-25|2026-12-26|2026-12-29|2026-12-31|2027-01-01|2027-01-07|2027-01-08|2027-01-10|2027-01-13|2027-01-15|2027-01-18|2027-01-23|2027-01-25|2027-01-29|2027-01-30|2027-01-31|2027-02-05|2027-02-06|2027-02-07|2027-02-09|2027-02-12|2027-02-15|2027-02-20|2027-02-21|2027-02-22|2027-02-23|2027-02-27|2027-02-28|2027-03-05|2027-03-06|2027-03-07|2027-03-08|2027-03-11|2027-03-13|2027-03-14|2027-03-15|2027-03-20|2027-03-21|2027-03-22|2027-03-23|2027-03-24|2027-03-26|2027-03-30|2027-04-04|2027-04-09|2027-04-11|2027-04-12|2027-04-19|2027-04-21|2027-04-28|2027-05-01|2027-05-04|2027-05-08|2027-05-11|2027-05-13|2027-05-16|2027-05-20|2027-05-22|2027-05-23|2027-05-25|2027-05-26|2027-05-27|2027-05-29|2027-05-30|2027-06-02|2027-06-04|2027-06-05|2027-06-06|2027-06-07|2027-06-11|2027-06-12|2027-06-13|2027-06-14|2027-06-16|2027-06-18|2027-06-19|2027-06-20|2027-06-21|2027-06-22|2027-06-24|2027-06-25|2027-06-27|2027-06-29|2027-07-03|2027-07-04|2027-07-06|2027-07-08|2027-07-09|2027-07-10|2027-07-11|2027-07-14|2027-07-16|2027-07-17|2027-07-18|2027-07-19|2027-07-20|2027-07-23|2027-07-24|2027-07-25|2027-07-26|2027-07-27|2027-07-28|2027-07-30|2027-08-01|2027-08-03|2027-08-04|2027-08-05|2027-08-06|2027-08-07|2027-08-08|2027-08-10|2027-08-11|2027-08-12|2027-08-15|2027-08-16|2027-08-17|2027-08-19|2027-08-20|2027-08-21|2027-08-22|2027-08-24|2027-08-25|2027-08-27|2027-08-28|2027-08-29|2027-08-31|2027-09-01|2027-09-04|2027-09-05|2027-09-10|2027-09-11|2027-09-14|2027-09-16|2027-09-19,"Банкетный зал на 150 гостей в Бостандыкском районе. Меню от 12 000 ₸ на человека без сервисного сбора. Своя звуковая аппаратура, можно приводить своих ведущих и декораторов."
HK-90036,Харухи Судзумия,Ресторан,Алматы,False,True,1200000,False,день рождения|юбилей|корпоратив|свадьба,русский|английский,10,2026-09-25|2026-09-27|2026-10-02|2026-10-06|2026-10-08|2026-10-09|2026-10-12|2026-10-14|2026-10-17|2026-10-18|2026-10-19|2026-10-22|2026-10-25|2026-10-28|2026-10-29|2026-10-30|2026-11-01|2026-11-08|2026-11-11|2026-11-14|2026-11-17|2026-11-19|2026-11-26|2026-12-01|2026-12-04|2026-12-05|2026-12-06|2026-12-07|2026-12-08|2026-12-09|2026-12-10|2026-12-11|2026-12-13|2026-12-15|2026-12-16|2026-12-17|2026-12-18|2026-12-19|2026-12-20|2026-12-21|2026-12-24|2026-12-26|2026-12-27|2026-12-28|2026-12-29|2026-12-30|2026-12-31|2027-01-01|2027-01-02|2027-01-03|2027-01-04|2027-01-08|2027-01-10|2027-01-14|2027-01-16|2027-01-20|2027-01-24|2027-01-27|2027-01-29|2027-02-07|2027-02-12|2027-02-14|2027-02-17|2027-02-18|2027-02-21|2027-02-24|2027-02-25|2027-02-27|2027-03-02|2027-03-06|2027-03-08|2027-03-10|2027-03-14|2027-03-17|2027-03-20|2027-03-21|2027-03-22|2027-03-23|2027-03-24|2027-03-25|2027-03-27|2027-04-01|2027-04-08|2027-04-09|2027-04-10|2027-04-18|2027-04-22|2027-04-23|2027-04-25|2027-04-27|2027-05-01|2027-05-02|2027-05-08|2027-05-09|2027-05-10|2027-05-12|2027-05-15|2027-05-16|2027-05-22|2027-05-23|2027-05-24|2027-05-25|2027-05-26|2027-05-29|2027-05-30|2027-06-03|2027-06-04|2027-06-05|2027-06-06|2027-06-13|2027-06-15|2027-06-17|2027-06-18|2027-06-19|2027-06-20|2027-06-22|2027-06-23|2027-06-25|2027-06-26|2027-06-27|2027-06-28|2027-07-01|2027-07-02|2027-07-03|2027-07-04|2027-07-06|2027-07-09|2027-07-10|2027-07-11|2027-07-12|2027-07-16|2027-07-17|2027-07-20|2027-07-21|2027-07-22|2027-07-23|2027-07-25|2027-07-26|2027-07-30|2027-07-31|2027-08-01|2027-08-02|2027-08-03|2027-08-05|2027-08-06|2027-08-12|2027-08-13|2027-08-14|2027-08-15|2027-08-20|2027-08-21|2027-08-22|2027-08-24|2027-08-27|2027-08-29|2027-08-30|2027-09-02|2027-09-03|2027-09-04|2027-09-05|2027-09-08|2027-09-11|2027-09-14|2027-09-17|2027-09-18|2027-09-19,"Ресторан с летней террасой на 80 гостей и видом на горы. Терраса открыта с мая по сентябрь, в холодный сезон — зал на 50 человек с камином. Подходит для камерных свадеб и выездных регистраций."
HK-90037,Сенку Исигами,Загородная площадка,Алматы,False,True,2200000,False,свадьба|той|корпоратив|юбилей,русский|казахский|английский,12,2026-09-24|2026-09-25|2026-09-26|2026-10-02|2026-10-03|2026-10-04|2026-10-05|2026-10-08|2026-10-11|2026-10-14|2026-10-17|2026-10-20|2026-10-22|2026-10-25|2026-10-27|2026-10-28|2026-10-30|2026-11-05|2026-11-09|2026-11-12|2026-11-17|2026-11-19|2026-11-20|2026-11-26|2026-11-27|2026-11-28|2026-12-01|2026-12-02|2026-12-03|2026-12-04|2026-12-06|2026-12-07|2026-12-08|2026-12-10|2026-12-11|2026-12-14|2026-12-15|2026-12-16|2026-12-18|2026-12-19|2026-12-21|2026-12-22|2026-12-24|2026-12-25|2026-12-26|2026-12-27|2026-12-28|2026-12-30|2027-01-03|2027-01-10|2027-01-15|2027-01-16|2027-01-17|2027-01-18|2027-01-23|2027-02-02|2027-02-03|2027-02-04|2027-02-07|2027-02-12|2027-02-16|2027-02-18|2027-02-20|2027-02-25|2027-03-08|2027-03-09|2027-03-13|2027-03-16|2027-03-19|2027-03-20|2027-03-21|2027-03-22|2027-03-23|2027-03-24|2027-03-26|2027-03-29|2027-04-01|2027-04-02|2027-04-03|2027-04-04|2027-04-05|2027-04-06|2027-04-08|2027-04-11|2027-04-12|2027-04-15|2027-04-19|2027-04-21|2027-04-23|2027-04-24|2027-04-25|2027-04-27|2027-05-01|2027-05-02|2027-05-04|2027-05-05|2027-05-07|2027-05-08|2027-05-09|2027-05-10|2027-05-13|2027-05-14|2027-05-15|2027-05-16|2027-05-17|2027-05-18|2027-05-22|2027-05-23|2027-05-25|2027-05-26|2027-05-27|2027-05-28|2027-05-29|2027-06-01|2027-06-03|2027-06-04|2027-06-06|2027-06-10|2027-06-11|2027-06-12|2027-06-13|2027-06-14|2027-06-15|2027-06-17|2027-06-18|2027-06-19|2027-06-20|2027-06-22|2027-06-24|2027-06-25|2027-06-27|2027-06-30|2027-07-01|2027-07-02|2027-07-03|2027-07-04|2027-07-09|2027-07-10|2027-07-11|2027-07-12|2027-07-14|2027-07-17|2027-07-18|2027-07-19|2027-07-20|2027-07-22|2027-07-23|2027-07-24|2027-07-25|2027-07-27|2027-07-29|2027-07-30|2027-07-31|2027-08-01|2027-08-02|2027-08-03|2027-08-06|2027-08-07|2027-08-08|2027-08-12|2027-08-13|2027-08-14|2027-08-15|2027-08-16|2027-08-20|2027-08-21|2027-08-22|2027-08-23|2027-08-27|2027-08-28|2027-08-29|2027-08-30|2027-09-02|2027-09-03|2027-09-04|2027-09-05|2027-09-07|2027-09-08|2027-09-09|2027-09-12|2027-09-17|2027-09-18|2027-09-19|2027-09-20,"Площадка в предгорьях, 30 минут от города: поляна для выездной регистрации, шатёр на 200 гостей, гостевые домики на 40 мест. Летом — сезон свадеб, зимой — корпоративы с катанием на санях."
HK-90038,Итачи Учиха,Ведущий,Зарубежье,False,True,1800000,False,свадьба|юбилей|корпоратив,русский|английский,8,2026-09-24|2026-09-28|2026-10-02|2026-10-04|2026-10-06|2026-10-15|2026-10-16|2026-10-17|2026-10-18|2026-10-19|2026-10-22|2026-10-26|2026-10-30|2026-10-31|2026-11-01|2026-11-04|2026-11-07|2026-11-08|2026-11-13|2026-11-16|2026-11-17|2026-11-20|2026-11-22|2026-11-23|2026-11-28|2026-11-29|2026-12-01|2026-12-02|2026-12-03|2026-12-04|2026-12-05|2026-12-06|2026-12-07|2026-12-09|2026-12-10|2026-12-11|2026-12-13|2026-12-14|2026-12-15|2026-12-16|2026-12-17|2026-12-18|2026-12-19|2026-12-20|2026-12-21|2026-12-22|2026-12-23|2026-12-24|2026-12-25|2026-12-26|2026-12-27|2026-12-28|2026-12-29|2026-12-30|2026-12-31|2027-01-01|2027-01-03|2027-01-04|2027-01-08|2027-01-10|2027-01-15|2027-02-01|2027-02-06|2027-02-08|2027-02-13|2027-02-14|2027-02-20|2027-02-21|2027-03-01|2027-03-05|2027-03-07|2027-03-08|2027-03-11|2027-03-12|2027-03-13|2027-03-14|2027-03-15|2027-03-18|2027-03-19|2027-03-21|2027-03-22|2027-03-23|2027-03-29|2027-04-01|2027-04-03|2027-04-07|2027-04-09|2027-04-10|2027-04-11|2027-04-24|2027-04-28|2027-05-02|2027-05-04|2027-05-06|2027-05-08|2027-05-09|2027-05-11|2027-05-14|2027-05-15|2027-05-22|2027-05-23|2027-05-27|2027-05-29|2027-06-02|2027-06-03|2027-06-04|2027-06-06|2027-06-08|2027-06-09|2027-06-12|2027-06-16|2027-06-18|2027-06-22|2027-06-24|2027-06-25|2027-06-26|2027-06-27|2027-06-30|2027-07-01|2027-07-02|2027-07-04|2027-07-05|2027-07-06|2027-07-07|2027-07-10|2027-07-16|2027-07-21|2027-07-22|2027-07-23|2027-07-24|2027-07-26|2027-07-27|2027-08-01|2027-08-02|2027-08-03|2027-08-05|2027-08-08|2027-08-09|2027-08-12|2027-08-13|2027-08-14|2027-08-15|2027-08-16|2027-08-17|2027-08-19|2027-08-20|2027-08-21|2027-08-25|2027-08-27|2027-08-28|2027-08-29|2027-08-31|2027-09-01|2027-09-04|2027-09-05|2027-09-06|2027-09-07|2027-09-11|2027-09-13|2027-09-18|2027-09-20|2027-09-21,"Ведущий свадеб за границей: Турция, ОАЭ, Грузия. Живу в Стамбуле, помогаю парам из Казахстана с площадкой, подрядчиками и логистикой гостей. Перелёт и проживание в стоимость не входят."
HK-90039,Цунаде,Ведущий,Алматы,False,True,1300000,False,свадьба|корпоратив|конференция|юбилей|день рождения,русский|английский,4,2026-09-23|2026-09-24|2026-09-25|2026-09-27|2026-10-01|2026-10-04|2026-10-07|2026-10-08|2026-10-09|2026-10-10|2026-10-11|2026-10-13|2026-10-15|2026-10-16|2026-10-17|2026-10-21|2026-10-22|2026-10-23|2026-10-24|2026-10-26|2026-10-27|2026-10-29|2026-11-02|2026-11-05|2026-11-07|2026-11-10|2026-11-11|2026-11-13|2026-11-14|2026-11-16|2026-11-19|2026-11-20|2026-11-22|2026-11-23|2026-11-24|2026-11-27|2026-12-02|2026-12-03|2026-12-04|2026-12-05|2026-12-06|2026-12-07|2026-12-08|2026-12-09|2026-12-10|2026-12-11|2026-12-12|2026-12-13|2026-12-15|2026-12-16|2026-12-17|2026-12-18|2026-12-19|2026-12-20|2026-12-21|2026-12-22|2026-12-24|2026-12-25|2026-12-26|2026-12-27|2026-12-29|2026-12-30|2026-12-31|2027-01-01|2027-01-02|2027-01-03|2027-01-04|2027-01-08|2027-01-09|2027-01-12|2027-01-14|2027-01-22|2027-01-23|2027-01-27|2027-01-31|2027-02-04|2027-02-10|2027-02-13|2027-02-14|2027-02-19|2027-02-20|2027-02-28|2027-03-05|2027-03-07|2027-03-08|2027-03-10|2027-03-12|2027-03-13|2027-03-14|2027-03-15|2027-03-16|2027-03-18|2027-03-20|2027-03-21|2027-03-22|2027-03-23|2027-03-27|2027-03-30|2027-03-31|2027-04-02|2027-04-04|2027-04-08|2027-04-09|2027-04-10|2027-04-11|2027-04-13|2027-04-14|2027-04-19|2027-04-23|2027-04-24|2027-04-25|2027-05-02|2027-05-06|2027-05-07|2027-05-08|2027-05-09|2027-05-10|2027-05-12|2027-05-13|2027-05-14|2027-05-16|2027-05-20|2027-05-21|2027-05-22|2027-05-23|2027-05-25|2027-05-26|2027-05-28|2027-05-29|2027-05-30|2027-06-04|2027-06-05|2027-06-06|2027-06-08|2027-06-09|2027-06-10|2027-06-11|2027-06-12|2027-06-13|2027-06-14|2027-06-15|2027-06-16|2027-06-17|2027-06-18|2027-06-19|2027-06-20|2027-06-25|2027-06-26|2027-06-27|2027-06-29|2027-06-30|2027-07-02|2027-07-03|2027-07-08|2027-07-09|2027-07-10|2027-07-11|2027-07-12|2027-07-13|2027-07-14|2027-07-15|2027-07-16|2027-07-17|2027-07-18|2027-07-23|2027-07-24|2027-07-25|2027-07-26|2027-07-30|2027-07-31|2027-08-01|2027-08-06|2027-08-07|2027-08-08|2027-08-10|2027-08-11|2027-08-12|2027-08-13|2027-08-14|2027-08-15|2027-08-16|2027-08-18|2027-08-19|2027-08-20|2027-08-22|2027-08-24|2027-08-27|2027-08-28|2027-08-29|2027-08-30|2027-09-04|2027-09-05|2027-09-07|2027-09-08|2027-09-11|2027-09-12|2027-09-13|2027-09-18|2027-09-19|2027-09-20,"Шоумен и ведущий, за плечами более 80 мероприятий, Алматы. Стиль ведения — интеллигентный и спокойный. Провожу интерактивы с гостями всех возрастов. Есть свой звук на 50 гостей для выездных форматов. Работаю с англоязычными гостями."
HK-90040,Тентен,Ведущий,Алматы,False,True,1600000,False,свадьба|той|юбилей|день рождения,русский|казахский,7,2026-09-23|2026-09-27|2026-10-07|2026-10-09|2026-10-10|2026-10-13|2026-10-17|2026-10-20|2026-10-23|2026-10-24|2026-10-30|2026-11-01|2026-11-03|2026-11-04|2026-11-06|2026-11-12|2026-11-14|2026-11-18|2026-11-20|2026-11-21|2026-11-22|2026-11-25|2026-11-26|2026-11-28|2026-12-02|2026-12-03|2026-12-04|2026-12-05|2026-12-06|2026-12-09|2026-12-10|2026-12-11|2026-12-12|2026-12-13|2026-12-14|2026-12-15|2026-12-16|2026-12-17|2026-12-18|2026-12-20|2026-12-21|2026-12-22|2026-12-23|2026-12-24|2026-12-26|2026-12-28|2026-12-31|2027-01-02|2027-01-10|2027-01-11|2027-01-13|2027-01-15|2027-01-18|2027-01-24|2027-01-26|2027-01-27|2027-02-04|2027-02-06|2027-02-08|2027-02-10|2027-02-14|2027-02-27|2027-03-07|2027-03-08|2027-03-11|2027-03-21|2027-03-22|2027-03-23|2027-03-24|2027-04-15|2027-04-16|2027-04-17|2027-04-18|2027-04-22|2027-04-24|2027-04-28|2027-04-29|2027-05-01|2027-05-04|2027-05-05|2027-05-08|2027-05-09|2027-05-15|2027-05-16|2027-05-18|2027-05-19|2027-05-20|2027-05-22|2027-05-28|2027-05-31|2027-06-01|2027-06-02|2027-06-04|2027-06-05|2027-06-06|2027-06-07|2027-06-11|2027-06-12|2027-06-13|2027-06-14|2027-06-15|2027-06-18|2027-06-19|2027-06-20|2027-06-22|2027-06-23|2027-06-25|2027-06-26|2027-06-27|2027-07-02|2027-07-03|2027-07-04|2027-07-05|2027-07-08|2027-07-10|2027-07-11|2027-07-16|2027-07-17|2027-07-20|2027-07-23|2027-07-24|2027-07-25|2027-07-26|2027-07-30|2027-07-31|2027-08-01|2027-08-02|2027-08-06|2027-08-07|2027-08-09|2027-08-12|2027-08-13|2027-08-14|2027-08-17|2027-08-18|2027-08-20|2027-08-21|2027-08-23|2027-08-24|2027-08-26|2027-08-27|2027-08-28|2027-08-29|2027-08-31|2027-09-02|2027-09-05|2027-09-11|2027-09-12|2027-09-15|2027-09-18|2027-09-19,"Ведущая свадеб и юбилеев, 9 лет на сцене, Алматы. Стиль ведения — интеллигентный и спокойный. Есть свой звук на 100 гостей для выездных форматов. Работаю в паре с диджеем, сценарий согласовываем за 5 дня. Веду на казахском и русском."
HK-90041,Ино Яманака,Ведущий,Алматы,False,True,1800000,False,свадьба|корпоратив|конференция|день рождения,русский,10,2026-09-23|2026-09-24|2026-10-01|2026-10-02|2026-10-06|2026-10-10|2026-10-16|2026-10-17|2026-10-18|2026-10-21|2026-10-24|2026-10-25|2026-10-29|2026-10-31|2026-11-06|2026-11-08|2026-11-12|2026-11-20|2026-11-22|2026-11-28|2026-11-30|2026-12-01|2026-12-04|2026-12-05|2026-12-06|2026-12-08|2026-12-09|2026-12-10|2026-12-11|2026-12-12|2026-12-13|2026-12-14|2026-12-16|2026-12-17|2026-12-18|2026-12-19|2026-12-22|2026-12-23|2026-12-25|2026-12-26|2026-12-28|2026-12-29|2026-12-31|2027-01-06|2027-01-15|2027-01-18|2027-01-26|2027-01-30|2027-01-31|2027-02-02|2027-02-03|2027-02-11|2027-02-14|2027-02-17|2027-02-23|2027-02-25|2027-02-27|2027-03-02|2027-03-06|2027-03-07|2027-03-09|2027-03-12|2027-03-13|2027-03-14|2027-03-16|2027-03-20|2027-03-21|2027-03-22|2027-03-23|2027-03-24|2027-03-25|2027-03-26|2027-03-27|2027-03-30|2027-03-31|2027-04-02|2027-04-09|2027-04-10|2027-04-11|2027-04-13|2027-04-16|2027-04-17|2027-04-18|2027-04-19|2027-04-20|2027-04-22|2027-04-29|2027-04-30|2027-05-02|2027-05-05|2027-05-09|2027-05-10|2027-05-15|2027-05-16|2027-05-19|2027-05-22|2027-05-23|2027-05-29|2027-05-30|2027-05-31|2027-06-02|2027-06-04|2027-06-05|2027-06-06|2027-06-07|2027-06-08|2027-06-11|2027-06-12|2027-06-13|2027-06-14|2027-06-18|2027-06-19|2027-06-21|2027-06-23|2027-06-25|2027-06-27|2027-06-30|2027-07-02|2027-07-03|2027-07-04|2027-07-06|2027-07-07|2027-07-12|2027-07-13|2027-07-14|2027-07-16|2027-07-17|2027-07-18|2027-07-20|2027-07-22|2027-07-23|2027-07-25|2027-07-27|2027-07-29|2027-07-30|2027-07-31|2027-08-01|2027-08-02|2027-08-03|2027-08-04|2027-08-05|2027-08-06|2027-08-07|2027-08-08|2027-08-09|2027-08-10|2027-08-11|2027-08-12|2027-08-13|2027-08-14|2027-08-15|2027-08-19|2027-08-20|2027-08-21|2027-08-22|2027-08-23|2027-08-27|2027-08-28|2027-08-29|2027-08-30|2027-09-01|2027-09-03|2027-09-06|2027-09-09|2027-09-12|2027-09-13|2027-09-19|2027-09-20|2027-09-21|2027-09-22,"Ведущий с опытом 3 лет, Алматы. Стиль — интеллигентный и спокойный, без затянутых конкурсов. Провожу интерактивы с гостями всех возрастов. Помогаю составить тайминг и очередь тостов."
HK-90042,Чоджи Акимичи,Ведущий,Алматы,False,True,1500000,False,свадьба|той|корпоратив|конференция,русский|казахский,8,2026-09-26|2026-09-27|2026-09-30|2026-10-07|2026-10-11|2026-10-13|2026-10-24|2026-10-30|2026-11-04|2026-11-06|2026-11-07|2026-11-11|2026-11-12|2026-11-15|2026-11-19|2026-11-22|2026-11-27|2026-11-30|2026-12-01|2026-12-02|2026-12-03|2026-12-04|2026-12-08|2026-12-09|2026-12-10|2026-12-13|2026-12-14|2026-12-15|2026-12-16|2026-12-18|2026-12-19|2026-12-20|2026-12-21|2026-12-23|2026-12-24|2026-12-25|2026-12-26|2026-12-27|2026-12-28|2026-12-31|2027-01-07|2027-01-15|2027-01-21|2027-02-02|2027-02-03|2027-02-11|2027-02-14|2027-02-17|2027-02-24|2027-02-25|2027-03-01|2027-03-02|2027-03-03|2027-03-05|2027-03-08|2027-03-11|2027-03-20|2027-03-21|2027-03-22|2027-04-10|2027-04-11|2027-04-12|2027-04-17|2027-04-23|2027-04-24|2027-04-28|2027-05-08|2027-05-09|2027-05-11|2027-05-15|2027-05-20|2027-05-23|2027-05-27|2027-05-30|2027-05-31|2027-06-04|2027-06-05|2027-06-06|2027-06-08|2027-06-11|2027-06-12|2027-06-14|2027-06-16|2027-06-19|2027-06-24|2027-06-25|2027-06-26|2027-06-27|2027-06-28|2027-06-30|2027-07-01|2027-07-02|2027-07-03|2027-07-04|2027-07-06|2027-07-09|2027-07-10|2027-07-13|2027-07-16|2027-07-17|2027-07-18|2027-08-01|2027-08-05|2027-08-13|2027-08-14|2027-08-17|2027-08-20|2027-08-21|2027-08-22|2027-08-25|2027-08-29|2027-08-31|2027-09-04|2027-09-05|2027-09-06|2027-09-11|2027-09-12|2027-09-17,"Ведущая с актёрским образованием, работаю 12 лет, Алматы. Стиль ведения — энергичный, с импровизацией. Лучше всего чувствую залы на 300 гостей. Помогаю составить тайминг и очередь тостов. Веду на казахском и русском."
HK-90043,Киба Инузука,Ведущий,Алматы,False,True,1800000,False,свадьба|той|конференция|юбилей|день рождения,русский|казахский,4,2026-09-23|2026-09-24|2026-09-26|2026-09-29|2026-10-03|2026-10-04|2026-10-14|2026-10-15|2026-10-23|2026-10-26|2026-10-30|2026-11-01|2026-11-03|2026-11-05|2026-11-07|2026-11-09|2026-11-10|2026-11-11|2026-11-13|2026-11-15|2026-11-19|2026-11-23|2026-11-24|2026-11-28|2026-11-30|2026-12-01|2026-12-02|2026-12-03|2026-12-04|2026-12-05|2026-12-06|2026-12-10|2026-12-11|2026-12-12|2026-12-13|2026-12-14|2026-12-15|2026-12-17|2026-12-18|2026-12-19|2026-12-20|2026-12-21|2026-12-22|2026-12-24|2026-12-25|2026-12-26|2026-12-27|2026-12-28|2026-12-30|2026-12-31|2027-01-02|2027-01-05|2027-01-07|2027-01-11|2027-01-14|2027-01-30|2027-02-01|2027-02-14|2027-02-15|2027-02-16|2027-02-23|2027-02-27|2027-03-02|2027-03-06|2027-03-11|2027-03-12|2027-03-15|2027-03-17|2027-03-20|2027-03-23|2027-03-26|2027-03-29|2027-04-06|2027-04-11|2027-04-15|2027-04-23|2027-04-24|2027-04-29|2027-04-30|2027-05-01|2027-05-07|2027-05-08|2027-05-09|2027-05-10|2027-05-14|2027-05-15|2027-05-16|2027-05-23|2027-05-24|2027-05-26|2027-05-27|2027-05-29|2027-05-30|2027-05-31|2027-06-04|2027-06-05|2027-06-10|2027-06-11|2027-06-13|2027-06-15|2027-06-18|2027-06-19|2027-06-20|2027-06-21|2027-06-25|2027-06-27|2027-06-28|2027-07-03|2027-07-06|2027-07-09|2027-07-10|2027-07-13|2027-07-16|2027-07-17|2027-07-18|2027-07-21|2027-07-22|2027-07-23|2027-07-24|2027-07-25|2027-07-29|2027-07-30|2027-08-01|2027-08-04|2027-08-05|2027-08-06|2027-08-07|2027-08-08|2027-08-13|2027-08-14|2027-08-15|2027-08-20|2027-08-21|2027-08-22|2027-08-27|2027-08-29|2027-08-30|2027-08-31|2027-09-03|2027-09-04|2027-09-05|2027-09-11|2027-09-12|2027-09-14|2027-09-16|2027-09-18|2027-09-21|2027-09-22,"Ведущий с опытом 7 лет, Алматы. Стиль — деловой, с чётким таймингом, без затянутых конкурсов. Помогаю составить тайминг и очередь тостов. Есть свой звук на 80 гостей для выездных форматов. Веду на казахском и русском."
HK-90044,Минато Намиказе,Ведущий,Алматы,False,True,1900000,False,свадьба|той|корпоратив|конференция|юбилей,русский|казахский,8,2026-09-24|2026-09-27|2026-09-30|2026-10-04|2026-10-05|2026-10-06|2026-10-09|2026-10-10|2026-10-12|2026-10-17|2026-10-19|2026-10-25|2026-10-30|2026-10-31|2026-11-01|2026-11-02|2026-11-05|2026-11-06|2026-11-12|2026-11-17|2026-11-27|2026-12-02|2026-12-03|2026-12-04|2026-12-10|2026-12-11|2026-12-13|2026-12-15|2026-12-16|2026-12-19|2026-12-20|2026-12-21|2026-12-25|2026-12-26|2026-12-31|2027-01-03|2027-01-06|2027-01-11|2027-01-15|2027-01-23|2027-02-05|2027-02-14|2027-02-16|2027-02-20|2027-02-22|2027-02-26|2027-03-01|2027-03-04|2027-03-06|2027-03-07|2027-03-10|2027-03-11|2027-03-12|2027-03-17|2027-03-20|2027-03-22|2027-03-25|2027-03-31|2027-04-08|2027-04-10|2027-04-15|2027-04-19|2027-04-25|2027-05-01|2027-05-06|2027-05-08|2027-05-09|2027-05-10|2027-05-11|2027-05-15|2027-05-22|2027-05-28|2027-05-30|2027-06-01|2027-06-02|2027-06-04|2027-06-05|2027-06-06|2027-06-09|2027-06-10|2027-06-12|2027-06-13|2027-06-17|2027-06-18|2027-06-19|2027-06-20|2027-06-22|2027-06-24|2027-06-25|2027-06-27|2027-06-29|2027-06-30|2027-07-03|2027-07-04|2027-07-06|2027-07-07|2027-07-10|2027-07-11|2027-07-12|2027-07-13|2027-07-17|2027-07-18|2027-07-23|2027-07-25|2027-07-27|2027-07-31|2027-08-02|2027-08-06|2027-08-08|2027-08-13|2027-08-14|2027-08-15|2027-08-16|2027-08-20|2027-08-21|2027-08-23|2027-08-29|2027-08-30|2027-09-04|2027-09-05|2027-09-07|2027-09-10|2027-09-12|2027-09-15|2027-09-16|2027-09-17|2027-09-18,"Ведущий деловых и праздничных событий, стаж 4 лет, Алматы. Стиль — с лёгким юмором, без пошлости, без затянутых конкурсов. Работаю в паре с диджеем, сценарий согласовываем за 4 дня. Лучше всего чувствую залы на 300 гостей. Веду на казахском и русском."
HK-90045,Кушина Узумаки,Ведущий,Алматы,False,True,1150000,False,свадьба|той|корпоратив|конференция,русский|казахский,10,2026-09-28|2026-10-03|2026-10-05|2026-10-06|2026-10-09|2026-10-11|2026-10-12|2026-10-17|2026-10-20|2026-10-25|2026-11-04|2026-11-08|2026-11-09|2026-11-18|2026-11-20|2026-11-21|2026-11-22|2026-11-23|2026-11-28|2026-12-01|2026-12-02|2026-12-04|2026-12-05|2026-12-06|2026-12-10|2026-12-11|2026-12-12|2026-12-15|2026-12-20|2026-12-21|2026-12-23|2026-12-25|2026-12-26|2026-12-27|2026-12-31|2027-01-08|2027-01-10|2027-01-13|2027-01-21|2027-01-29|2027-01-31|2027-02-08|2027-02-10|2027-02-11|2027-02-12|2027-02-24|2027-03-06|2027-03-07|2027-03-08|2027-03-11|2027-03-13|2027-03-14|2027-03-20|2027-03-22|2027-03-23|2027-03-26|2027-03-28|2027-04-03|2027-04-04|2027-04-09|2027-04-11|2027-04-18|2027-04-20|2027-04-25|2027-04-26|2027-04-29|2027-05-01|2027-05-06|2027-05-08|2027-05-09|2027-05-10|2027-05-13|2027-05-15|2027-05-19|2027-05-22|2027-05-23|2027-05-28|2027-05-29|2027-06-05|2027-06-08|2027-06-09|2027-06-12|2027-06-14|2027-06-16|2027-06-20|2027-06-25|2027-06-26|2027-06-27|2027-06-28|2027-06-29|2027-06-30|2027-07-02|2027-07-04|2027-07-08|2027-07-09|2027-07-10|2027-07-11|2027-07-13|2027-07-15|2027-07-16|2027-07-18|2027-07-23|2027-07-24|2027-07-25|2027-07-28|2027-08-03|2027-08-04|2027-08-06|2027-08-07|2027-08-08|2027-08-10|2027-08-11|2027-08-12|2027-08-13|2027-08-16|2027-08-18|2027-08-19|2027-08-21|2027-08-22|2027-08-23|2027-08-27|2027-08-28|2027-08-29|2027-08-31|2027-09-02|2027-09-04|2027-09-10|2027-09-14|2027-09-15|2027-09-18|2027-09-19|2027-09-21,"Ведущая свадеб и юбилеев, 6 лет на сцене, Алматы. Стиль ведения — тёплый, семейный. Провожу интерактивы с гостями всех возрастов. Работаю в паре с диджеем, сценарий согласовываем за 3 дня. Веду на казахском и русском."
HK-90046,Дейдара,Ведущий,Алматы,False,True,850000,False,свадьба|той|корпоратив|конференция,русский|казахский|английский,3,2026-10-02|2026-10-07|2026-10-13|2026-10-16|2026-10-17|2026-10-19|2026-10-25|2026-10-27|2026-10-28|2026-11-09|2026-11-10|2026-11-11|2026-11-15|2026-11-16|2026-11-17|2026-11-25|2026-12-01|2026-12-02|2026-12-04|2026-12-08|2026-12-10|2026-12-11|2026-12-15|2026-12-16|2026-12-17|2026-12-18|2026-12-19|2026-12-21|2026-12-23|2026-12-25|2026-12-27|2026-12-28|2026-12-30|2027-01-01|2027-01-02|2027-01-04|2027-01-05|2027-01-06|2027-01-08|2027-01-09|2027-01-10|2027-01-19|2027-01-30|2027-02-10|2027-02-26|2027-02-27|2027-03-02|2027-03-08|2027-03-22|2027-03-23|2027-03-24|2027-03-25|2027-03-27|2027-04-04|2027-04-07|2027-04-11|2027-04-15|2027-04-21|2027-04-25|2027-05-01|2027-05-04|2027-05-05|2027-05-06|2027-05-10|2027-05-22|2027-05-26|2027-05-27|2027-05-28|2027-06-01|2027-06-03|2027-06-08|2027-06-10|2027-06-11|2027-06-12|2027-06-13|2027-06-14|2027-06-18|2027-06-19|2027-06-20|2027-06-21|2027-06-22|2027-06-25|2027-06-27|2027-07-02|2027-07-05|2027-07-06|2027-07-09|2027-07-10|2027-07-14|2027-07-15|2027-07-17|2027-07-19|2027-07-20|2027-07-23|2027-07-24|2027-07-25|2027-08-01|2027-08-07|2027-08-08|2027-08-11|2027-08-13|2027-08-14|2027-08-15|2027-08-18|2027-08-19|2027-08-20|2027-08-21|2027-08-25|2027-08-26|2027-08-28|2027-09-02|2027-09-03|2027-09-04|2027-09-05|2027-09-10|2027-09-11|2027-09-19,"Ведущий с опытом 9 лет, Алматы. Стиль ведения — с лёгким юмором, без пошлости. Помогаю составить тайминг и очередь тостов. Лучше всего чувствую залы на 100 гостей. Веду на казахском и русском. Работаю с англоязычными гостями."
HK-90047,Сасори,Фотограф,Алматы,False,True,200000,False,свадьба|корпоратив|конференция|день рождения,русский|казахский,6,2026-09-25|2026-09-26|2026-09-29|2026-10-01|2026-10-02|2026-10-05|2026-10-08|2026-10-09|2026-10-10|2026-10-16|2026-10-19|2026-10-20|2026-10-23|2026-10-25|2026-10-26|2026-10-29|2026-11-02|2026-11-04|2026-11-05|2026-11-08|2026-11-10|2026-11-13|2026-11-16|2026-11-17|2026-11-18|2026-11-19|2026-11-20|2026-11-24|2026-11-25|2026-11-26|2026-11-29|2026-12-04|2026-12-06|2026-12-07|2026-12-08|2026-12-09|2026-12-10|2026-12-12|2026-12-13|2026-12-15|2026-12-18|2026-12-20|2026-12-21|2026-12-23|2026-12-24|2026-12-26|2026-12-29|2027-01-02|2027-01-07|2027-01-16|2027-01-19|2027-01-21|2027-01-24|2027-01-28|2027-02-02|2027-02-04|2027-02-06|2027-02-09|2027-02-12|2027-02-13|2027-02-14|2027-02-22|2027-02-23|2027-02-24|2027-02-27|2027-03-03|2027-03-04|2027-03-07|2027-03-12|2027-03-16|2027-03-18|2027-03-20|2027-03-21|2027-03-25|2027-04-02|2027-04-03|2027-04-04|2027-04-07|2027-04-08|2027-04-11|2027-04-12|2027-04-19|2027-04-22|2027-04-24|2027-04-25|2027-04-30|2027-05-01|2027-05-03|2027-05-05|2027-05-10|2027-05-11|2027-05-12|2027-05-22|2027-05-29|2027-05-31|2027-06-02|2027-06-03|2027-06-04|2027-06-05|2027-06-06|2027-06-08|2027-06-13|2027-06-17|2027-06-18|2027-06-19|2027-06-20|2027-06-26|2027-06-29|2027-07-02|2027-07-04|2027-07-05|2027-07-06|2027-07-07|2027-07-08|2027-07-09|2027-07-11|2027-07-12|2027-07-13|2027-07-16|2027-07-17|2027-07-19|2027-07-22|2027-07-23|2027-07-24|2027-07-30|2027-08-01|2027-08-03|2027-08-05|2027-08-08|2027-08-09|2027-08-10|2027-08-11|2027-08-19|2027-08-20|2027-08-21|2027-08-23|2027-08-27|2027-08-28|2027-08-29|2027-08-30|2027-09-03|2027-09-04|2027-09-06|2027-09-11|2027-09-13|2027-09-14|2027-09-15|2027-09-20|2027-09-21|2027-09-22,"Фотограф деловых мероприятий, Алматы. Мой почерк — аккуратная постановка портретов. Снимаю с дрона, если площадка разрешает. Беру с собой второго фотографа по запросу."
HK-90048,Конан,Фотограф,Алматы,False,True,520000,False,свадьба|юбилей|день рождения,русский|английский,4,2026-09-24|2026-09-25|2026-09-26|2026-09-27|2026-10-03|2026-10-08|2026-10-11|2026-10-15|2026-10-17|2026-10-19|2026-10-20|2026-10-22|2026-10-23|2026-10-26|2026-10-27|2026-10-28|2026-11-02|2026-11-04|2026-11-05|2026-11-06|2026-11-07|2026-11-08|2026-11-12|2026-11-14|2026-11-17|2026-11-19|2026-11-20|2026-11-23|2026-11-27|2026-11-28|2026-11-29|2026-12-01|2026-12-02|2026-12-03|2026-12-04|2026-12-05|2026-12-06|2026-12-07|2026-12-08|2026-12-09|2026-12-10|2026-12-11|2026-12-12|2026-12-13|2026-12-14|2026-12-16|2026-12-17|2026-12-23|2026-12-24|2026-12-25|2026-12-26|2026-12-27|2026-12-28|2026-12-29|2026-12-31|2027-01-02|2027-01-03|2027-01-14|2027-01-17|2027-01-19|2027-01-24|2027-01-25|2027-02-06|2027-02-07|2027-02-11|2027-02-16|2027-02-21|2027-02-26|2027-03-03|2027-03-06|2027-03-08|2027-03-10|2027-03-13|2027-03-14|2027-03-15|2027-03-17|2027-03-20|2027-03-21|2027-03-22|2027-03-23|2027-03-27|2027-03-29|2027-03-30|2027-04-01|2027-04-03|2027-04-04|2027-04-07|2027-04-11|2027-04-14|2027-04-16|2027-04-17|2027-04-18|2027-04-25|2027-04-30|2027-05-01|2027-05-02|2027-05-09|2027-05-16|2027-05-18|2027-05-22|2027-05-27|2027-05-29|2027-05-30|2027-06-02|2027-06-03|2027-06-04|2027-06-05|2027-06-06|2027-06-08|2027-06-09|2027-06-11|2027-06-12|2027-06-15|2027-06-19|2027-06-20|2027-06-22|2027-06-24|2027-06-25|2027-06-26|2027-06-27|2027-06-29|2027-06-30|2027-07-01|2027-07-02|2027-07-03|2027-07-04|2027-07-06|2027-07-08|2027-07-09|2027-07-10|2027-07-11|2027-07-13|2027-07-16|2027-07-17|2027-07-18|2027-07-19|2027-07-20|2027-07-22|2027-07-23|2027-07-24|2027-07-25|2027-07-26|2027-07-28|2027-07-30|2027-07-31|2027-08-01|2027-08-02|2027-08-03|2027-08-04|2027-08-06|2027-08-07|2027-08-08|2027-08-09|2027-08-10|2027-08-11|2027-08-13|2027-08-14|2027-08-15|2027-08-16|2027-08-19|2027-08-20|2027-08-21|2027-08-22|2027-08-25|2027-08-27|2027-08-28|2027-08-30|2027-08-31|2027-09-01|2027-09-04|2027-09-05|2027-09-06|2027-09-07|2027-09-08|2027-09-09|2027-09-11|2027-09-12|2027-09-15|2027-09-16|2027-09-20,"Свадебный и семейный фотограф, Алматы. Мой почерк — светлая плёночная цветокоррекция. Беру с собой второго фотографа по запросу. Превью отдаю через 3 дня, полную галерею — через 2 недели. Работаю с англоязычными гостями."
HK-90049,Асума Сарутоби,Фотограф,Алматы,False,True,290000,False,свадьба|корпоратив|конференция|юбилей|день рождения,русский,9,2026-09-23|2026-09-25|2026-09-26|2026-09-28|2026-10-02|2026-10-04|2026-10-07|2026-10-09|2026-10-16|2026-10-17|2026-10-19|2026-10-22|2026-10-23|2026-10-29|2026-10-30|2026-10-31|2026-11-02|2026-11-04|2026-11-06|2026-11-07|2026-11-09|2026-11-12|2026-11-14|2026-11-18|2026-11-21|2026-11-22|2026-11-23|2026-11-24|2026-11-27|2026-11-28|2026-11-29|2026-12-03|2026-12-04|2026-12-05|2026-12-06|2026-12-08|2026-12-09|2026-12-10|2026-12-11|2026-12-12|2026-12-13|2026-12-14|2026-12-15|2026-12-16|2026-12-17|2026-12-18|2026-12-19|2026-12-20|2026-12-21|2026-12-23|2026-12-24|2026-12-25|2026-12-26|2026-12-27|2026-12-28|2026-12-29|2026-12-30|2026-12-31|2027-01-08|2027-01-09|2027-01-10|2027-01-15|2027-01-16|2027-01-22|2027-01-23|2027-01-24|2027-01-28|2027-02-03|2027-02-07|2027-02-11|2027-02-12|2027-02-19|2027-02-21|2027-02-27|2027-03-01|2027-03-02|2027-03-03|2027-03-06|2027-03-07|2027-03-08|2027-03-13|2027-03-17|2027-03-20|2027-03-21|2027-03-22|2027-03-23|2027-03-25|2027-03-26|2027-03-29|2027-04-02|2027-04-04|2027-04-08|2027-04-17|2027-04-27|2027-04-28|2027-04-29|2027-05-02|2027-05-03|2027-05-07|2027-05-09|2027-05-10|2027-05-14|2027-05-15|2027-05-16|2027-05-17|2027-05-20|2027-05-21|2027-05-22|2027-05-29|2027-05-30|2027-05-31|2027-06-02|2027-06-04|2027-06-05|2027-06-08|2027-06-09|2027-06-11|2027-06-12|2027-06-13|2027-06-17|2027-06-19|2027-06-20|2027-06-21|2027-06-23|2027-06-24|2027-06-25|2027-06-26|2027-06-27|2027-06-28|2027-07-01|2027-07-02|2027-07-03|2027-07-04|2027-07-06|2027-07-08|2027-07-09|2027-07-10|2027-07-11|2027-07-16|2027-07-17|2027-07-18|2027-07-20|2027-07-23|2027-07-25|2027-07-28|2027-07-29|2027-07-30|2027-07-31|2027-08-01|2027-08-04|2027-08-06|2027-08-07|2027-08-08|2027-08-13|2027-08-14|2027-08-15|2027-08-18|2027-08-19|2027-08-22|2027-08-24|2027-08-26|2027-08-27|2027-08-28|2027-08-29|2027-08-31|2027-09-04|2027-09-05|2027-09-06|2027-09-09|2027-09-11|2027-09-13|2027-09-18|2027-09-19|2027-09-20,"Свадебный и семейный фотограф, Алматы. Стиль съёмки — контрастная журнальная картинка. Отдаю от 40 обработанных кадров. Снимаю в тёмных залах со вспышкой."
HK-90050,Куренай Юхи,Фотограф,Алматы,False,True,240000,False,свадьба|той|корпоратив|конференция|юбилей|день рождения,русский|казахский,4,2026-09-26|2026-09-28|2026-09-30|2026-10-01|2026-10-02|2026-10-04|2026-10-09|2026-10-11|2026-10-13|2026-10-16|2026-10-17|2026-10-19|2026-10-22|2026-10-24|2026-10-25|2026-10-27|2026-10-28|2026-10-31|2026-11-01|2026-11-04|2026-11-05|2026-11-06|2026-11-07|2026-11-11|2026-11-14|2026-11-15|2026-11-19|2026-11-21|2026-11-22|2026-11-25|2026-11-27|2026-11-28|2026-11-29|2026-11-30|2026-12-01|2026-12-02|2026-12-03|2026-12-04|2026-12-06|2026-12-07|2026-12-08|2026-12-09|2026-12-11|2026-12-12|2026-12-13|2026-12-14|2026-12-15|2026-12-16|2026-12-17|2026-12-18|2026-12-19|2026-12-20|2026-12-21|2026-12-22|2026-12-23|2026-12-24|2026-12-25|2026-12-26|2026-12-30|2026-12-31|2027-01-01|2027-01-02|2027-01-03|2027-01-05|2027-01-06|2027-01-09|2027-01-16|2027-01-20|2027-01-25|2027-01-31|2027-02-02|2027-02-03|2027-02-04|2027-02-05|2027-02-07|2027-02-14|2027-02-28|2027-03-02|2027-03-03|2027-03-04|2027-03-06|2027-03-07|2027-03-08|2027-03-12|2027-03-13|2027-03-19|2027-03-20|2027-03-21|2027-03-22|2027-03-23|2027-03-24|2027-03-25|2027-03-27|2027-03-28|2027-04-03|2027-04-07|2027-04-08|2027-04-09|2027-04-10|2027-04-11|2027-04-12|2027-04-14|2027-04-17|2027-04-18|2027-04-19|2027-04-21|2027-04-22|2027-04-24|2027-04-27|2027-04-29|2027-05-01|2027-05-02|2027-05-04|2027-05-06|2027-05-08|2027-05-09|2027-05-10|2027-05-11|2027-05-14|2027-05-15|2027-05-16|2027-05-20|2027-05-26|2027-05-29|2027-05-30|2027-06-02|2027-06-03|2027-06-04|2027-06-05|2027-06-06|2027-06-10|2027-06-11|2027-06-12|2027-06-13|2027-06-14|2027-06-15|2027-06-18|2027-06-19|2027-06-20|2027-06-22|2027-06-23|2027-06-25|2027-06-26|2027-06-27|2027-06-28|2027-06-30|2027-07-01|2027-07-02|2027-07-03|2027-07-04|2027-07-05|2027-07-06|2027-07-09|2027-07-10|2027-07-11|2027-07-12|2027-07-14|2027-07-16|2027-07-17|2027-07-18|2027-07-19|2027-07-21|2027-07-22|2027-07-23|2027-07-24|2027-07-25|2027-07-26|2027-07-30|2027-07-31|2027-08-01|2027-08-02|2027-08-03|2027-08-06|2027-08-07|2027-08-08|2027-08-10|2027-08-11|2027-08-12|2027-08-13|2027-08-14|2027-08-15|2027-08-16|2027-08-17|2027-08-18|2027-08-20|2027-08-21|2027-08-22|2027-08-24|2027-08-27|2027-08-28|2027-08-29|2027-08-30|2027-09-01|2027-09-02|2027-09-03|2027-09-04|2027-09-05|2027-09-06|2027-09-07|2027-09-08|2027-09-09|2027-09-10|2027-09-11|2027-09-12|2027-09-13|2027-09-14|2027-09-18|2027-09-19|2027-09-20|2027-09-21,"Свадебный и семейный фотограф, Алматы. Стиль съёмки — светлая плёночная цветокоррекция. Снимаю с дрона, если площадка разрешает. Беру с собой второго фотографа по запросу."
HK-90051,Ирука Умино,Фотограф|Видеограф,Алматы,False,True,350000,False,свадьба|той|корпоратив|конференция|юбилей|день рождения,русский|казахский|английский,8,2026-09-26|2026-10-02|2026-10-07|2026-10-08|2026-10-11|2026-10-12|2026-10-13|2026-10-22|2026-10-23|2026-10-25|2026-10-30|2026-10-31|2026-11-01|2026-11-03|2026-11-05|2026-11-06|2026-11-07|2026-11-11|2026-11-14|2026-11-15|2026-11-16|2026-11-19|2026-11-20|2026-11-27|2026-11-28|2026-12-02|2026-12-03|2026-12-04|2026-12-05|2026-12-06|2026-12-07|2026-12-09|2026-12-10|2026-12-11|2026-12-12|2026-12-13|2026-12-16|2026-12-18|2026-12-19|2026-12-20|2026-12-23|2026-12-24|2026-12-26|2026-12-27|2026-12-28|2026-12-30|2026-12-31|2027-01-01|2027-01-02|2027-01-03|2027-01-06|2027-01-09|2027-01-10|2027-01-13|2027-01-18|2027-01-21|2027-01-24|2027-01-29|2027-02-04|2027-02-06|2027-02-07|2027-02-10|2027-02-14|2027-02-15|2027-02-18|2027-02-22|2027-02-23|2027-03-03|2027-03-04|2027-03-05|2027-03-07|2027-03-11|2027-03-13|2027-03-14|2027-03-15|2027-03-16|2027-03-21|2027-03-22|2027-03-23|2027-03-25|2027-03-28|2027-03-31|2027-04-02|2027-04-03|2027-04-11|2027-04-12|2027-04-14|2027-04-18|2027-04-19|2027-04-20|2027-04-21|2027-05-01|2027-05-02|2027-05-04|2027-05-05|2027-05-08|2027-05-09|2027-05-16|2027-05-17|2027-05-19|2027-05-21|2027-05-26|2027-05-27|2027-05-29|2027-05-30|2027-06-01|2027-06-02|2027-06-04|2027-06-05|2027-06-06|2027-06-08|2027-06-09|2027-06-11|2027-06-12|2027-06-13|2027-06-16|2027-06-17|2027-06-18|2027-06-19|2027-06-20|2027-06-23|2027-06-25|2027-06-26|2027-06-27|2027-06-29|2027-06-30|2027-07-02|2027-07-03|2027-07-04|2027-07-06|2027-07-09|2027-07-10|2027-07-11|2027-07-13|2027-07-16|2027-07-17|2027-07-19|2027-07-20|2027-07-23|2027-07-24|2027-07-25|2027-07-26|2027-07-27|2027-07-30|2027-07-31|2027-08-01|2027-08-03|2027-08-04|2027-08-05|2027-08-06|2027-08-07|2027-08-08|2027-08-10|2027-08-11|2027-08-13|2027-08-14|2027-08-15|2027-08-18|2027-08-19|2027-08-20|2027-08-21|2027-08-22|2027-08-23|2027-08-24|2027-08-25|2027-08-27|2027-08-28|2027-08-29|2027-09-01|2027-09-02|2027-09-04|2027-09-05|2027-09-08|2027-09-09|2027-09-11|2027-09-12|2027-09-13|2027-09-15|2027-09-17|2027-09-18|2027-09-19|2027-09-21|2027-09-22,"Свадебный и семейный фотограф, Алматы. Стиль съёмки — аккуратная постановка портретов. Снимаю в тёмных залах со вспышкой. Превью отдаю через 2 дня, полную галерею — через 4 недели. Работаю с англоязычными гостями."
HK-90052,Портгас Д. Эйс,Фотограф,Алматы,False,True,600000,False,свадьба|той|корпоратив|конференция|день рождения,русский|казахский,6,2026-09-26|2026-09-27|2026-10-07|2026-10-11|2026-10-12|2026-10-18|2026-10-19|2026-10-20|2026-10-21|2026-10-23|2026-10-24|2026-10-27|2026-10-29|2026-10-30|2026-10-31|2026-11-01|2026-11-05|2026-11-07|2026-11-12|2026-11-14|2026-11-15|2026-11-16|2026-11-20|2026-11-25|2026-11-29|2026-12-01|2026-12-03|2026-12-04|2026-12-08|2026-12-10|2026-12-12|2026-12-13|2026-12-16|2026-12-17|2026-12-18|2026-12-19|2026-12-20|2026-12-21|2026-12-22|2026-12-23|2026-12-24|2026-12-26|2026-12-28|2026-12-29|2026-12-30|2026-12-31|2027-01-01|2027-01-03|2027-01-07|2027-01-13|2027-01-16|2027-01-20|2027-01-24|2027-01-30|2027-02-01|2027-02-05|2027-02-06|2027-02-09|2027-02-14|2027-02-15|2027-02-21|2027-02-26|2027-03-14|2027-03-20|2027-03-21|2027-03-22|2027-04-03|2027-04-04|2027-04-05|2027-04-06|2027-04-11|2027-04-18|2027-04-20|2027-04-22|2027-04-27|2027-05-01|2027-05-05|2027-05-08|2027-05-16|2027-05-20|2027-05-22|2027-05-23|2027-05-29|2027-05-30|2027-05-31|2027-06-02|2027-06-03|2027-06-05|2027-06-08|2027-06-10|2027-06-12|2027-06-18|2027-06-19|2027-06-22|2027-06-24|2027-06-30|2027-07-02|2027-07-04|2027-07-06|2027-07-10|2027-07-11|2027-07-12|2027-07-13|2027-07-14|2027-07-16|2027-07-18|2027-07-23|2027-07-24|2027-07-25|2027-07-27|2027-07-29|2027-07-30|2027-08-01|2027-08-02|2027-08-03|2027-08-06|2027-08-07|2027-08-10|2027-08-15|2027-08-16|2027-08-20|2027-08-21|2027-08-22|2027-08-27|2027-08-28|2027-08-29|2027-09-02|2027-09-04|2027-09-05|2027-09-12|2027-09-18|2027-09-19|2027-09-22,"Репортажный фотограф, Алматы. Мой почерк — аккуратная постановка портретов. Отдаю от 120 обработанных кадров. Превью отдаю через 2 дня, полную галерею — через 3 недели."
HK-90053,Сабо,Фотограф,Алматы,False,True,570000,False,свадьба|той|корпоратив|конференция|юбилей|день рождения,русский|казахский,6,2026-09-24|2026-09-29|2026-09-30|2026-10-02|2026-10-04|2026-10-05|2026-10-10|2026-10-12|2026-10-13|2026-10-19|2026-10-24|2026-10-27|2026-10-28|2026-10-29|2026-10-31|2026-11-01|2026-11-02|2026-11-03|2026-11-04|2026-11-05|2026-11-09|2026-11-11|2026-11-12|2026-11-14|2026-11-17|2026-11-18|2026-11-20|2026-11-24|2026-12-01|2026-12-02|2026-12-03|2026-12-04|2026-12-05|2026-12-06|2026-12-08|2026-12-09|2026-12-10|2026-12-11|2026-12-12|2026-12-13|2026-12-14|2026-12-15|2026-12-17|2026-12-18|2026-12-19|2026-12-20|2026-12-21|2026-12-22|2026-12-24|2026-12-25|2026-12-26|2026-12-27|2026-12-28|2026-12-29|2026-12-30|2026-12-31|2027-01-03|2027-01-04|2027-01-05|2027-01-13|2027-01-14|2027-01-16|2027-01-18|2027-01-25|2027-02-05|2027-02-07|2027-02-14|2027-02-17|2027-02-21|2027-02-24|2027-02-28|2027-03-03|2027-03-04|2027-03-07|2027-03-08|2027-03-09|2027-03-10|2027-03-14|2027-03-17|2027-03-20|2027-03-21|2027-03-24|2027-03-26|2027-03-27|2027-03-28|2027-03-31|2027-04-01|2027-04-02|2027-04-04|2027-04-10|2027-04-13|2027-04-17|2027-04-20|2027-04-24|2027-04-25|2027-04-27|2027-04-30|2027-05-01|2027-05-04|2027-05-05|2027-05-08|2027-05-09|2027-05-16|2027-05-19|2027-05-20|2027-05-21|2027-05-22|2027-05-26|2027-05-28|2027-05-29|2027-06-01|2027-06-04|2027-06-05|2027-06-06|2027-06-08|2027-06-09|2027-06-11|2027-06-12|2027-06-13|2027-06-14|2027-06-15|2027-06-18|2027-06-19|2027-06-20|2027-06-21|2027-06-22|2027-06-23|2027-06-25|2027-06-26|2027-06-27|2027-06-29|2027-06-30|2027-07-02|2027-07-03|2027-07-04|2027-07-06|2027-07-09|2027-07-10|2027-07-12|2027-07-15|2027-07-16|2027-07-17|2027-07-18|2027-07-19|2027-07-21|2027-07-23|2027-07-24|2027-07-25|2027-07-27|2027-07-28|2027-07-29|2027-07-30|2027-07-31|2027-08-01|2027-08-02|2027-08-05|2027-08-06|2027-08-07|2027-08-08|2027-08-13|2027-08-14|2027-08-15|2027-08-16|2027-08-17|2027-08-18|2027-08-19|2027-08-20|2027-08-21|2027-08-22|2027-08-25|2027-08-26|2027-08-27|2027-08-28|2027-08-29|2027-08-30|2027-08-31|2027-09-01|2027-09-03|2027-09-04|2027-09-05|2027-09-06|2027-09-09|2027-09-11|2027-09-12|2027-09-13|2027-09-14|2027-09-18|2027-09-19,"Фотограф, снимаю 15 лет, Алматы. Мой почерк — светлая плёночная цветокоррекция. Отдаю от 150 обработанных кадров. Снимаю с дрона, если площадка разрешает."
HK-90054,Трафальгар Ло,Видеограф|Фотограф,Алматы,False,True,600000,False,свадьба|той|корпоратив,русский|казахский,10,2026-09-25|2026-09-26|2026-10-06|2026-10-07|2026-10-10|2026-10-13|2026-10-16|2026-10-19|2026-10-23|2026-10-25|2026-10-29|2026-11-05|2026-11-06|2026-11-19|2026-11-20|2026-11-27|2026-11-28|2026-11-29|2026-11-30|2026-12-03|2026-12-04|2026-12-05|2026-12-06|2026-12-07|2026-12-09|2026-12-10|2026-12-11|2026-12-13|2026-12-15|2026-12-16|2026-12-17|2026-12-18|2026-12-19|2026-12-21|2026-12-22|2026-12-23|2026-12-27|2026-12-29|2026-12-30|2026-12-31|2027-01-01|2027-01-02|2027-01-03|2027-01-04|2027-01-08|2027-01-27|2027-02-06|2027-02-07|2027-02-11|2027-02-12|2027-02-16|2027-02-20|2027-02-25|2027-02-28|2027-03-02|2027-03-07|2027-03-08|2027-03-12|2027-03-14|2027-03-19|2027-03-21|2027-03-22|2027-03-23|2027-03-25|2027-03-27|2027-03-29|2027-04-03|2027-04-06|2027-04-07|2027-04-11|2027-04-14|2027-04-18|2027-04-19|2027-04-21|2027-04-24|2027-04-25|2027-04-27|2027-04-28|2027-05-01|2027-05-02|2027-05-05|2027-05-06|2027-05-09|2027-05-11|2027-05-15|2027-05-16|2027-05-18|2027-05-27|2027-05-28|2027-05-29|2027-05-30|2027-06-04|2027-06-06|2027-06-07|2027-06-10|2027-06-12|2027-06-13|2027-06-15|2027-06-17|2027-06-18|2027-06-21|2027-06-23|2027-06-25|2027-06-26|2027-06-27|2027-06-29|2027-07-01|2027-07-02|2027-07-03|2027-07-04|2027-07-09|2027-07-10|2027-07-11|2027-07-12|2027-07-15|2027-07-16|2027-07-17|2027-07-18|2027-07-19|2027-07-20|2027-07-21|2027-07-23|2027-07-24|2027-07-25|2027-07-27|2027-07-29|2027-07-30|2027-07-31|2027-08-04|2027-08-06|2027-08-08|2027-08-12|2027-08-13|2027-08-15|2027-08-16|2027-08-17|2027-08-20|2027-08-25|2027-08-26|2027-08-27|2027-08-28|2027-08-29|2027-08-30|2027-08-31|2027-09-04|2027-09-05|2027-09-06|2027-09-07|2027-09-08|2027-09-09|2027-09-10|2027-09-12|2027-09-13|2027-09-14|2027-09-15|2027-09-18|2027-09-19,"Видеограф свадеб и тоев, Алматы. Предлагаю клипы на 3–5 минут и полный фильм. Готовый фильм — через 2 недели. Звук пишу отдельно, чтобы речи было слышно."
HK-90055,Боа Хэнкок,Видеограф,Алматы,False,True,550000,False,свадьба|той|конференция|юбилей,русский|казахский,6,2026-09-26|2026-09-28|2026-10-01|2026-10-03|2026-10-04|2026-10-06|2026-10-09|2026-10-11|2026-10-12|2026-10-13|2026-10-14|2026-10-15|2026-10-16|2026-10-17|2026-10-19|2026-10-20|2026-10-25|2026-10-27|2026-10-28|2026-10-31|2026-11-02|2026-11-05|2026-11-06|2026-11-07|2026-11-10|2026-11-11|2026-11-13|2026-11-18|2026-11-19|2026-11-20|2026-11-21|2026-11-22|2026-11-23|2026-11-25|2026-11-26|2026-12-01|2026-12-02|2026-12-03|2026-12-05|2026-12-06|2026-12-07|2026-12-08|2026-12-10|2026-12-11|2026-12-13|2026-12-14|2026-12-15|2026-12-16|2026-12-17|2026-12-18|2026-12-19|2026-12-20|2026-12-21|2026-12-22|2026-12-23|2026-12-24|2026-12-25|2026-12-27|2026-12-28|2026-12-29|2026-12-30|2026-12-31|2027-01-02|2027-01-07|2027-01-09|2027-01-10|2027-01-14|2027-01-16|2027-01-18|2027-01-20|2027-01-24|2027-01-28|2027-02-03|2027-02-08|2027-02-12|2027-02-14|2027-02-17|2027-02-21|2027-02-23|2027-02-25|2027-02-26|2027-02-28|2027-03-06|2027-03-07|2027-03-09|2027-03-11|2027-03-12|2027-03-14|2027-03-15|2027-03-17|2027-03-19|2027-03-20|2027-03-21|2027-03-22|2027-03-23|2027-03-28|2027-03-30|2027-04-01|2027-04-02|2027-04-04|2027-04-06|2027-04-07|2027-04-09|2027-04-10|2027-04-20|2027-04-25|2027-04-27|2027-04-28|2027-04-29|2027-05-01|2027-05-02|2027-05-06|2027-05-09|2027-05-15|2027-05-17|2027-05-18|2027-05-23|2027-05-27|2027-05-29|2027-05-31|2027-06-01|2027-06-02|2027-06-04|2027-06-06|2027-06-07|2027-06-11|2027-06-12|2027-06-13|2027-06-14|2027-06-18|2027-06-19|2027-06-20|2027-06-22|2027-06-25|2027-06-29|2027-06-30|2027-07-01|2027-07-02|2027-07-03|2027-07-04|2027-07-05|2027-07-07|2027-07-09|2027-07-10|2027-07-11|2027-07-15|2027-07-16|2027-07-18|2027-07-19|2027-07-20|2027-07-23|2027-07-24|2027-07-25|2027-07-30|2027-07-31|2027-08-01|2027-08-03|2027-08-04|2027-08-05|2027-08-06|2027-08-07|2027-08-08|2027-08-10|2027-08-12|2027-08-13|2027-08-14|2027-08-15|2027-08-19|2027-08-20|2027-08-21|2027-08-22|2027-08-23|2027-08-26|2027-08-27|2027-08-28|2027-08-29|2027-09-02|2027-09-03|2027-09-04|2027-09-05|2027-09-08|2027-09-09|2027-09-12|2027-09-14|2027-09-18|2027-09-20,"Студия видеосъёмки, Алматы. Делаю клипы на 3–5 минут и полный фильм. Тизер отдаю через 5 дня. Звук пишу отдельно, чтобы речи было слышно."
HK-90056,Нефертари Виви,Видеограф|Фотограф,Алматы,False,True,550000,False,той|конференция,русский|английский|казахский,4,2026-09-24|2026-09-26|2026-09-27|2026-09-28|2026-09-30|2026-10-05|2026-10-10|2026-10-11|2026-10-12|2026-10-15|2026-10-16|2026-10-17|2026-10-20|2026-10-22|2026-11-01|2026-11-04|2026-11-06|2026-11-09|2026-11-12|2026-11-14|2026-11-15|2026-11-16|2026-11-24|2026-11-27|2026-11-28|2026-11-29|2026-12-01|2026-12-03|2026-12-04|2026-12-05|2026-12-06|2026-12-09|2026-12-10|2026-12-11|2026-12-13|2026-12-14|2026-12-16|2026-12-18|2026-12-19|2026-12-20|2026-12-22|2026-12-23|2026-12-25|2026-12-26|2026-12-27|2026-12-28|2026-12-29|2026-12-30|2027-01-02|2027-01-03|2027-01-07|2027-01-09|2027-01-11|2027-01-13|2027-01-15|2027-01-16|2027-01-17|2027-01-19|2027-01-20|2027-01-23|2027-01-24|2027-01-28|2027-02-01|2027-02-08|2027-02-10|2027-02-12|2027-02-14|2027-02-15|2027-02-18|2027-02-19|2027-02-20|2027-02-21|2027-02-24|2027-02-26|2027-03-04|2027-03-12|2027-03-14|2027-03-16|2027-03-17|2027-03-20|2027-03-21|2027-03-23|2027-03-26|2027-03-28|2027-03-29|2027-03-30|2027-04-01|2027-04-02|2027-04-04|2027-04-10|2027-04-17|2027-04-18|2027-04-20|2027-04-22|2027-04-24|2027-04-25|2027-05-01|2027-05-02|2027-05-06|2027-05-08|2027-05-09|2027-05-11|2027-05-13|2027-05-14|2027-05-16|2027-05-18|2027-05-19|2027-05-22|2027-05-23|2027-05-24|2027-05-27|2027-05-28|2027-05-29|2027-06-01|2027-06-02|2027-06-04|2027-06-05|2027-06-06|2027-06-08|2027-06-11|2027-06-12|2027-06-13|2027-06-14|2027-06-15|2027-06-17|2027-06-18|2027-06-19|2027-06-20|2027-06-24|2027-06-25|2027-06-26|2027-06-27|2027-07-04|2027-07-05|2027-07-06|2027-07-10|2027-07-15|2027-07-16|2027-07-17|2027-07-18|2027-07-21|2027-07-22|2027-07-23|2027-07-25|2027-07-27|2027-07-28|2027-07-30|2027-07-31|2027-08-01|2027-08-03|2027-08-04|2027-08-05|2027-08-06|2027-08-07|2027-08-08|2027-08-09|2027-08-13|2027-08-14|2027-08-16|2027-08-20|2027-08-21|2027-08-22|2027-08-24|2027-08-27|2027-08-29|2027-08-31|2027-09-04|2027-09-05|2027-09-08|2027-09-12|2027-09-17|2027-09-19|2027-09-20|2027-09-21|2027-09-22,"Снимаю корпоративные и деловые события, Алматы. Предлагаю ролики для соцсетей в день события. Беру в команду второго оператора на 50+ гостей. Тизер отдаю через 5 дня. Работаю с англоязычными гостями."
HK-90057,Шанкс,Видеограф,Алматы,False,True,650000,False,свадьба|корпоратив|конференция|юбилей,русский|казахский|английский,10,2026-09-23|2026-09-26|2026-09-27|2026-09-30|2026-10-01|2026-10-07|2026-10-09|2026-10-11|2026-10-14|2026-10-19|2026-10-20|2026-10-23|2026-10-27|2026-10-30|2026-10-31|2026-11-01|2026-11-07|2026-11-09|2026-11-12|2026-11-14|2026-11-15|2026-11-19|2026-11-20|2026-11-21|2026-11-22|2026-11-23|2026-12-01|2026-12-06|2026-12-08|2026-12-09|2026-12-12|2026-12-14|2026-12-15|2026-12-17|2026-12-19|2026-12-20|2026-12-25|2026-12-28|2026-12-30|2027-01-01|2027-01-18|2027-01-30|2027-02-02|2027-02-04|2027-02-07|2027-02-08|2027-02-11|2027-02-21|2027-02-23|2027-02-25|2027-03-02|2027-03-05|2027-03-13|2027-03-14|2027-03-16|2027-03-19|2027-03-20|2027-03-21|2027-03-23|2027-03-24|2027-03-27|2027-04-02|2027-04-04|2027-04-06|2027-04-07|2027-04-10|2027-04-18|2027-04-21|2027-04-23|2027-04-25|2027-04-28|2027-05-01|2027-05-02|2027-05-08|2027-05-09|2027-05-11|2027-05-14|2027-05-16|2027-05-18|2027-05-21|2027-05-22|2027-05-24|2027-05-28|2027-06-03|2027-06-05|2027-06-06|2027-06-07|2027-06-11|2027-06-12|2027-06-14|2027-06-17|2027-06-18|2027-06-19|2027-06-23|2027-06-24|2027-06-25|2027-06-26|2027-06-27|2027-06-30|2027-07-06|2027-07-07|2027-07-09|2027-07-10|2027-07-11|2027-07-15|2027-07-18|2027-07-23|2027-07-24|2027-07-25|2027-07-29|2027-07-30|2027-08-02|2027-08-03|2027-08-04|2027-08-06|2027-08-07|2027-08-13|2027-08-14|2027-08-16|2027-08-21|2027-08-22|2027-08-23|2027-08-30|2027-09-01|2027-09-02|2027-09-05|2027-09-08|2027-09-09|2027-09-10|2027-09-11|2027-09-12|2027-09-16|2027-09-19|2027-09-21,"Видеограф с кинематографическим подходом, Алматы. Делаю ролики для соцсетей в день события. Тизер отдаю через 2 дня. Готовый фильм — через 2 недели. Работаю с англоязычными гостями."
HK-90058,Смокер,Банкетный зал,Алматы,False,True,4600000,False,свадьба|той|корпоратив|день рождения,русский|казахский,11,2026-09-25|2026-09-26|2026-09-29|2026-10-02|2026-10-08|2026-10-10|2026-10-17|2026-10-20|2026-10-24|2026-10-25|2026-10-27|2026-10-31|2026-11-02|2026-11-03|2026-11-05|2026-11-13|2026-11-14|2026-11-15|2026-11-17|2026-11-21|2026-11-22|2026-11-26|2026-11-27|2026-11-28|2026-11-30|2026-12-01|2026-12-03|2026-12-04|2026-12-05|2026-12-06|2026-12-07|2026-12-08|2026-12-09|2026-12-11|2026-12-12|2026-12-14|2026-12-15|2026-12-16|2026-12-17|2026-12-18|2026-12-19|2026-12-20|2026-12-22|2026-12-24|2026-12-25|2026-12-26|2026-12-28|2026-12-29|2026-12-30|2027-01-01|2027-01-25|2027-01-30|2027-02-02|2027-02-07|2027-02-12|2027-02-13|2027-02-21|2027-02-22|2027-02-23|2027-03-06|2027-03-07|2027-03-08|2027-03-09|2027-03-12|2027-03-13|2027-03-20|2027-03-21|2027-03-22|2027-03-23|2027-03-27|2027-03-28|2027-04-01|2027-04-03|2027-04-04|2027-04-05|2027-04-08|2027-04-10|2027-04-11|2027-04-12|2027-04-16|2027-04-17|2027-04-25|2027-04-26|2027-04-28|2027-04-29|2027-05-01|2027-05-04|2027-05-08|2027-05-09|2027-05-10|2027-05-11|2027-05-13|2027-05-14|2027-05-15|2027-05-19|2027-05-20|2027-05-21|2027-05-22|2027-05-23|2027-05-24|2027-05-25|2027-05-28|2027-05-29|2027-05-30|2027-06-01|2027-06-02|2027-06-03|2027-06-04|2027-06-05|2027-06-06|2027-06-07|2027-06-10|2027-06-11|2027-06-12|2027-06-13|2027-06-15|2027-06-16|2027-06-18|2027-06-19|2027-06-20|2027-06-25|2027-06-26|2027-06-27|2027-07-02|2027-07-03|2027-07-04|2027-07-06|2027-07-09|2027-07-10|2027-07-11|2027-07-12|2027-07-14|2027-07-16|2027-07-17|2027-07-18|2027-07-20|2027-07-21|2027-07-22|2027-07-23|2027-07-25|2027-07-28|2027-07-29|2027-07-30|2027-07-31|2027-08-01|2027-08-02|2027-08-06|2027-08-07|2027-08-08|2027-08-11|2027-08-12|2027-08-13|2027-08-14|2027-08-15|2027-08-18|2027-08-20|2027-08-21|2027-08-22|2027-08-24|2027-08-26|2027-08-27|2027-08-28|2027-08-29|2027-08-30|2027-09-02|2027-09-04|2027-09-05|2027-09-06|2027-09-10|2027-09-13|2027-09-14|2027-09-16|2027-09-17|2027-09-18|2027-09-19|2027-09-21,"Банкетный комплекс в Алатауском районе: 4 зала, до 50 гостей. В меню национальная и европейская. Можно приводить своих ведущих и декораторов. Сцена, экран и свой звук."
HK-90059,Тасиги,Банкетный зал|Ресторан,Алматы,False,True,3000000,False,свадьба|той|юбилей|корпоратив|день рождения,русский|казахский,11,2026-09-23|2026-09-24|2026-09-25|2026-09-26|2026-09-29|2026-09-30|2026-10-01|2026-10-02|2026-10-04|2026-10-07|2026-10-08|2026-10-09|2026-10-16|2026-10-17|2026-10-19|2026-10-22|2026-10-24|2026-10-25|2026-10-26|2026-10-29|2026-11-05|2026-11-07|2026-11-11|2026-11-12|2026-11-16|2026-11-20|2026-11-28|2026-11-29|2026-12-01|2026-12-03|2026-12-05|2026-12-06|2026-12-07|2026-12-08|2026-12-09|2026-12-10|2026-12-11|2026-12-13|2026-12-14|2026-12-15|2026-12-16|2026-12-17|2026-12-18|2026-12-19|2026-12-20|2026-12-21|2026-12-22|2026-12-23|2026-12-25|2026-12-26|2026-12-27|2026-12-28|2026-12-29|2026-12-30|2026-12-31|2027-01-01|2027-01-03|2027-01-07|2027-01-10|2027-01-13|2027-01-16|2027-01-21|2027-01-24|2027-02-01|2027-02-07|2027-02-09|2027-02-11|2027-02-17|2027-02-18|2027-02-19|2027-02-20|2027-02-21|2027-02-24|2027-02-27|2027-03-07|2027-03-08|2027-03-09|2027-03-11|2027-03-14|2027-03-18|2027-03-21|2027-03-22|2027-03-23|2027-03-27|2027-03-30|2027-04-04|2027-04-10|2027-04-12|2027-04-14|2027-04-18|2027-04-23|2027-04-26|2027-04-28|2027-04-29|2027-05-01|2027-05-02|2027-05-05|2027-05-08|2027-05-09|2027-05-11|2027-05-13|2027-05-15|2027-05-16|2027-05-17|2027-05-22|2027-05-23|2027-05-25|2027-05-29|2027-06-01|2027-06-02|2027-06-04|2027-06-05|2027-06-06|2027-06-09|2027-06-10|2027-06-12|2027-06-13|2027-06-15|2027-06-17|2027-06-18|2027-06-19|2027-06-20|2027-06-21|2027-06-22|2027-06-23|2027-06-25|2027-06-26|2027-06-27|2027-06-28|2027-06-29|2027-07-02|2027-07-04|2027-07-05|2027-07-06|2027-07-07|2027-07-09|2027-07-11|2027-07-13|2027-07-14|2027-07-15|2027-07-16|2027-07-17|2027-07-18|2027-07-19|2027-07-20|2027-07-23|2027-07-24|2027-07-29|2027-07-30|2027-07-31|2027-08-06|2027-08-07|2027-08-08|2027-08-09|2027-08-11|2027-08-12|2027-08-13|2027-08-14|2027-08-15|2027-08-16|2027-08-17|2027-08-20|2027-08-21|2027-08-22|2027-08-25|2027-08-27|2027-08-28|2027-08-29|2027-08-30|2027-09-04|2027-09-05|2027-09-09|2027-09-10|2027-09-11|2027-09-12|2027-09-13|2027-09-14|2027-09-15|2027-09-16|2027-09-19,Банкетный зал на 30 гостей в Бостандыкском районе. В меню европейская с авторскими десертами. Можно приводить своих ведущих и декораторов. Свой кондитерский цех.
HK-90060,Коби,Банкетный зал|Ресторан,Алматы,False,True,4700000,False,свадьба|той|юбилей|корпоратив|день рождения,русский|казахский,12,2026-09-26|2026-09-30|2026-10-02|2026-10-03|2026-10-11|2026-10-13|2026-10-14|2026-10-16|2026-10-20|2026-10-21|2026-10-22|2026-10-23|2026-10-25|2026-10-27|2026-10-30|2026-10-31|2026-11-01|2026-11-03|2026-11-04|2026-11-06|2026-11-08|2026-11-09|2026-11-11|2026-11-12|2026-11-14|2026-11-15|2026-11-16|2026-11-17|2026-11-19|2026-11-20|2026-11-26|2026-11-28|2026-11-29|2026-12-02|2026-12-03|2026-12-04|2026-12-06|2026-12-07|2026-12-08|2026-12-09|2026-12-10|2026-12-11|2026-12-12|2026-12-13|2026-12-14|2026-12-15|2026-12-16|2026-12-17|2026-12-18|2026-12-19|2026-12-20|2026-12-24|2026-12-25|2026-12-26|2026-12-28|2026-12-29|2026-12-30|2026-12-31|2027-01-01|2027-01-09|2027-01-12|2027-01-14|2027-01-18|2027-01-26|2027-01-30|2027-02-06|2027-02-07|2027-02-12|2027-02-15|2027-02-16|2027-02-19|2027-02-20|2027-02-23|2027-02-24|2027-02-28|2027-03-06|2027-03-07|2027-03-08|2027-03-10|2027-03-11|2027-03-13|2027-03-14|2027-03-16|2027-03-19|2027-03-20|2027-03-21|2027-03-22|2027-03-23|2027-03-26|2027-03-28|2027-03-30|2027-03-31|2027-04-01|2027-04-07|2027-04-15|2027-04-16|2027-04-17|2027-04-18|2027-04-19|2027-04-21|2027-04-24|2027-04-25|2027-04-26|2027-04-27|2027-04-28|2027-04-30|2027-05-01|2027-05-02|2027-05-06|2027-05-09|2027-05-10|2027-05-11|2027-05-14|2027-05-15|2027-05-17|2027-05-18|2027-05-21|2027-05-22|2027-05-23|2027-05-27|2027-05-29|2027-05-30|2027-06-01|2027-06-02|2027-06-03|2027-06-04|2027-06-05|2027-06-06|2027-06-09|2027-06-10|2027-06-11|2027-06-12|2027-06-13|2027-06-14|2027-06-15|2027-06-18|2027-06-19|2027-06-20|2027-06-23|2027-06-24|2027-06-25|2027-06-26|2027-06-27|2027-06-30|2027-07-02|2027-07-04|2027-07-09|2027-07-10|2027-07-11|2027-07-12|2027-07-13|2027-07-14|2027-07-16|2027-07-17|2027-07-18|2027-07-20|2027-07-21|2027-07-22|2027-07-24|2027-07-25|2027-07-26|2027-07-29|2027-07-30|2027-07-31|2027-08-01|2027-08-02|2027-08-05|2027-08-06|2027-08-07|2027-08-08|2027-08-09|2027-08-11|2027-08-12|2027-08-13|2027-08-14|2027-08-15|2027-08-16|2027-08-17|2027-08-18|2027-08-20|2027-08-21|2027-08-22|2027-08-23|2027-08-27|2027-08-28|2027-08-29|2027-08-30|2027-09-01|2027-09-04|2027-09-05|2027-09-06|2027-09-08|2027-09-09|2027-09-10|2027-09-11|2027-09-12|2027-09-13|2027-09-14|2027-09-16|2027-09-18|2027-09-19|2027-09-20,"Банкетный комплекс на Аль-Фараби: 4 зала, до 150 гостей. В меню паназиатская и казахская. Свой кондитерский цех. Сцена, экран и свой звук."
HK-90061,Кайя,Банкетный зал,Алматы,False,True,5800000,False,свадьба|той|юбилей|день рождения,русский|казахский|английский,11,2026-09-23|2026-09-26|2026-09-28|2026-09-30|2026-10-01|2026-10-09|2026-10-10|2026-10-17|2026-10-19|2026-10-20|2026-10-25|2026-10-30|2026-10-31|2026-11-01|2026-11-06|2026-11-07|2026-11-08|2026-11-12|2026-11-15|2026-11-16|2026-11-19|2026-11-22|2026-11-23|2026-11-25|2026-11-28|2026-11-30|2026-12-01|2026-12-02|2026-12-03|2026-12-06|2026-12-08|2026-12-09|2026-12-10|2026-12-11|2026-12-12|2026-12-13|2026-12-14|2026-12-15|2026-12-16|2026-12-17|2026-12-18|2026-12-20|2026-12-21|2026-12-22|2026-12-23|2026-12-24|2026-12-25|2026-12-26|2026-12-27|2026-12-29|2026-12-30|2027-01-01|2027-01-02|2027-01-03|2027-01-06|2027-01-08|2027-01-09|2027-01-10|2027-01-12|2027-01-16|2027-02-03|2027-02-04|2027-02-07|2027-02-12|2027-02-13|2027-02-14|2027-02-15|2027-02-19|2027-03-01|2027-03-06|2027-03-07|2027-03-08|2027-03-09|2027-03-11|2027-03-13|2027-03-21|2027-03-22|2027-03-23|2027-03-24|2027-03-26|2027-03-27|2027-03-28|2027-03-31|2027-04-03|2027-04-04|2027-04-07|2027-04-09|2027-04-15|2027-04-16|2027-04-18|2027-04-20|2027-04-21|2027-04-22|2027-04-23|2027-04-24|2027-04-25|2027-05-01|2027-05-03|2027-05-04|2027-05-05|2027-05-06|2027-05-07|2027-05-08|2027-05-09|2027-05-12|2027-05-13|2027-05-15|2027-05-16|2027-05-18|2027-05-19|2027-05-20|2027-05-21|2027-05-22|2027-05-24|2027-05-27|2027-05-29|2027-06-02|2027-06-04|2027-06-05|2027-06-06|2027-06-09|2027-06-10|2027-06-12|2027-06-13|2027-06-14|2027-06-17|2027-06-18|2027-06-19|2027-06-20|2027-06-21|2027-06-22|2027-06-23|2027-06-25|2027-06-26|2027-06-27|2027-06-30|2027-07-01|2027-07-03|2027-07-04|2027-07-08|2027-07-09|2027-07-10|2027-07-11|2027-07-14|2027-07-16|2027-07-18|2027-07-22|2027-07-23|2027-07-24|2027-07-25|2027-07-29|2027-07-30|2027-07-31|2027-08-01|2027-08-06|2027-08-07|2027-08-08|2027-08-09|2027-08-13|2027-08-14|2027-08-15|2027-08-18|2027-08-19|2027-08-20|2027-08-21|2027-08-22|2027-08-23|2027-08-25|2027-08-26|2027-08-27|2027-08-28|2027-08-29|2027-08-30|2027-09-04|2027-09-05|2027-09-09|2027-09-11|2027-09-12|2027-09-16|2027-09-18|2027-09-19|2027-09-20,"Банкетный комплекс в Алатауском районе: 6 зала, до 250 гостей. Кухня — национальная и европейская. Меню от 9000 ₸ на гостя. Парковка на 150 машин."
HK-90062,Рукия Кучики,Ресторан,Алматы,False,True,1600000,False,день рождения|юбилей|свадьба|конференция,русский|казахский,11,2026-09-26|2026-09-27|2026-09-29|2026-10-01|2026-10-02|2026-10-05|2026-10-08|2026-10-11|2026-10-15|2026-10-24|2026-10-27|2026-11-05|2026-11-06|2026-11-07|2026-11-13|2026-11-16|2026-11-17|2026-11-19|2026-11-20|2026-11-22|2026-11-23|2026-11-24|2026-11-26|2026-11-28|2026-12-01|2026-12-02|2026-12-03|2026-12-05|2026-12-06|2026-12-07|2026-12-08|2026-12-11|2026-12-12|2026-12-13|2026-12-15|2026-12-16|2026-12-18|2026-12-19|2026-12-20|2026-12-21|2026-12-22|2026-12-23|2026-12-24|2026-12-25|2026-12-26|2026-12-27|2026-12-28|2026-12-31|2027-01-01|2027-01-02|2027-01-09|2027-01-16|2027-01-22|2027-01-24|2027-01-26|2027-02-07|2027-02-10|2027-02-13|2027-02-21|2027-02-22|2027-02-28|2027-03-02|2027-03-07|2027-03-08|2027-03-14|2027-03-20|2027-03-21|2027-03-22|2027-03-23|2027-03-24|2027-03-26|2027-03-27|2027-03-30|2027-04-01|2027-04-03|2027-04-04|2027-04-07|2027-04-09|2027-04-11|2027-04-14|2027-04-16|2027-04-18|2027-04-20|2027-04-23|2027-04-24|2027-04-26|2027-04-27|2027-04-30|2027-05-01|2027-05-05|2027-05-06|2027-05-07|2027-05-08|2027-05-09|2027-05-14|2027-05-15|2027-05-21|2027-05-23|2027-05-30|2027-05-31|2027-06-01|2027-06-02|2027-06-03|2027-06-04|2027-06-05|2027-06-06|2027-06-11|2027-06-13|2027-06-14|2027-06-18|2027-06-19|2027-06-24|2027-06-25|2027-06-26|2027-06-27|2027-07-02|2027-07-03|2027-07-04|2027-07-10|2027-07-11|2027-07-13|2027-07-14|2027-07-17|2027-07-19|2027-07-20|2027-07-21|2027-07-22|2027-07-24|2027-07-25|2027-07-28|2027-07-31|2027-08-01|2027-08-03|2027-08-04|2027-08-07|2027-08-14|2027-08-15|2027-08-20|2027-08-22|2027-08-24|2027-08-25|2027-08-26|2027-08-27|2027-08-28|2027-08-29|2027-08-30|2027-09-02|2027-09-03|2027-09-04|2027-09-05|2027-09-06|2027-09-08|2027-09-09|2027-09-11|2027-09-12|2027-09-13|2027-09-14|2027-09-16|2027-09-18,Ресторан в Медеуском районе на 30 гостей. Кухня — авторская европейская. Проектор для презентаций. Банкетное меню от 18000 ₸ на гостя.
HK-90063,Орихиме Иноуэ,Ресторан,Алматы,False,True,2200000,False,корпоратив|конференция,русский|казахский|английский,10,2026-09-24|2026-09-27|2026-09-28|2026-09-30|2026-10-08|2026-10-12|2026-10-18|2026-10-20|2026-10-25|2026-10-27|2026-10-29|2026-10-30|2026-10-31|2026-11-05|2026-11-07|2026-11-08|2026-11-11|2026-11-12|2026-11-16|2026-11-17|2026-11-22|2026-11-25|2026-11-26|2026-11-27|2026-11-28|2026-12-03|2026-12-05|2026-12-08|2026-12-09|2026-12-10|2026-12-11|2026-12-13|2026-12-14|2026-12-15|2026-12-16|2026-12-17|2026-12-19|2026-12-20|2026-12-22|2026-12-23|2026-12-25|2026-12-26|2026-12-27|2026-12-29|2027-01-01|2027-01-02|2027-01-03|2027-01-04|2027-01-06|2027-01-08|2027-01-24|2027-01-29|2027-02-05|2027-02-12|2027-02-13|2027-02-14|2027-02-15|2027-02-19|2027-02-23|2027-02-24|2027-03-02|2027-03-09|2027-03-10|2027-03-18|2027-03-20|2027-03-21|2027-03-22|2027-03-23|2027-03-25|2027-03-27|2027-03-31|2027-04-05|2027-04-06|2027-04-08|2027-04-09|2027-04-12|2027-04-15|2027-04-22|2027-04-23|2027-04-27|2027-04-28|2027-04-30|2027-05-02|2027-05-07|2027-05-20|2027-05-26|2027-05-28|2027-05-30|2027-05-31|2027-06-01|2027-06-02|2027-06-03|2027-06-04|2027-06-07|2027-06-15|2027-06-16|2027-06-17|2027-06-21|2027-06-23|2027-06-24|2027-06-26|2027-06-27|2027-06-29|2027-07-06|2027-07-07|2027-07-10|2027-07-17|2027-07-30|2027-08-09|2027-08-20|2027-08-26|2027-08-30|2027-08-31|2027-09-01|2027-09-02|2027-09-03|2027-09-06|2027-09-08|2027-09-15|2027-09-22,Гастрономический ресторан в Алатауском районе. Кухня — азиатская. Винная карта и сомелье. Проектор для презентаций.
HK-90064,Урю Исида,Ресторан,Алматы,False,True,2400000,False,день рождения|корпоратив|конференция,русский,11,2026-09-24|2026-09-27|2026-10-01|2026-10-03|2026-10-04|2026-10-06|2026-10-08|2026-10-09|2026-10-13|2026-10-15|2026-10-17|2026-10-24|2026-10-25|2026-10-27|2026-10-28|2026-10-30|2026-10-31|2026-11-05|2026-11-07|2026-11-12|2026-11-14|2026-11-19|2026-11-20|2026-11-21|2026-11-27|2026-11-29|2026-12-01|2026-12-02|2026-12-03|2026-12-05|2026-12-06|2026-12-07|2026-12-09|2026-12-11|2026-12-12|2026-12-13|2026-12-14|2026-12-15|2026-12-20|2026-12-21|2026-12-22|2026-12-23|2026-12-24|2026-12-26|2026-12-27|2026-12-28|2026-12-29|2026-12-30|2027-01-01|2027-01-03|2027-01-06|2027-01-20|2027-01-26|2027-02-02|2027-02-07|2027-02-14|2027-02-19|2027-02-22|2027-02-26|2027-03-02|2027-03-04|2027-03-07|2027-03-09|2027-03-15|2027-03-20|2027-03-26|2027-03-27|2027-03-29|2027-03-31|2027-04-01|2027-04-05|2027-04-07|2027-04-22|2027-04-23|2027-04-26|2027-05-06|2027-05-18|2027-05-25|2027-05-26|2027-06-01|2027-06-07|2027-06-16|2027-06-25|2027-06-29|2027-07-05|2027-07-06|2027-07-08|2027-07-15|2027-07-24|2027-07-29|2027-07-31|2027-08-09|2027-08-14|2027-08-16|2027-08-28|2027-08-30|2027-09-03|2027-09-06|2027-09-08|2027-09-10|2027-09-12,Ресторан с отдельным залом на 200 человек в Алатауском районе. Кухня — азиатская. Живая музыка по пятницам и субботам. Есть летняя терраса.
HK-90065,Бьякуя Кучики,Ресторан,Алматы,False,True,1900000,False,день рождения|юбилей|корпоратив|свадьба|конференция,русский,9,2026-09-25|2026-10-03|2026-10-05|2026-10-07|2026-10-13|2026-10-14|2026-10-17|2026-10-19|2026-10-20|2026-10-22|2026-10-24|2026-11-01|2026-11-05|2026-11-07|2026-11-08|2026-11-09|2026-11-11|2026-11-12|2026-11-13|2026-11-14|2026-11-16|2026-11-17|2026-11-18|2026-11-22|2026-11-27|2026-12-01|2026-12-02|2026-12-03|2026-12-04|2026-12-05|2026-12-06|2026-12-07|2026-12-08|2026-12-09|2026-12-10|2026-12-11|2026-12-13|2026-12-14|2026-12-16|2026-12-17|2026-12-18|2026-12-19|2026-12-20|2026-12-21|2026-12-22|2026-12-23|2026-12-26|2026-12-27|2026-12-28|2026-12-30|2027-01-01|2027-01-02|2027-01-03|2027-01-06|2027-01-09|2027-01-13|2027-01-16|2027-01-24|2027-01-30|2027-02-01|2027-02-06|2027-02-08|2027-02-09|2027-02-10|2027-02-13|2027-02-14|2027-02-18|2027-02-24|2027-03-03|2027-03-06|2027-03-07|2027-03-08|2027-03-11|2027-03-13|2027-03-15|2027-03-20|2027-03-21|2027-03-22|2027-03-23|2027-03-25|2027-03-27|2027-03-29|2027-03-30|2027-04-02|2027-04-04|2027-04-06|2027-04-09|2027-04-10|2027-04-14|2027-04-15|2027-04-17|2027-04-22|2027-04-23|2027-04-27|2027-05-01|2027-05-02|2027-05-07|2027-05-08|2027-05-09|2027-05-11|2027-05-13|2027-05-16|2027-05-18|2027-05-21|2027-05-23|2027-05-24|2027-05-26|2027-05-27|2027-05-29|2027-05-31|2027-06-01|2027-06-03|2027-06-04|2027-06-05|2027-06-07|2027-06-09|2027-06-10|2027-06-11|2027-06-12|2027-06-13|2027-06-15|2027-06-19|2027-06-25|2027-06-26|2027-06-27|2027-06-29|2027-06-30|2027-07-03|2027-07-04|2027-07-09|2027-07-10|2027-07-13|2027-07-16|2027-07-17|2027-07-23|2027-07-24|2027-07-25|2027-08-01|2027-08-07|2027-08-08|2027-08-12|2027-08-14|2027-08-15|2027-08-20|2027-08-21|2027-08-22|2027-08-24|2027-08-25|2027-08-27|2027-08-28|2027-08-29|2027-08-30|2027-09-01|2027-09-03|2027-09-04|2027-09-05|2027-09-08|2027-09-10|2027-09-12|2027-09-17|2027-09-19,Ресторан у подножия гор на 150 гостей. Кухня — казахская в современной подаче. Живая музыка по пятницам и субботам. Проектор для презентаций.
HK-90066,Тоширо Хицугая,Лайв-бэнд,Алматы,False,True,1050000,False,той|корпоратив|юбилей|день рождения,русский|казахский,4,2026-09-24|2026-09-25|2026-09-26|2026-09-28|2026-10-02|2026-10-08|2026-10-09|2026-10-11|2026-10-14|2026-10-15|2026-10-18|2026-10-25|2026-10-27|2026-11-01|2026-11-02|2026-11-08|2026-11-09|2026-11-11|2026-11-13|2026-11-15|2026-11-17|2026-11-19|2026-11-21|2026-11-22|2026-11-24|2026-11-27|2026-11-29|2026-12-04|2026-12-06|2026-12-11|2026-12-12|2026-12-16|2026-12-17|2026-12-18|2026-12-20|2026-12-21|2026-12-23|2026-12-24|2026-12-25|2026-12-26|2026-12-27|2026-12-28|2026-12-29|2026-12-30|2027-01-06|2027-01-12|2027-01-16|2027-01-25|2027-01-26|2027-01-27|2027-01-30|2027-02-10|2027-02-12|2027-02-17|2027-02-18|2027-02-25|2027-02-26|2027-02-28|2027-03-07|2027-03-13|2027-03-21|2027-03-22|2027-03-24|2027-03-26|2027-03-30|2027-03-31|2027-04-09|2027-04-10|2027-04-11|2027-04-12|2027-04-13|2027-04-14|2027-04-15|2027-04-20|2027-04-21|2027-04-23|2027-04-24|2027-04-26|2027-04-27|2027-05-01|2027-05-02|2027-05-03|2027-05-06|2027-05-09|2027-05-14|2027-05-15|2027-05-16|2027-05-19|2027-05-20|2027-05-21|2027-05-23|2027-05-25|2027-05-26|2027-05-27|2027-05-28|2027-05-30|2027-05-31|2027-06-02|2027-06-03|2027-06-05|2027-06-06|2027-06-07|2027-06-10|2027-06-12|2027-06-14|2027-06-15|2027-06-17|2027-06-18|2027-06-19|2027-06-24|2027-06-25|2027-06-27|2027-07-02|2027-07-03|2027-07-04|2027-07-07|2027-07-13|2027-07-16|2027-07-18|2027-07-20|2027-07-21|2027-07-30|2027-08-02|2027-08-06|2027-08-09|2027-08-11|2027-08-12|2027-08-13|2027-08-14|2027-08-15|2027-08-16|2027-08-20|2027-08-21|2027-08-22|2027-08-29|2027-08-30|2027-08-31|2027-09-03|2027-09-04|2027-09-07|2027-09-11|2027-09-13|2027-09-15|2027-09-18|2027-09-19,"Живой бэнд, Алматы. Играем джаз и соул. Играем и на улице, если есть питание. Свой звук и свет на зал до 250 гостей."
HK-90067,Ренджи Абарай,Лайв-бэнд,Алматы,False,True,1450000,False,той|юбилей|день рождения,русский|казахский|английский,4,2026-09-24|2026-09-25|2026-09-27|2026-09-29|2026-09-30|2026-10-01|2026-10-02|2026-10-03|2026-10-06|2026-10-08|2026-10-09|2026-10-11|2026-10-12|2026-10-15|2026-10-16|2026-10-17|2026-10-18|2026-10-20|2026-10-21|2026-10-24|2026-10-28|2026-10-29|2026-10-30|2026-11-01|2026-11-05|2026-11-06|2026-11-07|2026-11-09|2026-11-12|2026-11-14|2026-11-16|2026-11-19|2026-11-21|2026-11-22|2026-11-26|2026-11-30|2026-12-01|2026-12-03|2026-12-04|2026-12-05|2026-12-06|2026-12-07|2026-12-08|2026-12-10|2026-12-12|2026-12-13|2026-12-14|2026-12-15|2026-12-16|2026-12-18|2026-12-19|2026-12-20|2026-12-21|2026-12-22|2026-12-23|2026-12-24|2026-12-25|2026-12-26|2026-12-27|2026-12-28|2026-12-29|2026-12-30|2026-12-31|2027-01-02|2027-01-06|2027-01-09|2027-01-13|2027-01-14|2027-01-15|2027-01-26|2027-01-28|2027-02-04|2027-02-12|2027-02-13|2027-02-14|2027-02-23|2027-02-26|2027-02-27|2027-03-03|2027-03-07|2027-03-08|2027-03-09|2027-03-11|2027-03-15|2027-03-17|2027-03-20|2027-03-21|2027-03-22|2027-03-23|2027-03-26|2027-03-28|2027-03-31|2027-04-03|2027-04-05|2027-04-06|2027-04-11|2027-04-12|2027-04-15|2027-04-16|2027-04-17|2027-04-18|2027-04-19|2027-04-23|2027-04-24|2027-04-25|2027-04-26|2027-04-29|2027-05-01|2027-05-02|2027-05-03|2027-05-04|2027-05-07|2027-05-08|2027-05-09|2027-05-11|2027-05-12|2027-05-14|2027-05-15|2027-05-16|2027-05-18|2027-05-22|2027-05-23|2027-05-26|2027-05-30|2027-06-04|2027-06-06|2027-06-08|2027-06-11|2027-06-12|2027-06-13|2027-06-17|2027-06-18|2027-06-19|2027-06-20|2027-06-22|2027-06-23|2027-06-25|2027-06-26|2027-06-27|2027-06-28|2027-06-30|2027-07-02|2027-07-03|2027-07-04|2027-07-07|2027-07-08|2027-07-09|2027-07-10|2027-07-11|2027-07-14|2027-07-15|2027-07-16|2027-07-17|2027-07-19|2027-07-23|2027-07-25|2027-07-27|2027-07-28|2027-07-30|2027-07-31|2027-08-01|2027-08-04|2027-08-06|2027-08-07|2027-08-08|2027-08-09|2027-08-12|2027-08-13|2027-08-14|2027-08-15|2027-08-16|2027-08-18|2027-08-19|2027-08-20|2027-08-21|2027-08-22|2027-08-23|2027-08-27|2027-08-28|2027-08-29|2027-08-30|2027-08-31|2027-09-01|2027-09-03|2027-09-04|2027-09-05|2027-09-06|2027-09-07|2027-09-08|2027-09-09|2027-09-11|2027-09-12|2027-09-14|2027-09-16|2027-09-17|2027-09-18|2027-09-19,"Кавер-группа из 6 музыкантов, Алматы. Играем поп и танцевальные хиты. Играем и на улице, если есть питание. Принимаем заказы песен заранее."
HK-90068,Кисукэ Урахара,Лайв-бэнд,Алматы,False,True,1200000,False,свадьба|той|корпоратив|юбилей,русский|казахский|английский,6,2026-09-23|2026-09-24|2026-09-25|2026-09-26|2026-09-29|2026-10-02|2026-10-03|2026-10-05|2026-10-07|2026-10-08|2026-10-10|2026-10-11|2026-10-14|2026-10-16|2026-10-19|2026-10-21|2026-10-22|2026-10-23|2026-10-24|2026-10-25|2026-10-28|2026-10-31|2026-11-03|2026-11-05|2026-11-06|2026-11-08|2026-11-09|2026-11-11|2026-11-12|2026-11-15|2026-11-16|2026-11-19|2026-11-20|2026-11-22|2026-11-23|2026-11-24|2026-11-27|2026-11-29|2026-11-30|2026-12-01|2026-12-02|2026-12-03|2026-12-04|2026-12-05|2026-12-06|2026-12-07|2026-12-08|2026-12-10|2026-12-11|2026-12-12|2026-12-13|2026-12-14|2026-12-16|2026-12-17|2026-12-18|2026-12-19|2026-12-20|2026-12-22|2026-12-23|2026-12-24|2026-12-26|2026-12-27|2026-12-28|2026-12-29|2026-12-31|2027-01-01|2027-01-02|2027-01-03|2027-01-07|2027-01-09|2027-01-16|2027-01-21|2027-01-28|2027-02-01|2027-02-03|2027-02-08|2027-02-20|2027-02-21|2027-02-26|2027-02-27|2027-03-01|2027-03-03|2027-03-04|2027-03-05|2027-03-06|2027-03-07|2027-03-10|2027-03-14|2027-03-15|2027-03-20|2027-03-21|2027-03-22|2027-03-23|2027-03-24|2027-03-26|2027-03-27|2027-04-03|2027-04-04|2027-04-06|2027-04-07|2027-04-09|2027-04-11|2027-04-14|2027-04-16|2027-04-17|2027-04-21|2027-04-24|2027-04-30|2027-05-01|2027-05-03|2027-05-08|2027-05-09|2027-05-10|2027-05-12|2027-05-13|2027-05-14|2027-05-15|2027-05-16|2027-05-20|2027-05-21|2027-05-22|2027-05-23|2027-05-26|2027-05-27|2027-06-04|2027-06-05|2027-06-06|2027-06-07|2027-06-08|2027-06-10|2027-06-11|2027-06-12|2027-06-13|2027-06-17|2027-06-18|2027-06-20|2027-06-23|2027-06-25|2027-06-26|2027-06-27|2027-06-28|2027-06-30|2027-07-04|2027-07-06|2027-07-07|2027-07-09|2027-07-11|2027-07-14|2027-07-15|2027-07-16|2027-07-17|2027-07-18|2027-07-23|2027-07-24|2027-07-26|2027-07-28|2027-07-30|2027-07-31|2027-08-01|2027-08-02|2027-08-05|2027-08-06|2027-08-07|2027-08-08|2027-08-10|2027-08-12|2027-08-13|2027-08-14|2027-08-15|2027-08-18|2027-08-20|2027-08-21|2027-08-22|2027-08-23|2027-08-27|2027-08-28|2027-08-29|2027-08-30|2027-09-01|2027-09-04|2027-09-05|2027-09-06|2027-09-07|2027-09-09|2027-09-10|2027-09-11|2027-09-12|2027-09-15|2027-09-16|2027-09-18|2027-09-19|2027-09-20|2027-09-21,"Группа с вокалисткой, Алматы. Играем лаунж для фуршетов. Принимаем заказы песен заранее. Свой звук и свет на зал до 100 гостей."
HK-90069,Ёруичи Шихоин,Шоу-программа,Алматы,False,True,1000000,False,юбилей,русский|казахский|английский,3,2026-09-24|2026-09-27|2026-09-30|2026-10-02|2026-10-07|2026-10-08|2026-10-11|2026-10-12|2026-10-14|2026-10-17|2026-10-18|2026-10-19|2026-10-31|2026-11-02|2026-11-04|2026-11-05|2026-11-07|2026-11-09|2026-11-15|2026-11-18|2026-11-22|2026-11-24|2026-11-25|2026-11-29|2026-12-02|2026-12-03|2026-12-04|2026-12-05|2026-12-06|2026-12-10|2026-12-11|2026-12-12|2026-12-13|2026-12-14|2026-12-15|2026-12-22|2026-12-24|2026-12-25|2026-12-27|2026-12-28|2026-12-29|2026-12-30|2027-01-01|2027-01-02|2027-01-06|2027-01-12|2027-02-01|2027-02-02|2027-02-05|2027-02-10|2027-02-13|2027-02-15|2027-02-16|2027-02-20|2027-02-22|2027-02-23|2027-02-24|2027-02-27|2027-03-03|2027-03-07|2027-03-08|2027-03-11|2027-03-15|2027-03-22|2027-03-23|2027-03-24|2027-03-26|2027-03-29|2027-03-30|2027-04-08|2027-04-11|2027-04-12|2027-04-13|2027-04-14|2027-04-16|2027-04-29|2027-05-03|2027-05-10|2027-05-11|2027-05-12|2027-05-25|2027-05-27|2027-06-01|2027-06-11|2027-06-15|2027-06-17|2027-06-20|2027-06-22|2027-06-23|2027-06-27|2027-06-29|2027-07-06|2027-07-13|2027-07-25|2027-07-29|2027-08-03|2027-08-04|2027-08-08|2027-08-16|2027-08-18|2027-08-20|2027-08-25|2027-08-30|2027-09-03|2027-09-05|2027-09-06|2027-09-07|2027-09-08|2027-09-10|2027-09-11|2027-09-14|2027-09-21,"Артисты оригинального жанра, Алматы. Показываем барменское шоу. Номер длится от 40 минут. Есть страхование и допуск к выступлениям в помещении."
HK-90070,Рангику Мацумото,Шоу-программа,Алматы,False,True,750000,False,свадьба|той|день рождения|юбилей,русский|казахский,3,2026-09-24|2026-09-26|2026-10-03|2026-10-24|2026-10-25|2026-10-31|2026-11-02|2026-11-08|2026-11-10|2026-11-16|2026-11-23|2026-11-24|2026-11-29|2026-12-02|2026-12-03|2026-12-04|2026-12-07|2026-12-08|2026-12-09|2026-12-10|2026-12-11|2026-12-12|2026-12-13|2026-12-14|2026-12-18|2026-12-19|2026-12-20|2026-12-21|2026-12-22|2026-12-24|2026-12-27|2026-12-31|2027-01-01|2027-01-08|2027-01-10|2027-01-13|2027-01-15|2027-01-20|2027-01-23|2027-01-30|2027-02-08|2027-02-12|2027-02-13|2027-02-14|2027-02-16|2027-02-19|2027-02-21|2027-02-23|2027-02-27|2027-02-28|2027-03-04|2027-03-06|2027-03-13|2027-03-14|2027-03-19|2027-03-20|2027-03-21|2027-03-22|2027-03-23|2027-03-24|2027-03-25|2027-03-26|2027-03-30|2027-04-03|2027-04-10|2027-04-12|2027-04-13|2027-04-16|2027-04-21|2027-04-26|2027-05-06|2027-05-15|2027-05-21|2027-05-23|2027-05-25|2027-05-29|2027-05-30|2027-06-04|2027-06-05|2027-06-06|2027-06-11|2027-06-12|2027-06-18|2027-06-19|2027-06-20|2027-06-22|2027-06-25|2027-06-26|2027-06-27|2027-07-02|2027-07-03|2027-07-04|2027-07-07|2027-07-10|2027-07-11|2027-07-15|2027-07-16|2027-07-17|2027-07-23|2027-07-24|2027-07-25|2027-07-26|2027-07-29|2027-07-30|2027-08-01|2027-08-03|2027-08-05|2027-08-07|2027-08-11|2027-08-12|2027-08-13|2027-08-14|2027-08-20|2027-08-21|2027-08-24|2027-08-26|2027-08-28|2027-08-29|2027-08-30|2027-08-31|2027-09-04|2027-09-05|2027-09-09|2027-09-11|2027-09-19|2027-09-20,"Шоу-проект, Алматы. Показываем барменское шоу. Номер длится от 50 минут. Нужен потолок от 5 метров."
HK-90071,Жан Кирштейн,Шоу-программа,Алматы,False,True,900000,False,корпоратив|свадьба|той|день рождения|юбилей,русский|английский|казахский,3,2026-09-27|2026-09-28|2026-10-02|2026-10-03|2026-10-04|2026-10-05|2026-10-06|2026-10-09|2026-10-10|2026-10-12|2026-10-13|2026-10-15|2026-10-16|2026-10-17|2026-10-19|2026-10-20|2026-10-22|2026-10-29|2026-10-30|2026-11-01|2026-11-04|2026-11-05|2026-11-07|2026-11-11|2026-11-13|2026-11-15|2026-11-16|2026-11-17|2026-11-19|2026-11-23|2026-11-24|2026-11-25|2026-11-26|2026-11-27|2026-11-29|2026-12-02|2026-12-04|2026-12-05|2026-12-06|2026-12-07|2026-12-08|2026-12-09|2026-12-11|2026-12-12|2026-12-13|2026-12-14|2026-12-15|2026-12-16|2026-12-18|2026-12-22|2026-12-23|2026-12-24|2026-12-25|2026-12-28|2026-12-29|2026-12-30|2027-01-02|2027-01-09|2027-01-20|2027-01-22|2027-02-01|2027-02-02|2027-02-03|2027-02-04|2027-02-05|2027-02-07|2027-02-11|2027-02-12|2027-02-13|2027-02-15|2027-02-17|2027-02-20|2027-02-27|2027-02-28|2027-03-05|2027-03-07|2027-03-08|2027-03-10|2027-03-16|2027-03-20|2027-03-21|2027-03-23|2027-03-25|2027-03-28|2027-04-01|2027-04-04|2027-04-10|2027-04-11|2027-04-14|2027-04-16|2027-04-18|2027-04-20|2027-04-23|2027-04-25|2027-04-30|2027-05-04|2027-05-08|2027-05-13|2027-05-15|2027-05-17|2027-05-18|2027-05-21|2027-05-22|2027-05-23|2027-05-24|2027-05-26|2027-05-27|2027-05-29|2027-05-30|2027-05-31|2027-06-04|2027-06-05|2027-06-06|2027-06-08|2027-06-09|2027-06-12|2027-06-13|2027-06-15|2027-06-18|2027-06-19|2027-06-20|2027-06-21|2027-06-23|2027-06-25|2027-06-30|2027-07-02|2027-07-03|2027-07-04|2027-07-08|2027-07-09|2027-07-10|2027-07-11|2027-07-12|2027-07-16|2027-07-18|2027-07-20|2027-07-22|2027-07-23|2027-07-25|2027-07-27|2027-07-29|2027-07-30|2027-07-31|2027-08-01|2027-08-02|2027-08-03|2027-08-05|2027-08-06|2027-08-07|2027-08-08|2027-08-09|2027-08-11|2027-08-12|2027-08-13|2027-08-14|2027-08-15|2027-08-18|2027-08-22|2027-08-25|2027-08-26|2027-08-27|2027-08-31|2027-09-01|2027-09-04|2027-09-09|2027-09-11|2027-09-12|2027-09-15|2027-09-18|2027-09-19|2027-09-21,"Артисты оригинального жанра, Алматы. Показываем акробатов и воздушную гимнастику. Есть страхование и допуск к выступлениям в помещении. Можем встроить имена молодожёнов или логотип компании."
HK-90072,Конни Спрингер,Танцевальный коллектив,Алматы,False,True,550000,False,свадьба|той|юбилей,русский|казахский,3,2026-09-25|2026-09-26|2026-09-27|2026-09-30|2026-10-02|2026-10-03|2026-10-11|2026-10-12|2026-10-13|2026-10-19|2026-10-20|2026-10-21|2026-10-22|2026-10-24|2026-10-29|2026-10-30|2026-11-08|2026-11-11|2026-11-14|2026-11-15|2026-11-21|2026-11-22|2026-12-03|2026-12-05|2026-12-07|2026-12-08|2026-12-09|2026-12-10|2026-12-11|2026-12-13|2026-12-14|2026-12-15|2026-12-17|2026-12-18|2026-12-20|2026-12-21|2026-12-24|2026-12-26|2026-12-27|2026-12-30|2027-01-02|2027-01-03|2027-01-05|2027-01-09|2027-01-10|2027-01-13|2027-01-16|2027-01-23|2027-01-27|2027-01-28|2027-01-29|2027-01-31|2027-02-05|2027-02-06|2027-02-13|2027-02-16|2027-02-20|2027-02-23|2027-02-24|2027-02-26|2027-02-27|2027-03-02|2027-03-03|2027-03-21|2027-03-22|2027-03-23|2027-03-26|2027-03-27|2027-03-28|2027-03-29|2027-03-30|2027-04-03|2027-04-04|2027-04-06|2027-04-09|2027-04-10|2027-04-11|2027-04-12|2027-04-15|2027-04-17|2027-04-23|2027-04-24|2027-04-25|2027-04-26|2027-04-30|2027-05-03|2027-05-09|2027-05-10|2027-05-11|2027-05-16|2027-05-19|2027-05-20|2027-05-21|2027-05-22|2027-05-23|2027-05-24|2027-05-25|2027-06-02|2027-06-04|2027-06-05|2027-06-09|2027-06-11|2027-06-12|2027-06-13|2027-06-14|2027-06-17|2027-06-18|2027-06-19|2027-06-20|2027-06-25|2027-07-01|2027-07-02|2027-07-03|2027-07-04|2027-07-07|2027-07-09|2027-07-10|2027-07-11|2027-07-12|2027-07-17|2027-07-18|2027-07-20|2027-07-21|2027-07-22|2027-07-23|2027-07-24|2027-07-25|2027-07-31|2027-08-01|2027-08-07|2027-08-08|2027-08-09|2027-08-13|2027-08-15|2027-08-16|2027-08-20|2027-08-21|2027-08-27|2027-08-28|2027-08-29|2027-08-30|2027-08-31|2027-09-02|2027-09-05|2027-09-07|2027-09-08|2027-09-09|2027-09-11|2027-09-12|2027-09-14|2027-09-18|2027-09-19|2027-09-20|2027-09-22,"Шоу-балет, Алматы. Направление — народные танцы разных стран. Выходим составом от 5 человек. Костюмы под тематику вечера."
HK-90073,Саша Браус,Танцевальный коллектив,Алматы,False,True,500000,False,свадьба|той|юбилей,русский|казахский,1,2026-09-26|2026-09-27|2026-09-30|2026-10-02|2026-10-04|2026-10-06|2026-10-07|2026-10-08|2026-10-18|2026-10-23|2026-10-24|2026-10-25|2026-10-28|2026-11-07|2026-11-08|2026-11-11|2026-11-12|2026-11-19|2026-11-20|2026-11-21|2026-11-22|2026-11-25|2026-11-28|2026-11-29|2026-11-30|2026-12-02|2026-12-03|2026-12-04|2026-12-05|2026-12-06|2026-12-07|2026-12-08|2026-12-11|2026-12-13|2026-12-14|2026-12-15|2026-12-16|2026-12-17|2026-12-18|2026-12-19|2026-12-21|2026-12-22|2026-12-24|2026-12-25|2026-12-26|2026-12-28|2026-12-29|2026-12-31|2027-01-01|2027-01-03|2027-01-11|2027-01-15|2027-01-16|2027-01-17|2027-01-20|2027-01-23|2027-01-25|2027-02-05|2027-02-07|2027-02-12|2027-02-14|2027-02-23|2027-02-26|2027-03-03|2027-03-07|2027-03-08|2027-03-14|2027-03-17|2027-03-20|2027-03-22|2027-03-23|2027-03-25|2027-03-28|2027-03-29|2027-04-02|2027-04-04|2027-04-08|2027-04-10|2027-04-11|2027-04-14|2027-04-15|2027-04-18|2027-04-19|2027-04-22|2027-04-24|2027-04-26|2027-05-01|2027-05-02|2027-05-06|2027-05-09|2027-05-13|2027-05-15|2027-05-16|2027-05-17|2027-05-18|2027-05-20|2027-05-23|2027-05-25|2027-05-27|2027-05-30|2027-06-02|2027-06-06|2027-06-07|2027-06-10|2027-06-11|2027-06-12|2027-06-13|2027-06-14|2027-06-15|2027-06-16|2027-06-17|2027-06-19|2027-06-20|2027-06-22|2027-06-25|2027-06-26|2027-06-27|2027-07-02|2027-07-04|2027-07-05|2027-07-06|2027-07-08|2027-07-09|2027-07-10|2027-07-11|2027-07-15|2027-07-16|2027-07-17|2027-07-18|2027-07-19|2027-07-20|2027-07-22|2027-07-23|2027-07-24|2027-07-25|2027-07-27|2027-07-30|2027-07-31|2027-08-01|2027-08-02|2027-08-04|2027-08-06|2027-08-07|2027-08-09|2027-08-10|2027-08-12|2027-08-13|2027-08-15|2027-08-21|2027-08-22|2027-08-25|2027-08-26|2027-08-27|2027-08-28|2027-08-29|2027-09-03|2027-09-04|2027-09-05|2027-09-09|2027-09-10|2027-09-12|2027-09-14|2027-09-17|2027-09-18|2027-09-22,"Танцевальный коллектив, Алматы. Направление — современная хореография и хип-хоп. Вовлекаем гостей в общий танец. Костюмы под тематику вечера."
HK-90074,Хистория Райсс,Национальный ансамбль,Алматы,False,True,450000,False,той|свадьба|конференция,русский|казахский,4,2026-09-23|2026-09-26|2026-09-30|2026-10-09|2026-10-12|2026-10-17|2026-10-21|2026-10-25|2026-10-28|2026-10-31|2026-11-05|2026-11-10|2026-11-12|2026-11-16|2026-11-18|2026-11-19|2026-11-20|2026-11-28|2026-12-01|2026-12-03|2026-12-05|2026-12-06|2026-12-11|2026-12-13|2026-12-15|2026-12-16|2026-12-17|2026-12-18|2026-12-20|2026-12-24|2026-12-25|2026-12-27|2026-12-28|2026-12-29|2026-12-30|2026-12-31|2027-01-01|2027-01-02|2027-01-03|2027-01-07|2027-01-08|2027-01-09|2027-01-10|2027-01-15|2027-01-21|2027-01-23|2027-01-25|2027-02-06|2027-02-07|2027-02-13|2027-02-14|2027-02-16|2027-02-23|2027-03-02|2027-03-04|2027-03-07|2027-03-12|2027-03-14|2027-03-20|2027-03-21|2027-03-22|2027-03-24|2027-03-26|2027-03-27|2027-03-30|2027-04-01|2027-04-02|2027-04-03|2027-04-10|2027-04-12|2027-04-13|2027-04-14|2027-04-17|2027-04-18|2027-04-22|2027-04-24|2027-04-25|2027-05-01|2027-05-02|2027-05-07|2027-05-10|2027-05-12|2027-05-20|2027-05-22|2027-05-23|2027-05-25|2027-05-26|2027-05-27|2027-06-01|2027-06-02|2027-06-05|2027-06-06|2027-06-07|2027-06-12|2027-06-13|2027-06-15|2027-06-17|2027-06-18|2027-06-19|2027-06-21|2027-06-22|2027-06-23|2027-06-25|2027-06-26|2027-06-30|2027-07-02|2027-07-04|2027-07-05|2027-07-09|2027-07-11|2027-07-13|2027-07-17|2027-07-25|2027-07-26|2027-07-27|2027-07-29|2027-08-01|2027-08-04|2027-08-08|2027-08-13|2027-08-14|2027-08-15|2027-08-16|2027-08-21|2027-08-22|2027-08-25|2027-08-27|2027-08-28|2027-08-29|2027-08-30|2027-09-02|2027-09-03|2027-09-04|2027-09-05|2027-09-07|2027-09-08|2027-09-10|2027-09-11|2027-09-15|2027-09-18|2027-09-19|2027-09-20|2027-09-21|2027-09-22,"Национальный ансамбль, Алматы. В программе: кюи и песни на казахском. Программа от 30 минут. Сопровождаем беташар и шашу."
HK-90075,Ханджи Зоэ,Национальный ансамбль,Алматы,False,True,800000,False,той|свадьба|юбилей|конференция,русский|казахский,2,2026-09-24|2026-09-25|2026-09-29|2026-10-08|2026-10-14|2026-10-17|2026-10-21|2026-10-22|2026-10-24|2026-10-27|2026-10-29|2026-10-30|2026-11-03|2026-11-07|2026-11-08|2026-11-11|2026-11-14|2026-11-18|2026-11-19|2026-11-20|2026-11-22|2026-11-25|2026-11-26|2026-11-27|2026-12-02|2026-12-03|2026-12-04|2026-12-05|2026-12-06|2026-12-07|2026-12-08|2026-12-09|2026-12-11|2026-12-12|2026-12-13|2026-12-14|2026-12-15|2026-12-16|2026-12-18|2026-12-19|2026-12-20|2026-12-22|2026-12-23|2026-12-24|2026-12-25|2026-12-26|2026-12-27|2026-12-29|2026-12-31|2027-01-01|2027-01-02|2027-01-03|2027-01-12|2027-01-13|2027-01-17|2027-01-20|2027-01-22|2027-01-24|2027-01-27|2027-01-29|2027-01-30|2027-01-31|2027-02-03|2027-02-06|2027-02-09|2027-02-10|2027-02-11|2027-02-14|2027-02-16|2027-02-20|2027-02-25|2027-02-28|2027-03-04|2027-03-07|2027-03-08|2027-03-13|2027-03-15|2027-03-19|2027-03-20|2027-03-21|2027-03-22|2027-03-23|2027-03-26|2027-03-27|2027-04-03|2027-04-04|2027-04-08|2027-04-10|2027-04-12|2027-04-13|2027-04-14|2027-04-15|2027-04-20|2027-04-22|2027-04-23|2027-04-24|2027-04-25|2027-05-01|2027-05-08|2027-05-11|2027-05-13|2027-05-15|2027-05-20|2027-05-29|2027-05-30|2027-05-31|2027-06-04|2027-06-05|2027-06-07|2027-06-10|2027-06-12|2027-06-13|2027-06-14|2027-06-17|2027-06-18|2027-06-19|2027-06-20|2027-06-21|2027-06-24|2027-06-25|2027-06-26|2027-06-27|2027-06-28|2027-06-30|2027-07-02|2027-07-03|2027-07-04|2027-07-05|2027-07-06|2027-07-07|2027-07-09|2027-07-10|2027-07-11|2027-07-14|2027-07-17|2027-07-18|2027-07-23|2027-07-24|2027-07-25|2027-07-26|2027-07-27|2027-07-28|2027-07-30|2027-07-31|2027-08-01|2027-08-02|2027-08-06|2027-08-07|2027-08-08|2027-08-10|2027-08-11|2027-08-13|2027-08-14|2027-08-15|2027-08-16|2027-08-17|2027-08-18|2027-08-19|2027-08-20|2027-08-21|2027-08-22|2027-08-23|2027-08-25|2027-08-27|2027-08-28|2027-08-29|2027-08-31|2027-09-01|2027-09-02|2027-09-03|2027-09-04|2027-09-06|2027-09-09|2027-09-11|2027-09-12|2027-09-13|2027-09-14|2027-09-17|2027-09-18|2027-09-19,"Национальный ансамбль, Алматы. В программе: кюи и песни на казахском. Сопровождаем беташар и шашу. Встречаем гостей у входа."
HK-90076,Эрвин Смит,Загородная площадка,Алматы,False,True,2300000,False,юбилей,русский|казахский,11,2026-09-23|2026-09-26|2026-10-01|2026-10-02|2026-10-07|2026-10-10|2026-10-18|2026-10-19|2026-10-22|2026-10-23|2026-10-26|2026-10-27|2026-10-28|2026-11-01|2026-11-03|2026-11-07|2026-11-12|2026-11-13|2026-11-20|2026-11-27|2026-11-28|2026-11-29|2026-11-30|2026-12-02|2026-12-03|2026-12-06|2026-12-12|2026-12-13|2026-12-15|2026-12-16|2026-12-20|2026-12-24|2026-12-25|2026-12-29|2027-01-03|2027-01-12|2027-01-14|2027-01-21|2027-02-02|2027-02-04|2027-02-07|2027-02-09|2027-02-24|2027-02-26|2027-03-06|2027-03-14|2027-03-18|2027-03-20|2027-03-22|2027-03-23|2027-03-24|2027-03-25|2027-03-30|2027-04-02|2027-04-05|2027-04-07|2027-04-11|2027-04-13|2027-04-19|2027-04-20|2027-04-21|2027-04-28|2027-05-06|2027-05-07|2027-05-09|2027-05-11|2027-05-12|2027-05-14|2027-05-15|2027-05-19|2027-05-24|2027-05-25|2027-05-31|2027-06-07|2027-06-11|2027-06-16|2027-06-17|2027-06-20|2027-06-24|2027-06-28|2027-06-29|2027-07-01|2027-07-06|2027-07-28|2027-07-30|2027-08-16|2027-08-30|2027-09-03|2027-09-07|2027-09-08|2027-09-10|2027-09-15|2027-09-16|2027-09-20|2027-09-22,Загородная площадка в Алатауском районе. Есть шатёр и поляна для регистрации. Работаем круглый год. Трансфер для гостей.
HK-90077,Райнер Браун,Загородная площадка,Алматы,False,True,2200000,False,свадьба|той|корпоратив|юбилей,русский|казахский|английский,12,2026-09-25|2026-09-27|2026-09-30|2026-10-03|2026-10-04|2026-10-05|2026-10-06|2026-10-10|2026-10-16|2026-10-17|2026-10-22|2026-10-25|2026-10-31|2026-11-01|2026-11-02|2026-11-03|2026-11-07|2026-11-14|2026-11-17|2026-11-19|2026-11-20|2026-11-21|2026-11-22|2026-11-24|2026-11-25|2026-11-27|2026-12-02|2026-12-03|2026-12-05|2026-12-06|2026-12-07|2026-12-09|2026-12-10|2026-12-11|2026-12-12|2026-12-13|2026-12-15|2026-12-17|2026-12-18|2026-12-19|2026-12-20|2026-12-21|2026-12-22|2026-12-23|2026-12-24|2026-12-25|2026-12-26|2026-12-27|2026-12-28|2026-12-30|2027-01-01|2027-01-02|2027-01-03|2027-01-05|2027-01-08|2027-01-09|2027-01-18|2027-01-23|2027-01-24|2027-01-30|2027-01-31|2027-02-03|2027-02-05|2027-02-06|2027-02-07|2027-02-10|2027-02-12|2027-02-16|2027-02-26|2027-03-01|2027-03-03|2027-03-04|2027-03-07|2027-03-08|2027-03-10|2027-03-14|2027-03-15|2027-03-16|2027-03-20|2027-03-21|2027-03-22|2027-03-23|2027-03-27|2027-03-31|2027-04-03|2027-04-10|2027-04-11|2027-04-12|2027-04-14|2027-04-17|2027-04-29|2027-05-01|2027-05-02|2027-05-06|2027-05-08|2027-05-09|2027-05-12|2027-05-15|2027-05-17|2027-05-19|2027-05-20|2027-05-21|2027-05-22|2027-05-23|2027-05-24|2027-05-26|2027-05-29|2027-05-30|2027-06-01|2027-06-03|2027-06-04|2027-06-06|2027-06-07|2027-06-10|2027-06-11|2027-06-12|2027-06-14|2027-06-16|2027-06-18|2027-06-19|2027-06-20|2027-06-21|2027-06-27|2027-06-28|2027-06-30|2027-07-02|2027-07-03|2027-07-04|2027-07-05|2027-07-07|2027-07-09|2027-07-10|2027-07-11|2027-07-14|2027-07-16|2027-07-17|2027-07-18|2027-07-19|2027-07-20|2027-07-22|2027-07-23|2027-07-25|2027-07-29|2027-07-30|2027-07-31|2027-08-01|2027-08-02|2027-08-03|2027-08-04|2027-08-05|2027-08-06|2027-08-07|2027-08-08|2027-08-11|2027-08-13|2027-08-14|2027-08-15|2027-08-18|2027-08-19|2027-08-20|2027-08-21|2027-08-22|2027-08-25|2027-08-27|2027-08-28|2027-08-29|2027-08-30|2027-09-01|2027-09-04|2027-09-05|2027-09-09|2027-09-10|2027-09-11|2027-09-14|2027-09-19|2027-09-21,"Площадка на природе в центре, рядом с Арбатом. Есть шатёр и поляна для регистрации. Трансфер для гостей. Работаем круглый год."
HK-90078,Энни Леонхарт,Загородная площадка,Алматы,False,True,3900000,False,той|корпоратив|юбилей,русский|казахский,11,2026-09-25|2026-09-26|2026-09-30|2026-10-02|2026-10-03|2026-10-11|2026-10-12|2026-10-15|2026-10-16|2026-10-18|2026-10-19|2026-10-22|2026-10-27|2026-10-29|2026-10-30|2026-10-31|2026-11-02|2026-11-04|2026-11-06|2026-11-07|2026-11-09|2026-11-10|2026-11-13|2026-11-14|2026-11-16|2026-11-20|2026-11-21|2026-11-22|2026-11-24|2026-11-25|2026-11-26|2026-11-28|2026-12-01|2026-12-02|2026-12-04|2026-12-06|2026-12-07|2026-12-08|2026-12-09|2026-12-10|2026-12-12|2026-12-13|2026-12-14|2026-12-15|2026-12-16|2026-12-17|2026-12-20|2026-12-21|2026-12-23|2026-12-24|2026-12-25|2026-12-28|2026-12-29|2027-01-02|2027-01-03|2027-01-04|2027-01-10|2027-01-11|2027-01-16|2027-01-18|2027-01-19|2027-01-25|2027-01-26|2027-01-28|2027-01-30|2027-02-01|2027-02-04|2027-02-08|2027-02-10|2027-02-15|2027-02-16|2027-03-01|2027-03-08|2027-03-09|2027-03-14|2027-03-18|2027-03-19|2027-03-20|2027-03-21|2027-03-22|2027-03-23|2027-03-24|2027-03-29|2027-04-02|2027-04-03|2027-04-07|2027-04-09|2027-04-10|2027-04-11|2027-04-16|2027-04-17|2027-04-19|2027-04-20|2027-04-21|2027-04-25|2027-04-26|2027-04-28|2027-05-02|2027-05-03|2027-05-04|2027-05-06|2027-05-07|2027-05-08|2027-05-09|2027-05-14|2027-05-17|2027-05-19|2027-05-21|2027-05-22|2027-05-23|2027-05-25|2027-05-29|2027-05-30|2027-05-31|2027-06-01|2027-06-04|2027-06-05|2027-06-06|2027-06-10|2027-06-11|2027-06-13|2027-06-14|2027-06-18|2027-06-19|2027-06-20|2027-06-22|2027-06-24|2027-06-25|2027-06-26|2027-06-27|2027-07-02|2027-07-03|2027-07-04|2027-07-08|2027-07-09|2027-07-10|2027-07-11|2027-07-12|2027-07-14|2027-07-16|2027-07-17|2027-07-18|2027-07-19|2027-07-22|2027-07-23|2027-07-24|2027-07-25|2027-07-26|2027-07-30|2027-08-01|2027-08-02|2027-08-03|2027-08-04|2027-08-05|2027-08-06|2027-08-07|2027-08-08|2027-08-09|2027-08-10|2027-08-12|2027-08-13|2027-08-14|2027-08-16|2027-08-18|2027-08-20|2027-08-21|2027-08-22|2027-08-24|2027-08-25|2027-08-27|2027-08-28|2027-08-29|2027-09-02|2027-09-05|2027-09-06|2027-09-08|2027-09-10|2027-09-12|2027-09-18|2027-09-19,Загородная площадка на Аль-Фараби. На территории — сад и беседки. Свой кейтеринг или можно привезти свой. Работаем круглый год.
HK-90079,Мэйс Хьюз,Декоратор,Алматы,False,True,1450000,False,свадьба|той|юбилей|корпоратив|день рождения,русский|казахский,,2026-09-24|2026-09-25|2026-09-26|2026-09-27|2026-09-29|2026-10-04|2026-10-06|2026-10-07|2026-10-08|2026-10-09|2026-10-15|2026-10-16|2026-10-17|2026-10-19|2026-10-23|2026-10-27|2026-10-30|2026-10-31|2026-11-01|2026-11-03|2026-11-04|2026-11-05|2026-11-07|2026-11-09|2026-11-12|2026-11-13|2026-11-14|2026-11-21|2026-11-22|2026-11-26|2026-11-28|2026-11-29|2026-11-30|2026-12-02|2026-12-04|2026-12-05|2026-12-07|2026-12-10|2026-12-11|2026-12-12|2026-12-13|2026-12-14|2026-12-15|2026-12-16|2026-12-17|2026-12-18|2026-12-19|2026-12-20|2026-12-21|2026-12-22|2026-12-23|2026-12-24|2026-12-25|2026-12-26|2026-12-27|2026-12-30|2026-12-31|2027-01-01|2027-01-02|2027-01-03|2027-01-07|2027-01-17|2027-01-20|2027-01-23|2027-01-24|2027-01-25|2027-01-30|2027-02-02|2027-02-07|2027-02-10|2027-02-15|2027-02-21|2027-02-22|2027-02-23|2027-02-25|2027-02-27|2027-03-05|2027-03-06|2027-03-07|2027-03-08|2027-03-09|2027-03-12|2027-03-14|2027-03-15|2027-03-18|2027-03-20|2027-03-21|2027-03-22|2027-03-23|2027-03-24|2027-03-25|2027-03-27|2027-03-30|2027-03-31|2027-04-01|2027-04-06|2027-04-09|2027-04-10|2027-04-11|2027-04-13|2027-04-18|2027-04-21|2027-04-22|2027-04-24|2027-04-29|2027-05-01|2027-05-07|2027-05-11|2027-05-12|2027-05-17|2027-05-23|2027-05-29|2027-06-01|2027-06-04|2027-06-05|2027-06-07|2027-06-09|2027-06-10|2027-06-11|2027-06-12|2027-06-18|2027-06-20|2027-06-22|2027-06-23|2027-06-25|2027-06-26|2027-06-27|2027-06-28|2027-06-29|2027-07-02|2027-07-03|2027-07-04|2027-07-05|2027-07-06|2027-07-08|2027-07-11|2027-07-14|2027-07-16|2027-07-17|2027-07-18|2027-07-21|2027-07-22|2027-07-23|2027-07-24|2027-07-26|2027-07-27|2027-07-30|2027-07-31|2027-08-01|2027-08-02|2027-08-05|2027-08-06|2027-08-07|2027-08-10|2027-08-13|2027-08-14|2027-08-15|2027-08-17|2027-08-19|2027-08-20|2027-08-21|2027-08-22|2027-08-24|2027-08-26|2027-08-28|2027-08-29|2027-08-30|2027-09-01|2027-09-03|2027-09-11|2027-09-12|2027-09-14|2027-09-18|2027-09-19|2027-09-22,"Дизайнер мероприятий, Алматы. Стиль — рустик. Делаем президиум, фотозону и арки. Выезжаем на площадки за городом."
HK-90080,Оливия Армстронг,Декоратор,Алматы,False,True,600000,False,свадьба|юбилей|корпоратив|день рождения,русский|казахский,,2026-09-26|2026-10-02|2026-10-03|2026-10-11|2026-10-14|2026-10-16|2026-10-24|2026-10-27|2026-10-28|2026-11-02|2026-11-03|2026-11-09|2026-11-11|2026-11-27|2026-11-28|2026-12-02|2026-12-03|2026-12-04|2026-12-06|2026-12-07|2026-12-08|2026-12-11|2026-12-12|2026-12-13|2026-12-14|2026-12-15|2026-12-18|2026-12-19|2026-12-20|2026-12-21|2026-12-23|2026-12-24|2026-12-29|2027-01-09|2027-01-10|2027-01-21|2027-01-22|2027-01-28|2027-01-29|2027-02-07|2027-02-14|2027-02-22|2027-03-05|2027-03-06|2027-03-08|2027-03-10|2027-03-12|2027-03-14|2027-03-17|2027-03-20|2027-03-21|2027-03-22|2027-03-27|2027-03-28|2027-03-29|2027-04-02|2027-04-03|2027-04-04|2027-04-06|2027-04-10|2027-04-14|2027-04-16|2027-04-17|2027-04-19|2027-04-20|2027-04-24|2027-04-26|2027-04-29|2027-05-02|2027-05-06|2027-05-08|2027-05-09|2027-05-11|2027-05-12|2027-05-15|2027-05-16|2027-05-20|2027-05-23|2027-05-29|2027-06-04|2027-06-05|2027-06-06|2027-06-13|2027-06-14|2027-06-18|2027-06-19|2027-06-20|2027-06-24|2027-06-25|2027-06-27|2027-06-28|2027-06-29|2027-06-30|2027-07-02|2027-07-04|2027-07-06|2027-07-07|2027-07-09|2027-07-10|2027-07-11|2027-07-12|2027-07-16|2027-07-18|2027-07-23|2027-07-24|2027-07-30|2027-08-01|2027-08-02|2027-08-04|2027-08-07|2027-08-11|2027-08-14|2027-08-15|2027-08-16|2027-08-20|2027-08-21|2027-08-27|2027-08-29|2027-09-04|2027-09-05|2027-09-06|2027-09-09|2027-09-11|2027-09-12|2027-09-13|2027-09-19|2027-09-22,"Декоратор, Алматы. Любимое направление — рустик. Выезжаем на площадки за городом. Делаем президиум, фотозону и арки."
HK-90081,Алекс Армстронг,Флорист,Алматы,False,True,330000,False,юбилей|корпоратив|той,русский|английский|казахский,,2026-09-25|2026-09-29|2026-09-30|2026-10-02|2026-10-04|2026-10-08|2026-10-11|2026-10-12|2026-10-13|2026-10-17|2026-10-22|2026-10-25|2026-10-29|2026-11-02|2026-11-07|2026-11-08|2026-11-13|2026-11-16|2026-11-20|2026-11-22|2026-11-23|2026-11-28|2026-11-29|2026-11-30|2026-12-02|2026-12-04|2026-12-05|2026-12-06|2026-12-08|2026-12-10|2026-12-12|2026-12-13|2026-12-15|2026-12-17|2026-12-18|2026-12-20|2026-12-21|2026-12-22|2026-12-23|2026-12-24|2026-12-25|2026-12-26|2026-12-28|2026-12-31|2027-01-01|2027-01-02|2027-01-06|2027-01-15|2027-01-18|2027-01-19|2027-01-22|2027-01-26|2027-02-01|2027-02-05|2027-02-07|2027-02-10|2027-02-11|2027-02-14|2027-02-16|2027-02-20|2027-02-21|2027-02-26|2027-03-02|2027-03-06|2027-03-07|2027-03-08|2027-03-10|2027-03-11|2027-03-12|2027-03-14|2027-03-16|2027-03-19|2027-03-20|2027-03-21|2027-03-22|2027-03-23|2027-03-27|2027-03-28|2027-03-30|2027-04-03|2027-04-04|2027-04-06|2027-04-08|2027-04-10|2027-04-17|2027-04-18|2027-04-23|2027-04-24|2027-04-28|2027-05-05|2027-05-08|2027-05-09|2027-05-11|2027-05-15|2027-05-26|2027-05-27|2027-05-29|2027-06-02|2027-06-03|2027-06-05|2027-06-09|2027-06-10|2027-06-11|2027-06-14|2027-06-18|2027-06-19|2027-06-20|2027-06-21|2027-06-22|2027-06-24|2027-06-29|2027-06-30|2027-07-02|2027-07-03|2027-07-04|2027-07-05|2027-07-06|2027-07-07|2027-07-09|2027-07-11|2027-07-12|2027-07-16|2027-07-18|2027-07-24|2027-07-25|2027-07-26|2027-07-30|2027-07-31|2027-08-01|2027-08-02|2027-08-07|2027-08-08|2027-08-10|2027-08-12|2027-08-13|2027-08-14|2027-08-15|2027-08-18|2027-08-21|2027-08-22|2027-08-24|2027-08-26|2027-08-27|2027-08-28|2027-08-30|2027-08-31|2027-09-01|2027-09-04|2027-09-05|2027-09-12|2027-09-15|2027-09-17|2027-09-18|2027-09-19|2027-09-20|2027-09-22,"Флорист, Алматы. Специализация — оформление зала живыми цветами. Подбираем палитру под декор зала. Работаем с сезонными и привозными цветами."
HK-90082,Лин Яо,Флорист,Алматы,False,True,230000,False,свадьба|корпоратив|той,русский|казахский,,2026-09-24|2026-09-25|2026-09-27|2026-09-29|2026-10-02|2026-10-05|2026-10-08|2026-10-12|2026-10-13|2026-10-16|2026-10-20|2026-10-22|2026-10-25|2026-10-29|2026-11-01|2026-11-02|2026-11-03|2026-11-06|2026-11-07|2026-11-09|2026-11-11|2026-11-12|2026-11-13|2026-11-14|2026-11-15|2026-11-17|2026-11-20|2026-11-21|2026-11-22|2026-11-29|2026-12-01|2026-12-02|2026-12-03|2026-12-05|2026-12-08|2026-12-09|2026-12-10|2026-12-14|2026-12-15|2026-12-16|2026-12-17|2026-12-18|2026-12-20|2026-12-22|2026-12-23|2026-12-24|2026-12-25|2026-12-27|2026-12-28|2026-12-29|2026-12-30|2026-12-31|2027-01-03|2027-01-04|2027-01-05|2027-01-09|2027-01-10|2027-01-11|2027-01-16|2027-01-17|2027-01-22|2027-01-26|2027-02-11|2027-02-13|2027-02-14|2027-02-15|2027-02-28|2027-03-03|2027-03-05|2027-03-06|2027-03-07|2027-03-20|2027-03-21|2027-03-22|2027-03-23|2027-03-25|2027-03-27|2027-04-05|2027-04-09|2027-04-19|2027-04-21|2027-04-25|2027-04-27|2027-04-28|2027-05-01|2027-05-02|2027-05-06|2027-05-08|2027-05-09|2027-05-10|2027-05-12|2027-05-15|2027-05-19|2027-05-22|2027-05-23|2027-05-24|2027-05-28|2027-05-29|2027-05-30|2027-05-31|2027-06-02|2027-06-04|2027-06-05|2027-06-06|2027-06-11|2027-06-13|2027-06-14|2027-06-15|2027-06-18|2027-06-19|2027-06-20|2027-06-22|2027-06-23|2027-06-25|2027-06-26|2027-06-27|2027-06-29|2027-07-01|2027-07-02|2027-07-04|2027-07-06|2027-07-07|2027-07-09|2027-07-10|2027-07-11|2027-07-14|2027-07-16|2027-07-17|2027-07-23|2027-07-27|2027-07-30|2027-07-31|2027-08-05|2027-08-06|2027-08-07|2027-08-08|2027-08-10|2027-08-13|2027-08-14|2027-08-15|2027-08-16|2027-08-17|2027-08-20|2027-08-21|2027-08-22|2027-08-23|2027-08-25|2027-08-27|2027-08-28|2027-08-29|2027-09-01|2027-09-02|2027-09-03|2027-09-04|2027-09-06|2027-09-07|2027-09-09|2027-09-12|2027-09-13|2027-09-19|2027-09-20|2027-09-22,"Цветочная мастерская, Алматы. Специализация — цветочные арки. Доставка в день мероприятия. Подбираем палитру под декор зала."
HK-90083,Мэй Чан,Ведущий церемонии,Алматы,False,True,320000,False,свадьба,русский|казахский,1,2026-09-23|2026-09-26|2026-09-27|2026-10-02|2026-10-03|2026-10-11|2026-10-14|2026-10-15|2026-10-16|2026-10-22|2026-10-23|2026-10-24|2026-10-26|2026-10-28|2026-10-30|2026-11-02|2026-11-06|2026-11-08|2026-11-09|2026-11-12|2026-11-14|2026-11-15|2026-11-16|2026-11-17|2026-11-18|2026-11-19|2026-11-20|2026-11-23|2026-11-24|2026-11-25|2026-11-26|2026-11-29|2026-12-01|2026-12-03|2026-12-05|2026-12-06|2026-12-07|2026-12-08|2026-12-09|2026-12-10|2026-12-11|2026-12-12|2026-12-13|2026-12-15|2026-12-16|2026-12-18|2026-12-20|2026-12-21|2026-12-22|2026-12-24|2026-12-25|2026-12-27|2026-12-29|2026-12-30|2026-12-31|2027-01-01|2027-01-02|2027-01-03|2027-01-15|2027-01-19|2027-01-22|2027-01-29|2027-01-30|2027-01-31|2027-02-06|2027-02-14|2027-02-16|2027-02-17|2027-02-18|2027-02-20|2027-02-22|2027-02-28|2027-03-01|2027-03-02|2027-03-03|2027-03-05|2027-03-08|2027-03-11|2027-03-14|2027-03-18|2027-03-20|2027-03-21|2027-03-22|2027-03-23|2027-03-26|2027-03-28|2027-03-30|2027-03-31|2027-04-02|2027-04-03|2027-04-04|2027-04-05|2027-04-09|2027-04-10|2027-04-11|2027-04-14|2027-04-17|2027-04-19|2027-04-22|2027-04-24|2027-04-25|2027-04-26|2027-04-28|2027-04-29|2027-04-30|2027-05-03|2027-05-04|2027-05-05|2027-05-06|2027-05-09|2027-05-10|2027-05-11|2027-05-14|2027-05-15|2027-05-16|2027-05-19|2027-05-22|2027-05-23|2027-05-29|2027-05-31|2027-06-01|2027-06-04|2027-06-05|2027-06-06|2027-06-09|2027-06-11|2027-06-12|2027-06-13|2027-06-17|2027-06-18|2027-06-19|2027-06-22|2027-06-23|2027-06-25|2027-06-26|2027-06-27|2027-06-28|2027-07-02|2027-07-04|2027-07-06|2027-07-08|2027-07-09|2027-07-10|2027-07-11|2027-07-14|2027-07-15|2027-07-16|2027-07-17|2027-07-18|2027-07-19|2027-07-20|2027-07-23|2027-07-24|2027-07-25|2027-07-26|2027-07-27|2027-07-30|2027-07-31|2027-08-01|2027-08-03|2027-08-05|2027-08-06|2027-08-07|2027-08-08|2027-08-09|2027-08-10|2027-08-14|2027-08-15|2027-08-20|2027-08-21|2027-08-22|2027-08-23|2027-08-27|2027-08-28|2027-08-29|2027-08-31|2027-09-02|2027-09-03|2027-09-04|2027-09-06|2027-09-07|2027-09-10|2027-09-11|2027-09-12|2027-09-13|2027-09-15|2027-09-17|2027-09-19,"Ведущий выездных регистраций, Алматы. Подача тёплая и спокойная. Церемония длится 40–30 минут. Пишу текст церемонии под пару. Веду на казахском и русском."
HK-90084,Изуми Кертис,Фото и видеобудки,Алматы,False,True,390000,False,день рождения|юбилей,русский|казахский,5,2026-09-23|2026-09-26|2026-09-27|2026-09-28|2026-10-06|2026-10-10|2026-10-11|2026-10-15|2026-10-18|2026-10-19|2026-10-24|2026-10-27|2026-11-01|2026-11-05|2026-11-07|2026-11-17|2026-11-21|2026-11-25|2026-11-26|2026-11-27|2026-11-30|2026-12-06|2026-12-07|2026-12-10|2026-12-11|2026-12-14|2026-12-17|2026-12-19|2026-12-20|2026-12-22|2026-12-25|2026-12-28|2026-12-29|2027-01-01|2027-01-03|2027-01-04|2027-01-05|2027-01-11|2027-01-15|2027-01-18|2027-02-10|2027-02-12|2027-02-28|2027-03-01|2027-03-04|2027-03-05|2027-03-07|2027-03-13|2027-03-16|2027-03-17|2027-03-20|2027-03-22|2027-03-24|2027-03-25|2027-03-29|2027-03-30|2027-04-01|2027-04-04|2027-04-05|2027-04-08|2027-04-10|2027-04-14|2027-04-16|2027-04-23|2027-04-26|2027-05-01|2027-05-03|2027-05-11|2027-05-12|2027-05-14|2027-05-17|2027-05-18|2027-05-19|2027-05-23|2027-05-24|2027-05-29|2027-06-03|2027-06-05|2027-06-15|2027-06-22|2027-06-24|2027-06-28|2027-07-12|2027-07-13|2027-07-15|2027-07-18|2027-08-09|2027-08-10|2027-08-20|2027-08-24|2027-08-30|2027-09-02|2027-09-08|2027-09-09|2027-09-12,"Видеобудка 360, Алматы. Предлагаем GIF-анимацию. Оператор на весь вечер. Установка за 3 часа."
HK-90085,Эл Лоулайт,Подарки и сувениры,Алматы,False,True,100000,False,корпоратив|конференция|свадьба|юбилей,русский,,2026-09-23|2026-09-24|2026-09-25|2026-09-27|2026-09-28|2026-09-29|2026-10-02|2026-10-06|2026-10-07|2026-10-10|2026-10-11|2026-10-17|2026-10-20|2026-10-23|2026-10-24|2026-10-26|2026-10-31|2026-11-01|2026-11-02|2026-11-08|2026-11-09|2026-11-13|2026-11-21|2026-11-22|2026-11-25|2026-11-27|2026-11-28|2026-11-29|2026-12-01|2026-12-02|2026-12-03|2026-12-04|2026-12-05|2026-12-06|2026-12-07|2026-12-08|2026-12-10|2026-12-11|2026-12-12|2026-12-13|2026-12-15|2026-12-16|2026-12-18|2026-12-19|2026-12-20|2026-12-21|2026-12-24|2026-12-25|2026-12-26|2026-12-29|2026-12-30|2026-12-31|2027-01-07|2027-01-08|2027-01-10|2027-01-12|2027-01-16|2027-01-17|2027-01-20|2027-02-03|2027-02-04|2027-02-06|2027-02-07|2027-02-14|2027-02-15|2027-02-16|2027-02-17|2027-02-19|2027-02-20|2027-02-26|2027-02-28|2027-03-02|2027-03-04|2027-03-08|2027-03-11|2027-03-12|2027-03-13|2027-03-15|2027-03-20|2027-03-21|2027-03-22|2027-03-23|2027-03-25|2027-03-26|2027-04-01|2027-04-04|2027-04-10|2027-04-12|2027-04-13|2027-04-16|2027-04-17|2027-04-18|2027-04-26|2027-04-28|2027-04-29|2027-05-01|2027-05-02|2027-05-05|2027-05-07|2027-05-08|2027-05-09|2027-05-12|2027-05-15|2027-05-17|2027-05-18|2027-05-20|2027-05-23|2027-05-25|2027-05-26|2027-05-27|2027-05-28|2027-05-30|2027-06-02|2027-06-03|2027-06-04|2027-06-06|2027-06-07|2027-06-09|2027-06-11|2027-06-12|2027-06-18|2027-06-19|2027-06-20|2027-06-21|2027-06-22|2027-06-24|2027-06-26|2027-06-27|2027-06-30|2027-07-03|2027-07-04|2027-07-06|2027-07-07|2027-07-08|2027-07-09|2027-07-10|2027-07-11|2027-07-12|2027-07-13|2027-07-15|2027-07-16|2027-07-17|2027-07-18|2027-07-21|2027-07-23|2027-07-24|2027-07-25|2027-07-26|2027-07-29|2027-07-30|2027-07-31|2027-08-01|2027-08-04|2027-08-06|2027-08-07|2027-08-10|2027-08-11|2027-08-13|2027-08-14|2027-08-15|2027-08-16|2027-08-17|2027-08-20|2027-08-21|2027-08-22|2027-08-23|2027-08-28|2027-08-29|2027-08-30|2027-08-31|2027-09-01|2027-09-02|2027-09-03|2027-09-07|2027-09-08|2027-09-11|2027-09-12|2027-09-13|2027-09-18|2027-09-19,"Подарки и сувениры, Алматы. Делаем бонбоньерки для гостей. Срок изготовления — 4 недели. Минимальный тираж — 300 штук."
HK-90086,Ниа,Отель,Алматы,False,True,4800000,False,корпоратив|юбилей,русский,10,2026-09-26|2026-09-27|2026-09-29|2026-10-01|2026-10-02|2026-10-07|2026-10-11|2026-10-24|2026-10-25|2026-10-26|2026-11-02|2026-11-03|2026-11-04|2026-11-06|2026-11-07|2026-11-09|2026-11-12|2026-11-13|2026-11-20|2026-11-29|2026-12-04|2026-12-05|2026-12-08|2026-12-09|2026-12-10|2026-12-11|2026-12-12|2026-12-13|2026-12-14|2026-12-15|2026-12-17|2026-12-18|2026-12-19|2026-12-23|2026-12-24|2026-12-26|2026-12-29|2026-12-30|2026-12-31|2027-01-03|2027-01-04|2027-01-15|2027-01-18|2027-02-06|2027-02-08|2027-02-12|2027-02-23|2027-02-26|2027-03-04|2027-03-06|2027-03-08|2027-03-09|2027-03-13|2027-03-15|2027-03-19|2027-03-20|2027-03-21|2027-03-22|2027-03-23|2027-03-24|2027-03-26|2027-03-30|2027-03-31|2027-04-04|2027-04-05|2027-04-08|2027-04-09|2027-04-11|2027-04-12|2027-04-13|2027-04-14|2027-04-16|2027-04-19|2027-04-22|2027-04-26|2027-04-30|2027-05-02|2027-05-03|2027-05-06|2027-05-10|2027-05-27|2027-05-28|2027-05-31|2027-06-01|2027-06-03|2027-06-07|2027-06-10|2027-06-21|2027-06-25|2027-06-27|2027-07-05|2027-07-06|2027-07-12|2027-07-13|2027-07-22|2027-08-03|2027-08-09|2027-08-10|2027-08-18|2027-08-23|2027-08-27|2027-09-06|2027-09-08|2027-09-13|2027-09-15|2027-09-20|2027-09-21,Бизнес-отель на Аль-Фараби. Есть банкетный зал и терраса. Синхронный перевод по запросу. Номер молодожёнам в подарок.
HK-90087,Мелло,Отель|Банкетный зал,Алматы,False,True,4500000,False,конференция|корпоратив,русский|казахский,11,2026-09-23|2026-09-26|2026-10-03|2026-10-04|2026-10-06|2026-10-07|2026-10-09|2026-10-13|2026-10-17|2026-10-18|2026-10-19|2026-10-21|2026-10-23|2026-10-25|2026-10-26|2026-10-29|2026-10-31|2026-11-03|2026-11-04|2026-11-06|2026-11-09|2026-11-12|2026-11-13|2026-11-16|2026-11-20|2026-11-21|2026-11-23|2026-12-03|2026-12-05|2026-12-06|2026-12-12|2026-12-13|2026-12-14|2026-12-15|2026-12-16|2026-12-20|2026-12-21|2026-12-23|2026-12-25|2026-12-31|2027-01-03|2027-01-22|2027-02-05|2027-02-06|2027-02-07|2027-02-11|2027-02-23|2027-02-24|2027-02-25|2027-03-05|2027-03-07|2027-03-11|2027-03-13|2027-03-18|2027-03-22|2027-03-23|2027-03-24|2027-04-04|2027-04-07|2027-04-08|2027-04-09|2027-04-10|2027-04-11|2027-04-12|2027-04-23|2027-04-24|2027-04-26|2027-04-27|2027-04-28|2027-05-02|2027-05-18|2027-05-19|2027-05-20|2027-05-26|2027-05-31|2027-06-01|2027-06-02|2027-06-03|2027-06-09|2027-06-15|2027-06-16|2027-06-27|2027-06-29|2027-06-30|2027-07-01|2027-07-03|2027-07-06|2027-07-13|2027-07-14|2027-07-17|2027-07-20|2027-08-09|2027-08-25|2027-08-30|2027-09-04|2027-09-14|2027-09-17|2027-09-19|2027-09-20,Загородный отель у подножия гор. Есть банкетный зал и терраса. Синхронный перевод по запросу. Номер молодожёнам в подарок.
HK-90088,Тота Мацуда,Инструменталист,Алматы,False,True,550000,False,свадьба|юбилей|корпоратив,русский,3,2026-09-24|2026-09-27|2026-09-28|2026-09-30|2026-10-02|2026-10-03|2026-10-09|2026-10-11|2026-10-13|2026-10-16|2026-10-20|2026-10-21|2026-10-22|2026-10-23|2026-10-24|2026-10-25|2026-10-26|2026-10-31|2026-11-02|2026-11-04|2026-11-05|2026-11-06|2026-11-10|2026-11-14|2026-11-15|2026-11-17|2026-11-19|2026-11-21|2026-11-23|2026-11-27|2026-11-28|2026-12-01|2026-12-02|2026-12-03|2026-12-04|2026-12-06|2026-12-07|2026-12-08|2026-12-09|2026-12-10|2026-12-11|2026-12-12|2026-12-13|2026-12-14|2026-12-15|2026-12-16|2026-12-17|2026-12-18|2026-12-19|2026-12-20|2026-12-21|2026-12-22|2026-12-23|2026-12-24|2026-12-25|2026-12-26|2026-12-27|2026-12-28|2026-12-29|2026-12-30|2026-12-31|2027-01-01|2027-01-02|2027-01-06|2027-01-08|2027-01-13|2027-01-15|2027-01-17|2027-01-18|2027-01-19|2027-01-21|2027-01-23|2027-02-02|2027-02-08|2027-02-10|2027-02-11|2027-02-12|2027-02-13|2027-02-14|2027-02-16|2027-02-17|2027-02-19|2027-02-20|2027-02-23|2027-02-28|2027-03-05|2027-03-06|2027-03-08|2027-03-14|2027-03-16|2027-03-19|2027-03-20|2027-03-21|2027-03-22|2027-03-23|2027-03-28|2027-03-29|2027-04-01|2027-04-07|2027-04-09|2027-04-11|2027-04-12|2027-04-13|2027-04-14|2027-04-15|2027-04-21|2027-04-23|2027-04-25|2027-04-28|2027-05-01|2027-05-02|2027-05-05|2027-05-06|2027-05-08|2027-05-09|2027-05-10|2027-05-12|2027-05-13|2027-05-15|2027-05-16|2027-05-19|2027-05-23|2027-05-26|2027-05-28|2027-05-29|2027-05-30|2027-06-03|2027-06-04|2027-06-05|2027-06-11|2027-06-12|2027-06-13|2027-06-17|2027-06-18|2027-06-19|2027-06-20|2027-06-22|2027-06-23|2027-06-25|2027-06-26|2027-06-27|2027-06-29|2027-07-01|2027-07-02|2027-07-03|2027-07-04|2027-07-06|2027-07-09|2027-07-10|2027-07-11|2027-07-13|2027-07-16|2027-07-17|2027-07-18|2027-07-21|2027-07-23|2027-07-24|2027-07-25|2027-07-26|2027-07-28|2027-07-30|2027-07-31|2027-08-01|2027-08-02|2027-08-04|2027-08-06|2027-08-07|2027-08-08|2027-08-13|2027-08-14|2027-08-15|2027-08-16|2027-08-19|2027-08-20|2027-08-21|2027-08-22|2027-08-24|2027-08-25|2027-08-26|2027-08-27|2027-08-28|2027-08-29|2027-08-30|2027-09-01|2027-09-03|2027-09-04|2027-09-05|2027-09-11|2027-09-12|2027-09-16|2027-09-18|2027-09-20|2027-09-21|2027-09-22,"Инструменталист, Алматы. Играю на фортепиано. Свой звук. Играю на регистрациях и фуршетах."
HK-90089,Юта Оккоцу,Ведущий,Астана,False,True,700000,False,свадьба|той|конференция|юбилей,русский|казахский,4,2026-09-25|2026-09-28|2026-09-30|2026-10-02|2026-10-04|2026-10-08|2026-10-10|2026-10-11|2026-10-12|2026-10-16|2026-10-17|2026-10-19|2026-10-22|2026-11-01|2026-11-03|2026-11-05|2026-11-06|2026-11-07|2026-11-08|2026-11-09|2026-11-11|2026-11-13|2026-11-15|2026-11-16|2026-11-22|2026-11-25|2026-11-26|2026-11-28|2026-11-29|2026-12-03|2026-12-04|2026-12-05|2026-12-06|2026-12-07|2026-12-09|2026-12-10|2026-12-12|2026-12-13|2026-12-14|2026-12-15|2026-12-16|2026-12-19|2026-12-20|2026-12-21|2026-12-24|2026-12-25|2026-12-26|2026-12-27|2026-12-28|2026-12-29|2026-12-30|2026-12-31|2027-01-01|2027-01-03|2027-01-06|2027-01-09|2027-01-27|2027-02-03|2027-02-05|2027-02-08|2027-02-11|2027-02-13|2027-02-19|2027-02-22|2027-02-23|2027-03-04|2027-03-06|2027-03-08|2027-03-10|2027-03-11|2027-03-13|2027-03-15|2027-03-19|2027-03-20|2027-03-21|2027-03-22|2027-03-23|2027-03-24|2027-03-25|2027-03-26|2027-04-03|2027-04-13|2027-04-18|2027-04-24|2027-04-25|2027-04-30|2027-05-02|2027-05-08|2027-05-09|2027-05-10|2027-05-22|2027-06-04|2027-06-06|2027-06-08|2027-06-11|2027-06-13|2027-06-17|2027-06-18|2027-06-19|2027-06-22|2027-06-26|2027-06-27|2027-06-29|2027-07-01|2027-07-02|2027-07-04|2027-07-05|2027-07-06|2027-07-08|2027-07-10|2027-07-11|2027-07-13|2027-07-16|2027-07-17|2027-07-18|2027-07-22|2027-07-23|2027-07-24|2027-07-25|2027-07-26|2027-07-30|2027-07-31|2027-08-01|2027-08-02|2027-08-06|2027-08-07|2027-08-09|2027-08-15|2027-08-16|2027-08-20|2027-08-21|2027-08-24|2027-08-26|2027-08-28|2027-08-30|2027-09-02|2027-09-04|2027-09-06|2027-09-07|2027-09-08|2027-09-11|2027-09-12|2027-09-16|2027-09-18|2027-09-22,"Ведущая свадеб и юбилеев, 8 лет на сцене, Астана. Стиль — интеллигентный и спокойный, без затянутых конкурсов. Провожу интерактивы с гостями всех возрастов. Работаю в паре с диджеем, сценарий согласовываем за 5 дня. Веду на казахском и русском."
HK-90090,Маки Дзэнин,Ведущий,Астана,False,True,1400000,False,свадьба|корпоратив|конференция|юбилей,русский,3,2026-09-24|2026-09-26|2026-10-02|2026-10-03|2026-10-05|2026-10-07|2026-10-09|2026-10-14|2026-10-15|2026-10-17|2026-10-19|2026-10-21|2026-10-24|2026-10-25|2026-10-27|2026-10-31|2026-11-05|2026-11-06|2026-11-08|2026-11-11|2026-11-14|2026-11-16|2026-11-20|2026-11-27|2026-11-28|2026-12-06|2026-12-07|2026-12-11|2026-12-12|2026-12-13|2026-12-14|2026-12-16|2026-12-18|2026-12-19|2026-12-21|2026-12-23|2026-12-24|2026-12-25|2026-12-26|2026-12-27|2026-12-29|2026-12-30|2026-12-31|2027-01-02|2027-01-10|2027-01-14|2027-01-18|2027-01-19|2027-01-20|2027-01-22|2027-01-24|2027-01-25|2027-02-07|2027-02-13|2027-02-14|2027-02-15|2027-02-16|2027-02-23|2027-02-26|2027-02-27|2027-03-07|2027-03-08|2027-03-11|2027-03-12|2027-03-15|2027-03-16|2027-03-18|2027-03-19|2027-03-21|2027-03-23|2027-03-24|2027-03-27|2027-03-29|2027-03-30|2027-04-05|2027-04-08|2027-04-09|2027-04-10|2027-04-12|2027-04-13|2027-04-16|2027-04-17|2027-04-18|2027-04-22|2027-04-24|2027-04-25|2027-04-29|2027-05-01|2027-05-02|2027-05-04|2027-05-12|2027-05-15|2027-05-21|2027-05-22|2027-05-23|2027-05-28|2027-05-29|2027-05-30|2027-05-31|2027-06-01|2027-06-03|2027-06-05|2027-06-06|2027-06-07|2027-06-08|2027-06-09|2027-06-10|2027-06-11|2027-06-12|2027-06-13|2027-06-14|2027-06-16|2027-06-19|2027-06-20|2027-06-22|2027-06-25|2027-06-27|2027-07-03|2027-07-04|2027-07-05|2027-07-06|2027-07-07|2027-07-09|2027-07-11|2027-07-15|2027-07-16|2027-07-20|2027-07-21|2027-07-22|2027-07-23|2027-07-24|2027-07-25|2027-07-26|2027-07-30|2027-07-31|2027-08-01|2027-08-04|2027-08-05|2027-08-07|2027-08-08|2027-08-11|2027-08-13|2027-08-14|2027-08-15|2027-08-16|2027-08-18|2027-08-19|2027-08-20|2027-08-21|2027-08-22|2027-08-24|2027-08-26|2027-08-28|2027-08-29|2027-08-31|2027-09-01|2027-09-02|2027-09-04|2027-09-06|2027-09-09|2027-09-10|2027-09-11|2027-09-12|2027-09-16|2027-09-19|2027-09-20|2027-09-22,"Ведущая свадеб и юбилеев, 12 лет на сцене, Астана. Стиль ведения — деловой, с чётким таймингом. Провожу интерактивы с гостями всех возрастов. Есть свой звук на 300 гостей для выездных форматов."
HK-90091,Тогэ Инумаки,Ведущий,Астана,False,True,1800000,False,юбилей|день рождения,русский,7,2026-09-24|2026-09-28|2026-10-04|2026-10-06|2026-10-08|2026-10-09|2026-10-10|2026-10-11|2026-10-15|2026-10-17|2026-10-18|2026-10-20|2026-10-23|2026-10-24|2026-10-26|2026-10-27|2026-10-28|2026-11-06|2026-11-07|2026-11-11|2026-11-14|2026-11-16|2026-11-20|2026-11-21|2026-11-25|2026-11-26|2026-11-27|2026-11-28|2026-12-01|2026-12-02|2026-12-03|2026-12-04|2026-12-05|2026-12-06|2026-12-07|2026-12-08|2026-12-09|2026-12-10|2026-12-11|2026-12-12|2026-12-15|2026-12-16|2026-12-17|2026-12-18|2026-12-19|2026-12-21|2026-12-22|2026-12-23|2026-12-24|2026-12-25|2026-12-26|2026-12-27|2026-12-28|2026-12-29|2026-12-30|2026-12-31|2027-01-01|2027-01-03|2027-01-06|2027-01-15|2027-01-16|2027-01-21|2027-01-28|2027-01-29|2027-01-31|2027-02-01|2027-02-04|2027-02-09|2027-02-10|2027-02-15|2027-02-16|2027-02-18|2027-02-19|2027-02-24|2027-02-25|2027-02-26|2027-03-07|2027-03-08|2027-03-10|2027-03-11|2027-03-12|2027-03-16|2027-03-17|2027-03-18|2027-03-19|2027-03-20|2027-03-21|2027-03-22|2027-03-23|2027-03-26|2027-03-29|2027-03-30|2027-04-01|2027-04-02|2027-04-06|2027-04-07|2027-04-08|2027-04-09|2027-04-15|2027-04-17|2027-04-18|2027-04-25|2027-04-26|2027-04-27|2027-04-28|2027-05-05|2027-05-06|2027-05-12|2027-05-13|2027-05-14|2027-05-17|2027-05-20|2027-05-24|2027-05-25|2027-05-26|2027-05-27|2027-05-28|2027-05-31|2027-06-01|2027-06-08|2027-06-10|2027-06-13|2027-06-14|2027-06-15|2027-06-19|2027-06-22|2027-06-23|2027-06-29|2027-06-30|2027-07-06|2027-07-08|2027-07-09|2027-07-19|2027-08-01|2027-08-06|2027-08-09|2027-08-11|2027-08-12|2027-08-17|2027-08-25|2027-08-30|2027-08-31|2027-09-03|2027-09-04|2027-09-06|2027-09-07|2027-09-09|2027-09-16|2027-09-20|2027-09-22,"Ведущая с актёрским образованием, работаю 14 лет, Астана. Стиль — с лёгким юмором, без пошлости, без затянутых конкурсов. Лучше всего чувствую залы на 150 гостей. Есть свой звук на 150 гостей для выездных форматов."
HK-90092,Кэнто Нанами,Ведущий,Астана,False,True,1000000,False,той|корпоратив|юбилей|день рождения,русский|казахский,6,2026-09-24|2026-09-27|2026-10-02|2026-10-03|2026-10-04|2026-10-11|2026-10-16|2026-10-17|2026-10-18|2026-10-20|2026-10-21|2026-10-22|2026-10-27|2026-10-31|2026-11-05|2026-11-06|2026-11-07|2026-11-08|2026-11-09|2026-11-12|2026-11-14|2026-11-20|2026-11-23|2026-11-25|2026-11-26|2026-11-27|2026-11-28|2026-11-29|2026-12-04|2026-12-07|2026-12-08|2026-12-09|2026-12-10|2026-12-11|2026-12-12|2026-12-15|2026-12-16|2026-12-17|2026-12-19|2026-12-20|2026-12-24|2026-12-26|2026-12-27|2026-12-29|2026-12-31|2027-01-07|2027-01-20|2027-01-24|2027-01-27|2027-01-29|2027-02-01|2027-02-02|2027-02-06|2027-02-09|2027-02-27|2027-03-02|2027-03-03|2027-03-04|2027-03-07|2027-03-08|2027-03-10|2027-03-13|2027-03-14|2027-03-15|2027-03-22|2027-03-23|2027-03-24|2027-03-26|2027-03-31|2027-04-03|2027-04-07|2027-04-12|2027-04-17|2027-04-18|2027-04-20|2027-04-24|2027-04-27|2027-05-02|2027-05-08|2027-05-09|2027-05-13|2027-05-15|2027-05-16|2027-05-17|2027-05-20|2027-05-22|2027-05-25|2027-05-26|2027-06-05|2027-06-06|2027-06-09|2027-06-10|2027-06-11|2027-06-12|2027-06-15|2027-06-16|2027-06-18|2027-06-20|2027-06-24|2027-06-25|2027-06-26|2027-06-30|2027-07-02|2027-07-03|2027-07-05|2027-07-06|2027-07-07|2027-07-10|2027-07-11|2027-07-12|2027-07-17|2027-07-19|2027-07-25|2027-07-28|2027-07-30|2027-08-05|2027-08-06|2027-08-08|2027-08-13|2027-08-14|2027-08-15|2027-08-21|2027-08-22|2027-08-27|2027-08-28|2027-08-29|2027-08-30|2027-08-31|2027-09-04|2027-09-05|2027-09-08|2027-09-09|2027-09-14|2027-09-16|2027-09-19|2027-09-21,"Ведущий деловых и праздничных событий, стаж 7 лет, Астана. Стиль — интеллигентный и спокойный, без затянутых конкурсов. Помогаю составить тайминг и очередь тостов. Лучше всего чувствую залы на 250 гостей. Веду на казахском и русском."
HK-90093,Сёко Иэйри,Ведущий,Астана,False,True,450000,False,той|корпоратив|конференция|юбилей|день рождения,русский|казахский,7,2026-09-25|2026-09-27|2026-10-02|2026-10-03|2026-10-04|2026-10-07|2026-10-08|2026-10-09|2026-10-10|2026-10-14|2026-10-15|2026-10-16|2026-10-19|2026-10-20|2026-10-23|2026-10-24|2026-10-29|2026-10-31|2026-11-01|2026-11-04|2026-11-07|2026-11-08|2026-11-09|2026-11-14|2026-11-18|2026-11-20|2026-11-21|2026-11-22|2026-11-24|2026-11-27|2026-11-28|2026-12-02|2026-12-03|2026-12-04|2026-12-05|2026-12-06|2026-12-07|2026-12-08|2026-12-09|2026-12-11|2026-12-12|2026-12-13|2026-12-14|2026-12-15|2026-12-16|2026-12-18|2026-12-19|2026-12-20|2026-12-22|2026-12-23|2026-12-24|2026-12-25|2026-12-26|2026-12-27|2026-12-29|2026-12-31|2027-01-01|2027-01-02|2027-01-03|2027-01-04|2027-01-09|2027-01-11|2027-01-12|2027-01-13|2027-01-18|2027-01-20|2027-01-21|2027-01-24|2027-01-29|2027-02-01|2027-02-03|2027-02-05|2027-02-08|2027-02-11|2027-02-14|2027-02-16|2027-02-19|2027-03-01|2027-03-02|2027-03-04|2027-03-06|2027-03-07|2027-03-15|2027-03-19|2027-03-20|2027-03-21|2027-03-23|2027-03-24|2027-03-27|2027-03-29|2027-03-31|2027-04-01|2027-04-09|2027-04-10|2027-04-11|2027-04-13|2027-04-16|2027-04-17|2027-04-18|2027-04-20|2027-04-22|2027-04-27|2027-04-29|2027-05-01|2027-05-02|2027-05-03|2027-05-04|2027-05-05|2027-05-08|2027-05-11|2027-05-17|2027-05-25|2027-05-31|2027-06-03|2027-06-04|2027-06-05|2027-06-06|2027-06-07|2027-06-08|2027-06-09|2027-06-11|2027-06-12|2027-06-13|2027-06-14|2027-06-18|2027-06-20|2027-06-21|2027-06-22|2027-06-24|2027-06-25|2027-06-26|2027-06-27|2027-06-28|2027-06-29|2027-07-02|2027-07-03|2027-07-04|2027-07-05|2027-07-09|2027-07-10|2027-07-12|2027-07-16|2027-07-17|2027-07-18|2027-07-19|2027-07-23|2027-07-24|2027-07-27|2027-07-29|2027-07-30|2027-08-01|2027-08-05|2027-08-06|2027-08-07|2027-08-08|2027-08-09|2027-08-12|2027-08-13|2027-08-14|2027-08-15|2027-08-16|2027-08-17|2027-08-18|2027-08-20|2027-08-21|2027-08-22|2027-08-23|2027-08-27|2027-08-28|2027-08-29|2027-08-30|2027-09-04|2027-09-05|2027-09-06|2027-09-12|2027-09-16|2027-09-18|2027-09-21|2027-09-22,"Ведущая свадеб и юбилеев, 13 лет на сцене, Астана. Стиль — с лёгким юмором, без пошлости, без затянутых конкурсов. Работаю в паре с диджеем, сценарий согласовываем за 2 дня. Помогаю составить тайминг и очередь тостов. Веду на казахском и русском."
HK-90094,Кёджуро Ренгоку,Ведущий,Астана,False,True,950000,False,свадьба|той|конференция|юбилей|день рождения,русский|казахский|английский,8,2026-09-24|2026-09-28|2026-09-30|2026-10-08|2026-10-10|2026-10-11|2026-10-15|2026-10-16|2026-10-17|2026-10-19|2026-10-22|2026-10-23|2026-10-24|2026-10-26|2026-10-27|2026-10-28|2026-10-29|2026-10-31|2026-11-05|2026-11-07|2026-11-08|2026-11-09|2026-11-13|2026-11-19|2026-11-21|2026-11-22|2026-11-24|2026-11-25|2026-11-26|2026-12-02|2026-12-03|2026-12-04|2026-12-06|2026-12-07|2026-12-09|2026-12-10|2026-12-11|2026-12-12|2026-12-13|2026-12-14|2026-12-16|2026-12-18|2026-12-20|2026-12-23|2026-12-24|2026-12-26|2026-12-28|2026-12-29|2026-12-30|2026-12-31|2027-01-02|2027-01-03|2027-01-05|2027-01-09|2027-01-12|2027-01-14|2027-01-16|2027-01-17|2027-01-19|2027-01-23|2027-01-27|2027-02-06|2027-02-08|2027-02-09|2027-02-12|2027-02-14|2027-02-18|2027-02-28|2027-03-04|2027-03-07|2027-03-13|2027-03-16|2027-03-17|2027-03-18|2027-03-20|2027-03-21|2027-03-22|2027-03-23|2027-03-28|2027-03-30|2027-04-03|2027-04-04|2027-04-06|2027-04-11|2027-04-13|2027-04-17|2027-04-22|2027-04-23|2027-04-26|2027-05-01|2027-05-02|2027-05-04|2027-05-08|2027-05-09|2027-05-13|2027-05-15|2027-05-16|2027-05-18|2027-05-20|2027-05-22|2027-05-29|2027-05-30|2027-06-01|2027-06-04|2027-06-05|2027-06-06|2027-06-07|2027-06-12|2027-06-13|2027-06-14|2027-06-17|2027-06-18|2027-06-19|2027-06-20|2027-06-25|2027-06-26|2027-06-27|2027-06-28|2027-06-30|2027-07-02|2027-07-03|2027-07-04|2027-07-05|2027-07-06|2027-07-07|2027-07-09|2027-07-10|2027-07-11|2027-07-12|2027-07-16|2027-07-17|2027-07-23|2027-07-24|2027-07-25|2027-07-28|2027-07-30|2027-07-31|2027-08-01|2027-08-06|2027-08-07|2027-08-09|2027-08-10|2027-08-12|2027-08-14|2027-08-15|2027-08-18|2027-08-19|2027-08-21|2027-08-22|2027-08-27|2027-08-29|2027-08-30|2027-09-04|2027-09-05|2027-09-06|2027-09-07|2027-09-08|2027-09-10|2027-09-11|2027-09-12|2027-09-15|2027-09-17|2027-09-18|2027-09-20,"Ведущая с актёрским образованием, работаю 8 лет, Астана. Стиль ведения — интеллигентный и спокойный. Работаю в паре с диджеем, сценарий согласовываем за 4 дня. Есть свой звук на 400 гостей для выездных форматов. Веду на казахском и русском. Работаю с англоязычными гостями."
HK-90095,Гию Томиока,Ведущий,Астана,False,True,1500000,False,свадьба|той|конференция|юбилей|день рождения,русский|английский|казахский,10,2026-09-24|2026-09-25|2026-09-26|2026-09-27|2026-10-03|2026-10-07|2026-10-08|2026-10-09|2026-10-10|2026-10-12|2026-10-16|2026-10-17|2026-10-22|2026-10-24|2026-10-26|2026-10-29|2026-11-01|2026-11-05|2026-11-07|2026-11-09|2026-11-12|2026-11-14|2026-11-24|2026-11-25|2026-12-01|2026-12-02|2026-12-04|2026-12-05|2026-12-12|2026-12-13|2026-12-16|2026-12-19|2026-12-21|2026-12-22|2026-12-23|2026-12-24|2026-12-25|2026-12-26|2026-12-28|2026-12-30|2026-12-31|2027-01-01|2027-01-02|2027-01-03|2027-01-07|2027-01-16|2027-01-29|2027-01-30|2027-01-31|2027-02-10|2027-02-21|2027-03-02|2027-03-08|2027-03-13|2027-03-14|2027-03-20|2027-03-21|2027-03-23|2027-04-04|2027-04-10|2027-04-14|2027-04-20|2027-04-26|2027-04-28|2027-04-30|2027-05-02|2027-05-05|2027-05-08|2027-05-09|2027-05-10|2027-05-11|2027-05-14|2027-05-15|2027-05-18|2027-05-19|2027-05-29|2027-05-31|2027-06-01|2027-06-02|2027-06-04|2027-06-05|2027-06-06|2027-06-07|2027-06-08|2027-06-11|2027-06-12|2027-06-16|2027-06-18|2027-06-19|2027-06-20|2027-06-21|2027-06-22|2027-06-23|2027-06-24|2027-06-25|2027-06-26|2027-06-27|2027-06-28|2027-06-30|2027-07-02|2027-07-03|2027-07-04|2027-07-07|2027-07-08|2027-07-09|2027-07-11|2027-07-14|2027-07-16|2027-07-17|2027-07-23|2027-07-24|2027-07-25|2027-07-26|2027-07-28|2027-07-30|2027-07-31|2027-08-02|2027-08-03|2027-08-05|2027-08-07|2027-08-08|2027-08-13|2027-08-18|2027-08-19|2027-08-22|2027-08-23|2027-08-26|2027-08-28|2027-08-29|2027-09-04|2027-09-10|2027-09-11|2027-09-12|2027-09-19,"Ведущий деловых и праздничных событий, стаж 11 лет, Астана. Стиль ведения — тёплый, семейный. Работаю в паре с диджеем, сценарий согласовываем за 2 дня. Лучше всего чувствую залы на 150 гостей. Веду на казахском и русском. Работаю с англоязычными гостями."
HK-90096,Тэнгэн Узуй,Ведущий,Астана,False,True,1250000,False,той|юбилей,русский|казахский|английский,6,2026-09-24|2026-09-26|2026-09-28|2026-09-30|2026-10-02|2026-10-03|2026-10-08|2026-10-10|2026-10-12|2026-10-15|2026-10-21|2026-10-22|2026-10-24|2026-10-25|2026-10-26|2026-10-27|2026-11-01|2026-11-04|2026-11-06|2026-11-07|2026-11-08|2026-11-11|2026-11-12|2026-11-14|2026-11-15|2026-11-16|2026-11-17|2026-11-20|2026-11-22|2026-11-24|2026-11-25|2026-11-27|2026-11-30|2026-12-02|2026-12-03|2026-12-04|2026-12-05|2026-12-06|2026-12-07|2026-12-08|2026-12-09|2026-12-10|2026-12-11|2026-12-12|2026-12-13|2026-12-15|2026-12-16|2026-12-18|2026-12-19|2026-12-20|2026-12-21|2026-12-22|2026-12-23|2026-12-24|2026-12-25|2026-12-26|2026-12-27|2026-12-29|2026-12-30|2026-12-31|2027-01-02|2027-01-03|2027-01-06|2027-01-07|2027-01-09|2027-01-10|2027-01-14|2027-01-16|2027-01-21|2027-01-25|2027-01-26|2027-02-02|2027-02-06|2027-02-07|2027-02-09|2027-02-11|2027-02-12|2027-02-13|2027-02-16|2027-02-22|2027-02-24|2027-02-28|2027-03-01|2027-03-03|2027-03-04|2027-03-05|2027-03-07|2027-03-08|2027-03-09|2027-03-12|2027-03-15|2027-03-16|2027-03-17|2027-03-18|2027-03-20|2027-03-21|2027-03-23|2027-03-24|2027-03-28|2027-03-30|2027-04-02|2027-04-03|2027-04-04|2027-04-09|2027-04-10|2027-04-11|2027-04-13|2027-04-14|2027-04-17|2027-04-21|2027-04-28|2027-04-29|2027-04-30|2027-05-04|2027-05-05|2027-05-08|2027-05-09|2027-05-10|2027-05-13|2027-05-14|2027-05-15|2027-05-16|2027-05-18|2027-05-22|2027-05-23|2027-05-24|2027-05-27|2027-05-28|2027-05-30|2027-06-01|2027-06-03|2027-06-04|2027-06-05|2027-06-06|2027-06-07|2027-06-11|2027-06-12|2027-06-13|2027-06-14|2027-06-16|2027-06-18|2027-06-19|2027-06-20|2027-06-23|2027-06-25|2027-06-28|2027-06-29|2027-06-30|2027-07-02|2027-07-03|2027-07-04|2027-07-06|2027-07-07|2027-07-09|2027-07-11|2027-07-12|2027-07-13|2027-07-15|2027-07-16|2027-07-17|2027-07-20|2027-07-21|2027-07-23|2027-07-25|2027-07-27|2027-07-29|2027-07-30|2027-07-31|2027-08-01|2027-08-07|2027-08-08|2027-08-09|2027-08-10|2027-08-11|2027-08-13|2027-08-14|2027-08-15|2027-08-16|2027-08-17|2027-08-20|2027-08-21|2027-08-22|2027-08-25|2027-08-26|2027-08-27|2027-08-29|2027-08-31|2027-09-03|2027-09-04|2027-09-05|2027-09-06|2027-09-09|2027-09-10|2027-09-12|2027-09-15|2027-09-16|2027-09-19,"Ведущая с актёрским образованием, работаю 6 лет, Астана. Стиль — с лёгким юмором, без пошлости, без затянутых конкурсов. Есть свой звук на 200 гостей для выездных форматов. Помогаю составить тайминг и очередь тостов. Веду на казахском и русском. Работаю с англоязычными гостями."
HK-90097,Канао Цуюри,Ведущий,Астана,False,True,1350000,False,той|корпоратив|конференция,русский|казахский|английский,7,2026-09-24|2026-09-26|2026-09-28|2026-10-01|2026-10-02|2026-10-04|2026-10-07|2026-10-11|2026-10-12|2026-10-14|2026-10-16|2026-10-18|2026-10-19|2026-10-20|2026-10-21|2026-10-25|2026-10-31|2026-11-02|2026-11-03|2026-11-04|2026-11-07|2026-11-08|2026-11-12|2026-11-14|2026-11-15|2026-11-19|2026-11-20|2026-11-21|2026-11-26|2026-11-28|2026-11-30|2026-12-02|2026-12-03|2026-12-04|2026-12-05|2026-12-06|2026-12-07|2026-12-08|2026-12-10|2026-12-12|2026-12-13|2026-12-14|2026-12-15|2026-12-16|2026-12-17|2026-12-18|2026-12-19|2026-12-20|2026-12-21|2026-12-23|2026-12-24|2026-12-25|2026-12-26|2026-12-28|2026-12-29|2026-12-30|2026-12-31|2027-01-01|2027-01-03|2027-01-04|2027-01-05|2027-01-09|2027-01-10|2027-01-23|2027-01-24|2027-01-27|2027-01-31|2027-02-01|2027-02-06|2027-02-10|2027-02-11|2027-02-12|2027-02-14|2027-02-17|2027-02-18|2027-02-20|2027-02-24|2027-02-26|2027-02-28|2027-03-03|2027-03-07|2027-03-13|2027-03-16|2027-03-21|2027-03-22|2027-03-24|2027-03-25|2027-03-26|2027-03-27|2027-03-28|2027-03-29|2027-03-30|2027-04-03|2027-04-05|2027-04-09|2027-04-10|2027-04-17|2027-04-18|2027-04-20|2027-04-24|2027-04-25|2027-04-27|2027-04-28|2027-05-01|2027-05-02|2027-05-06|2027-05-07|2027-05-08|2027-05-09|2027-05-10|2027-05-19|2027-05-21|2027-05-22|2027-05-25|2027-05-26|2027-05-27|2027-05-28|2027-06-01|2027-06-04|2027-06-07|2027-06-08|2027-06-09|2027-06-11|2027-06-12|2027-06-13|2027-06-14|2027-06-15|2027-06-17|2027-06-19|2027-06-25|2027-06-26|2027-06-27|2027-06-28|2027-07-02|2027-07-03|2027-07-04|2027-07-06|2027-07-09|2027-07-10|2027-07-11|2027-07-16|2027-07-17|2027-07-18|2027-07-19|2027-07-21|2027-07-22|2027-07-23|2027-07-24|2027-07-25|2027-07-27|2027-07-28|2027-07-30|2027-07-31|2027-08-01|2027-08-03|2027-08-06|2027-08-07|2027-08-09|2027-08-13|2027-08-14|2027-08-15|2027-08-16|2027-08-17|2027-08-20|2027-08-21|2027-08-22|2027-08-24|2027-08-27|2027-08-28|2027-08-29|2027-08-30|2027-09-01|2027-09-02|2027-09-03|2027-09-05|2027-09-09|2027-09-12|2027-09-13|2027-09-17|2027-09-18|2027-09-19,"Ведущий с опытом 14 лет, Астана. Стиль ведения — энергичный, с импровизацией. Помогаю составить тайминг и очередь тостов. Работаю в паре с диджеем, сценарий согласовываем за 3 дня. Веду на казахском и русском. Работаю с англоязычными гостями."
HK-90098,Гёмей Химеджима,Фотограф,Астана,False,True,370000,False,свадьба|той|корпоратив|юбилей|день рождения,русский|казахский,9,2026-09-29|2026-10-05|2026-10-06|2026-10-08|2026-10-09|2026-10-11|2026-10-12|2026-10-15|2026-10-21|2026-10-25|2026-10-30|2026-10-31|2026-11-02|2026-11-03|2026-11-07|2026-11-08|2026-11-20|2026-11-21|2026-11-23|2026-11-27|2026-12-01|2026-12-03|2026-12-04|2026-12-06|2026-12-07|2026-12-08|2026-12-09|2026-12-11|2026-12-12|2026-12-13|2026-12-14|2026-12-15|2026-12-18|2026-12-21|2026-12-22|2026-12-23|2026-12-25|2026-12-27|2026-12-28|2026-12-29|2026-12-31|2027-01-01|2027-01-11|2027-01-14|2027-01-26|2027-01-29|2027-02-02|2027-02-04|2027-02-06|2027-02-08|2027-02-13|2027-02-14|2027-02-15|2027-02-16|2027-02-22|2027-02-25|2027-03-06|2027-03-15|2027-03-17|2027-03-20|2027-03-21|2027-03-22|2027-03-23|2027-03-25|2027-03-26|2027-03-27|2027-04-01|2027-04-02|2027-04-03|2027-04-21|2027-04-22|2027-04-23|2027-05-01|2027-05-02|2027-05-05|2027-05-09|2027-05-18|2027-05-19|2027-05-22|2027-05-23|2027-05-29|2027-06-04|2027-06-05|2027-06-06|2027-06-07|2027-06-09|2027-06-10|2027-06-13|2027-06-18|2027-06-19|2027-06-20|2027-06-22|2027-06-26|2027-07-02|2027-07-03|2027-07-06|2027-07-07|2027-07-10|2027-07-12|2027-07-17|2027-07-18|2027-07-21|2027-07-29|2027-07-31|2027-08-01|2027-08-02|2027-08-03|2027-08-04|2027-08-05|2027-08-06|2027-08-07|2027-08-08|2027-08-09|2027-08-10|2027-08-11|2027-08-13|2027-08-14|2027-08-15|2027-08-20|2027-08-22|2027-08-23|2027-08-24|2027-08-25|2027-08-29|2027-08-30|2027-09-03|2027-09-04|2027-09-05|2027-09-06|2027-09-10|2027-09-11|2027-09-12|2027-09-13|2027-09-14|2027-09-18|2027-09-21,"Фотограф с классической школой постановки, Астана. Стиль съёмки — живой репортаж без позирования. Снимаю в тёмных залах со вспышкой. Снимаю с дрона, если площадка разрешает."
HK-90099,Обанай Игуро,Фотограф|Видеограф,Астана,False,True,470000,False,той|юбилей,русский|казахский,5,2026-09-24|2026-09-25|2026-09-27|2026-09-29|2026-10-02|2026-10-06|2026-10-09|2026-10-11|2026-10-13|2026-10-17|2026-10-22|2026-10-28|2026-11-02|2026-11-03|2026-11-05|2026-11-06|2026-11-08|2026-11-12|2026-11-14|2026-11-26|2026-11-28|2026-11-29|2026-12-03|2026-12-04|2026-12-05|2026-12-06|2026-12-08|2026-12-09|2026-12-10|2026-12-11|2026-12-12|2026-12-14|2026-12-16|2026-12-17|2026-12-18|2026-12-19|2026-12-21|2026-12-22|2026-12-23|2026-12-24|2026-12-26|2026-12-27|2026-12-30|2026-12-31|2027-01-02|2027-01-17|2027-01-18|2027-01-22|2027-01-24|2027-01-25|2027-02-03|2027-02-06|2027-02-10|2027-02-19|2027-02-21|2027-02-22|2027-02-26|2027-03-03|2027-03-06|2027-03-07|2027-03-08|2027-03-09|2027-03-10|2027-03-15|2027-03-18|2027-03-21|2027-03-22|2027-03-25|2027-03-26|2027-03-29|2027-03-30|2027-04-01|2027-04-03|2027-04-08|2027-04-13|2027-04-17|2027-04-22|2027-04-24|2027-04-25|2027-04-29|2027-05-02|2027-05-05|2027-05-08|2027-05-09|2027-05-11|2027-05-12|2027-05-19|2027-05-23|2027-05-27|2027-05-28|2027-05-30|2027-06-03|2027-06-04|2027-06-05|2027-06-06|2027-06-08|2027-06-09|2027-06-11|2027-06-13|2027-06-16|2027-06-18|2027-06-19|2027-06-20|2027-06-22|2027-06-24|2027-06-27|2027-06-30|2027-07-01|2027-07-02|2027-07-03|2027-07-05|2027-07-06|2027-07-08|2027-07-09|2027-07-10|2027-07-11|2027-07-12|2027-07-17|2027-07-24|2027-07-25|2027-07-29|2027-07-30|2027-08-01|2027-08-04|2027-08-06|2027-08-07|2027-08-10|2027-08-13|2027-08-14|2027-08-15|2027-08-17|2027-08-19|2027-08-20|2027-08-21|2027-08-22|2027-08-24|2027-08-28|2027-08-29|2027-09-01|2027-09-02|2027-09-05|2027-09-06|2027-09-08|2027-09-16|2027-09-19,"Фотограф, снимаю 10 лет, Астана. Стиль съёмки — светлая плёночная цветокоррекция. Отдаю от 120 обработанных кадров. Превью отдаю через 4 дня, полную галерею — через 2 недели."
HK-90100,Муичиро Токито,Фотограф,Астана,False,True,260000,False,корпоратив|конференция|юбилей|день рождения,русский,8,2026-09-24|2026-09-26|2026-10-01|2026-10-03|2026-10-04|2026-10-06|2026-10-07|2026-10-10|2026-10-11|2026-10-12|2026-10-17|2026-10-24|2026-10-26|2026-10-27|2026-10-31|2026-11-01|2026-11-03|2026-11-05|2026-11-07|2026-11-08|2026-11-09|2026-11-11|2026-11-14|2026-11-17|2026-11-22|2026-11-23|2026-11-27|2026-11-28|2026-11-29|2026-12-01|2026-12-03|2026-12-04|2026-12-05|2026-12-06|2026-12-08|2026-12-09|2026-12-10|2026-12-11|2026-12-12|2026-12-13|2026-12-14|2026-12-17|2026-12-18|2026-12-19|2026-12-20|2026-12-21|2026-12-22|2026-12-23|2026-12-24|2026-12-25|2026-12-26|2026-12-28|2026-12-29|2026-12-30|2027-01-01|2027-01-02|2027-01-03|2027-01-18|2027-01-24|2027-01-27|2027-02-03|2027-02-05|2027-02-10|2027-02-14|2027-02-16|2027-02-17|2027-02-18|2027-02-20|2027-02-24|2027-02-25|2027-02-26|2027-03-01|2027-03-02|2027-03-05|2027-03-06|2027-03-07|2027-03-08|2027-03-10|2027-03-12|2027-03-18|2027-03-19|2027-03-20|2027-03-21|2027-03-22|2027-03-23|2027-03-28|2027-03-29|2027-03-31|2027-04-01|2027-04-04|2027-04-07|2027-04-08|2027-04-09|2027-04-14|2027-04-16|2027-04-20|2027-04-23|2027-04-28|2027-05-02|2027-05-03|2027-05-06|2027-05-11|2027-05-12|2027-05-13|2027-05-14|2027-05-20|2027-05-21|2027-05-23|2027-05-26|2027-05-27|2027-06-05|2027-06-07|2027-06-09|2027-06-16|2027-06-17|2027-06-21|2027-06-24|2027-06-29|2027-07-13|2027-07-22|2027-07-24|2027-07-25|2027-07-27|2027-07-31|2027-08-12|2027-08-16|2027-08-21|2027-08-22|2027-08-26|2027-08-30|2027-08-31|2027-09-02|2027-09-04|2027-09-06|2027-09-08|2027-09-11|2027-09-13|2027-09-17|2027-09-20|2027-09-21|2027-09-22,"Фотограф деловых мероприятий, Астана. Стиль съёмки — светлая плёночная цветокоррекция. Снимаю с дрона, если площадка разрешает. Отдаю от 300 обработанных кадров."
HK-90101,Кацуки Бакуго,Фотограф,Астана,False,True,270000,False,свадьба|той|корпоратив|юбилей|день рождения,русский|казахский,8,2026-09-24|2026-09-27|2026-09-28|2026-09-29|2026-09-30|2026-10-01|2026-10-02|2026-10-04|2026-10-05|2026-10-08|2026-10-16|2026-10-17|2026-10-26|2026-10-27|2026-10-28|2026-10-31|2026-11-01|2026-11-02|2026-11-07|2026-11-11|2026-11-12|2026-11-14|2026-11-16|2026-11-17|2026-11-22|2026-11-23|2026-11-27|2026-11-28|2026-12-01|2026-12-03|2026-12-04|2026-12-05|2026-12-06|2026-12-08|2026-12-09|2026-12-10|2026-12-11|2026-12-12|2026-12-13|2026-12-14|2026-12-15|2026-12-16|2026-12-17|2026-12-19|2026-12-20|2026-12-21|2026-12-22|2026-12-23|2026-12-24|2026-12-25|2026-12-26|2026-12-27|2026-12-28|2026-12-29|2026-12-30|2027-01-01|2027-01-02|2027-01-03|2027-01-13|2027-01-17|2027-01-20|2027-01-21|2027-01-22|2027-01-29|2027-01-30|2027-02-05|2027-02-07|2027-02-08|2027-02-10|2027-02-11|2027-02-13|2027-02-17|2027-02-20|2027-02-21|2027-02-23|2027-03-02|2027-03-04|2027-03-05|2027-03-07|2027-03-09|2027-03-12|2027-03-14|2027-03-16|2027-03-20|2027-03-21|2027-03-22|2027-03-23|2027-03-24|2027-03-25|2027-03-28|2027-03-29|2027-04-06|2027-04-12|2027-04-14|2027-04-16|2027-04-17|2027-04-22|2027-04-24|2027-04-25|2027-04-27|2027-04-28|2027-04-29|2027-04-30|2027-05-01|2027-05-02|2027-05-04|2027-05-08|2027-05-09|2027-05-13|2027-05-15|2027-05-19|2027-05-21|2027-05-23|2027-05-24|2027-05-30|2027-06-01|2027-06-03|2027-06-04|2027-06-05|2027-06-06|2027-06-08|2027-06-09|2027-06-11|2027-06-12|2027-06-13|2027-06-14|2027-06-18|2027-06-19|2027-06-20|2027-06-21|2027-06-22|2027-06-24|2027-06-25|2027-06-26|2027-06-27|2027-07-02|2027-07-03|2027-07-04|2027-07-06|2027-07-07|2027-07-08|2027-07-09|2027-07-10|2027-07-12|2027-07-16|2027-07-17|2027-07-20|2027-07-21|2027-07-23|2027-07-24|2027-07-25|2027-07-29|2027-07-31|2027-08-01|2027-08-03|2027-08-04|2027-08-05|2027-08-06|2027-08-07|2027-08-08|2027-08-11|2027-08-13|2027-08-14|2027-08-15|2027-08-17|2027-08-20|2027-08-21|2027-08-22|2027-08-27|2027-08-28|2027-08-29|2027-08-30|2027-09-04|2027-09-05|2027-09-07|2027-09-11|2027-09-13|2027-09-14|2027-09-16|2027-09-18|2027-09-19|2027-09-21|2027-09-22,"Фотограф деловых мероприятий, Астана. Мой почерк — аккуратная постановка портретов. Снимаю с дрона, если площадка разрешает. Превью отдаю через 5 дня, полную галерею — через 4 недели."
HK-90102,Эйджиро Киришима,Фотограф,Астана,False,True,240000,False,свадьба|той|день рождения,русский|казахский,9,2026-10-02|2026-10-04|2026-10-05|2026-10-06|2026-10-14|2026-10-18|2026-10-20|2026-10-21|2026-10-22|2026-10-23|2026-10-27|2026-10-29|2026-11-01|2026-11-02|2026-11-07|2026-11-09|2026-11-12|2026-11-14|2026-11-16|2026-11-19|2026-11-21|2026-11-24|2026-11-25|2026-12-01|2026-12-02|2026-12-04|2026-12-05|2026-12-06|2026-12-07|2026-12-09|2026-12-11|2026-12-12|2026-12-15|2026-12-16|2026-12-17|2026-12-18|2026-12-19|2026-12-20|2026-12-21|2026-12-22|2026-12-23|2026-12-24|2026-12-25|2026-12-26|2026-12-27|2026-12-29|2026-12-30|2026-12-31|2027-01-02|2027-01-03|2027-01-05|2027-01-07|2027-01-24|2027-01-26|2027-01-29|2027-02-07|2027-02-09|2027-02-10|2027-02-11|2027-02-13|2027-02-14|2027-02-15|2027-02-19|2027-02-22|2027-02-24|2027-02-25|2027-03-07|2027-03-08|2027-03-10|2027-03-18|2027-03-19|2027-03-20|2027-03-21|2027-03-22|2027-03-23|2027-03-25|2027-03-28|2027-04-02|2027-04-03|2027-04-09|2027-04-11|2027-04-12|2027-04-14|2027-04-18|2027-04-19|2027-04-21|2027-05-01|2027-05-02|2027-05-03|2027-05-04|2027-05-08|2027-05-15|2027-05-17|2027-05-22|2027-05-25|2027-05-28|2027-05-29|2027-05-30|2027-05-31|2027-06-05|2027-06-06|2027-06-11|2027-06-12|2027-06-13|2027-06-14|2027-06-18|2027-06-19|2027-06-20|2027-06-23|2027-06-25|2027-06-26|2027-06-28|2027-07-01|2027-07-03|2027-07-05|2027-07-10|2027-07-11|2027-07-12|2027-07-13|2027-07-16|2027-07-20|2027-07-21|2027-07-23|2027-07-25|2027-07-27|2027-07-31|2027-08-01|2027-08-02|2027-08-06|2027-08-07|2027-08-08|2027-08-09|2027-08-10|2027-08-11|2027-08-13|2027-08-14|2027-08-15|2027-08-16|2027-08-17|2027-08-18|2027-08-20|2027-08-21|2027-08-22|2027-08-23|2027-08-24|2027-08-25|2027-08-27|2027-08-28|2027-08-29|2027-09-01|2027-09-04|2027-09-05|2027-09-08|2027-09-09|2027-09-11|2027-09-12|2027-09-14|2027-09-17|2027-09-18|2027-09-19|2027-09-21|2027-09-22,"Репортажный фотограф, Астана. Мой почерк — естественный свет и эмоции гостей. Отдаю от 300 обработанных кадров. Беру с собой второго фотографа по запросу."
HK-90103,Цую Асуи,Фотограф,Астана,False,True,380000,False,свадьба|той|юбилей|день рождения,русский|казахский,3,2026-09-25|2026-09-27|2026-09-30|2026-10-01|2026-10-02|2026-10-03|2026-10-07|2026-10-08|2026-10-10|2026-10-13|2026-10-16|2026-10-17|2026-10-18|2026-10-19|2026-10-22|2026-10-23|2026-10-24|2026-10-25|2026-10-27|2026-10-29|2026-11-05|2026-11-06|2026-11-08|2026-11-11|2026-11-12|2026-11-13|2026-11-14|2026-11-16|2026-11-17|2026-11-20|2026-11-21|2026-11-25|2026-11-26|2026-11-27|2026-11-28|2026-11-29|2026-12-02|2026-12-03|2026-12-04|2026-12-05|2026-12-06|2026-12-07|2026-12-08|2026-12-09|2026-12-10|2026-12-11|2026-12-12|2026-12-13|2026-12-14|2026-12-15|2026-12-16|2026-12-17|2026-12-18|2026-12-19|2026-12-20|2026-12-21|2026-12-22|2026-12-23|2026-12-25|2026-12-26|2026-12-29|2026-12-30|2026-12-31|2027-01-02|2027-01-03|2027-01-17|2027-01-20|2027-01-24|2027-01-30|2027-02-01|2027-02-02|2027-02-03|2027-02-06|2027-02-07|2027-02-10|2027-02-14|2027-02-15|2027-02-16|2027-02-17|2027-02-19|2027-02-22|2027-02-25|2027-02-27|2027-02-28|2027-03-01|2027-03-06|2027-03-07|2027-03-08|2027-03-14|2027-03-15|2027-03-18|2027-03-19|2027-03-21|2027-03-22|2027-03-23|2027-03-25|2027-03-27|2027-03-28|2027-04-04|2027-04-10|2027-04-12|2027-04-13|2027-04-15|2027-04-16|2027-04-17|2027-04-18|2027-04-25|2027-04-26|2027-04-29|2027-05-01|2027-05-08|2027-05-09|2027-05-15|2027-05-16|2027-05-21|2027-05-22|2027-05-27|2027-05-28|2027-05-29|2027-05-30|2027-05-31|2027-06-02|2027-06-03|2027-06-04|2027-06-05|2027-06-06|2027-06-07|2027-06-11|2027-06-12|2027-06-13|2027-06-14|2027-06-15|2027-06-16|2027-06-18|2027-06-20|2027-06-21|2027-06-22|2027-06-25|2027-06-26|2027-06-27|2027-06-28|2027-07-01|2027-07-02|2027-07-03|2027-07-06|2027-07-07|2027-07-08|2027-07-09|2027-07-10|2027-07-11|2027-07-12|2027-07-15|2027-07-16|2027-07-17|2027-07-18|2027-07-22|2027-07-23|2027-07-24|2027-07-25|2027-07-29|2027-07-30|2027-07-31|2027-08-01|2027-08-02|2027-08-05|2027-08-06|2027-08-07|2027-08-08|2027-08-10|2027-08-11|2027-08-12|2027-08-13|2027-08-14|2027-08-15|2027-08-17|2027-08-19|2027-08-20|2027-08-21|2027-08-22|2027-08-26|2027-08-27|2027-08-28|2027-08-30|2027-09-01|2027-09-02|2027-09-04|2027-09-05|2027-09-06|2027-09-07|2027-09-09|2027-09-11|2027-09-12|2027-09-15|2027-09-18|2027-09-19|2027-09-20|2027-09-22,"Фотограф, снимаю 13 лет, Астана. Мой почерк — светлая плёночная цветокоррекция. Снимаю с дрона, если площадка разрешает. Беру с собой второго фотографа по запросу."
HK-90104,Шота Аидзава,Фотограф,Астана,False,True,440000,False,свадьба|той|конференция|юбилей|день рождения,русский|казахский|английский,4,2026-09-23|2026-09-24|2026-09-25|2026-09-26|2026-09-30|2026-10-09|2026-10-10|2026-10-11|2026-10-12|2026-10-13|2026-10-16|2026-10-19|2026-10-20|2026-10-23|2026-10-24|2026-10-25|2026-10-27|2026-10-28|2026-10-30|2026-11-01|2026-11-03|2026-11-06|2026-11-07|2026-11-08|2026-11-09|2026-11-11|2026-11-12|2026-11-14|2026-11-15|2026-11-16|2026-11-19|2026-11-20|2026-11-23|2026-11-24|2026-11-25|2026-11-28|2026-12-01|2026-12-02|2026-12-03|2026-12-05|2026-12-06|2026-12-07|2026-12-08|2026-12-10|2026-12-11|2026-12-12|2026-12-13|2026-12-14|2026-12-15|2026-12-16|2026-12-17|2026-12-18|2026-12-19|2026-12-20|2026-12-21|2026-12-22|2026-12-23|2026-12-24|2026-12-25|2026-12-26|2026-12-27|2026-12-28|2026-12-29|2026-12-30|2026-12-31|2027-01-01|2027-01-02|2027-01-03|2027-01-05|2027-01-06|2027-01-24|2027-01-28|2027-01-30|2027-02-04|2027-02-13|2027-02-14|2027-02-27|2027-02-28|2027-03-03|2027-03-04|2027-03-05|2027-03-07|2027-03-08|2027-03-10|2027-03-20|2027-03-21|2027-03-22|2027-03-23|2027-03-27|2027-03-28|2027-03-31|2027-04-01|2027-04-02|2027-04-03|2027-04-04|2027-04-08|2027-04-09|2027-04-10|2027-04-11|2027-04-12|2027-04-18|2027-04-21|2027-04-22|2027-04-24|2027-04-26|2027-04-28|2027-04-30|2027-05-01|2027-05-03|2027-05-04|2027-05-06|2027-05-07|2027-05-08|2027-05-09|2027-05-12|2027-05-14|2027-05-15|2027-05-16|2027-05-18|2027-05-19|2027-05-20|2027-05-22|2027-05-23|2027-05-28|2027-05-29|2027-05-30|2027-06-02|2027-06-03|2027-06-04|2027-06-05|2027-06-06|2027-06-09|2027-06-10|2027-06-11|2027-06-12|2027-06-13|2027-06-15|2027-06-18|2027-06-19|2027-06-20|2027-06-21|2027-06-24|2027-06-25|2027-06-26|2027-06-27|2027-06-28|2027-06-30|2027-07-02|2027-07-03|2027-07-04|2027-07-06|2027-07-08|2027-07-09|2027-07-10|2027-07-11|2027-07-12|2027-07-13|2027-07-14|2027-07-16|2027-07-17|2027-07-18|2027-07-19|2027-07-20|2027-07-21|2027-07-22|2027-07-23|2027-07-24|2027-07-25|2027-07-28|2027-07-30|2027-07-31|2027-08-01|2027-08-03|2027-08-04|2027-08-06|2027-08-07|2027-08-08|2027-08-10|2027-08-11|2027-08-12|2027-08-13|2027-08-14|2027-08-15|2027-08-18|2027-08-20|2027-08-21|2027-08-22|2027-08-25|2027-08-27|2027-08-28|2027-08-29|2027-08-30|2027-09-01|2027-09-02|2027-09-03|2027-09-04|2027-09-05|2027-09-06|2027-09-09|2027-09-10|2027-09-11|2027-09-12|2027-09-15|2027-09-17|2027-09-19|2027-09-20|2027-09-21,"Фотограф, снимаю 5 лет, Астана. Стиль съёмки — живой репортаж без позирования. Снимаю в тёмных залах со вспышкой. Снимаю с дрона, если площадка разрешает. Работаю с англоязычными гостями."
HK-90105,Денки Каминари,Видеограф|Фотограф,Астана,False,True,400000,False,свадьба|корпоратив|конференция|юбилей,русский,4,2026-09-23|2026-09-24|2026-09-25|2026-09-26|2026-09-28|2026-10-01|2026-10-04|2026-10-05|2026-10-07|2026-10-08|2026-10-11|2026-10-13|2026-10-15|2026-10-17|2026-10-18|2026-10-22|2026-10-24|2026-10-26|2026-10-27|2026-10-28|2026-10-29|2026-10-31|2026-11-01|2026-11-03|2026-11-06|2026-11-11|2026-11-13|2026-11-14|2026-11-18|2026-11-19|2026-11-20|2026-11-21|2026-11-27|2026-11-28|2026-11-29|2026-12-02|2026-12-03|2026-12-04|2026-12-05|2026-12-06|2026-12-07|2026-12-09|2026-12-10|2026-12-11|2026-12-12|2026-12-13|2026-12-15|2026-12-16|2026-12-17|2026-12-18|2026-12-19|2026-12-20|2026-12-21|2026-12-22|2026-12-23|2026-12-24|2026-12-25|2026-12-26|2026-12-27|2026-12-28|2026-12-29|2026-12-30|2026-12-31|2027-01-01|2027-01-02|2027-01-03|2027-01-08|2027-01-10|2027-01-13|2027-01-17|2027-01-21|2027-01-22|2027-01-28|2027-02-09|2027-02-13|2027-02-17|2027-02-19|2027-02-21|2027-02-22|2027-02-25|2027-02-28|2027-03-01|2027-03-03|2027-03-07|2027-03-08|2027-03-09|2027-03-10|2027-03-13|2027-03-18|2027-03-19|2027-03-20|2027-03-21|2027-03-22|2027-03-23|2027-03-24|2027-03-27|2027-03-28|2027-03-29|2027-04-01|2027-04-03|2027-04-04|2027-04-06|2027-04-07|2027-04-11|2027-04-14|2027-04-15|2027-04-16|2027-04-18|2027-04-19|2027-04-20|2027-04-21|2027-04-25|2027-05-01|2027-05-02|2027-05-03|2027-05-04|2027-05-06|2027-05-08|2027-05-09|2027-05-12|2027-05-13|2027-05-15|2027-05-16|2027-05-17|2027-05-19|2027-05-20|2027-05-22|2027-05-23|2027-05-29|2027-05-31|2027-06-03|2027-06-04|2027-06-05|2027-06-06|2027-06-10|2027-06-11|2027-06-12|2027-06-13|2027-06-14|2027-06-17|2027-06-18|2027-06-19|2027-06-20|2027-06-21|2027-06-25|2027-06-26|2027-06-27|2027-06-28|2027-06-29|2027-06-30|2027-07-02|2027-07-03|2027-07-04|2027-07-05|2027-07-06|2027-07-07|2027-07-08|2027-07-09|2027-07-10|2027-07-11|2027-07-14|2027-07-15|2027-07-16|2027-07-17|2027-07-18|2027-07-19|2027-07-22|2027-07-23|2027-07-24|2027-07-25|2027-07-26|2027-07-30|2027-07-31|2027-08-01|2027-08-03|2027-08-06|2027-08-08|2027-08-09|2027-08-10|2027-08-11|2027-08-12|2027-08-13|2027-08-14|2027-08-15|2027-08-17|2027-08-18|2027-08-20|2027-08-21|2027-08-22|2027-08-23|2027-08-24|2027-08-25|2027-08-27|2027-08-28|2027-08-29|2027-08-30|2027-08-31|2027-09-01|2027-09-03|2027-09-05|2027-09-06|2027-09-07|2027-09-09|2027-09-11|2027-09-12|2027-09-14|2027-09-15|2027-09-16|2027-09-17|2027-09-18|2027-09-19|2027-09-20|2027-09-22,"Снимаю корпоративные и деловые события, Астана. Делаю ролики для соцсетей в день события. Беру в команду второго оператора на 80+ гостей. Звук пишу отдельно, чтобы речи было слышно."
HK-90106,Кёка Дзиро,Видеограф,Астана,False,True,300000,False,той|конференция,русский|казахский,4,2026-09-23|2026-09-24|2026-09-27|2026-09-29|2026-09-30|2026-10-01|2026-10-02|2026-10-04|2026-10-08|2026-10-16|2026-10-17|2026-10-18|2026-10-20|2026-10-21|2026-10-22|2026-10-23|2026-10-24|2026-10-26|2026-10-29|2026-10-30|2026-10-31|2026-11-06|2026-11-07|2026-11-11|2026-11-12|2026-11-13|2026-11-15|2026-11-16|2026-11-20|2026-11-21|2026-11-23|2026-11-25|2026-11-26|2026-11-27|2026-11-28|2026-12-01|2026-12-02|2026-12-03|2026-12-04|2026-12-05|2026-12-06|2026-12-07|2026-12-08|2026-12-09|2026-12-10|2026-12-11|2026-12-12|2026-12-13|2026-12-14|2026-12-15|2026-12-16|2026-12-17|2026-12-18|2026-12-19|2026-12-20|2026-12-21|2026-12-23|2026-12-24|2026-12-26|2026-12-27|2026-12-28|2026-12-30|2027-01-02|2027-01-08|2027-01-09|2027-01-19|2027-01-20|2027-01-23|2027-01-27|2027-01-30|2027-02-06|2027-02-07|2027-02-11|2027-02-14|2027-02-15|2027-02-19|2027-02-21|2027-02-22|2027-02-25|2027-02-28|2027-03-06|2027-03-07|2027-03-08|2027-03-09|2027-03-12|2027-03-14|2027-03-20|2027-03-21|2027-03-22|2027-03-23|2027-03-24|2027-03-29|2027-04-04|2027-04-09|2027-04-11|2027-04-17|2027-04-18|2027-04-19|2027-04-28|2027-04-29|2027-04-30|2027-05-01|2027-05-09|2027-05-11|2027-05-12|2027-05-13|2027-05-16|2027-05-18|2027-05-19|2027-05-21|2027-05-22|2027-05-23|2027-05-30|2027-05-31|2027-06-02|2027-06-04|2027-06-06|2027-06-07|2027-06-11|2027-06-12|2027-06-13|2027-06-14|2027-06-15|2027-06-17|2027-06-18|2027-06-19|2027-06-20|2027-06-21|2027-06-22|2027-06-23|2027-06-25|2027-06-26|2027-06-27|2027-06-28|2027-06-29|2027-06-30|2027-07-01|2027-07-02|2027-07-03|2027-07-04|2027-07-05|2027-07-08|2027-07-09|2027-07-11|2027-07-14|2027-07-15|2027-07-16|2027-07-17|2027-07-18|2027-07-19|2027-07-22|2027-07-23|2027-07-24|2027-07-25|2027-07-29|2027-07-30|2027-07-31|2027-08-01|2027-08-02|2027-08-03|2027-08-04|2027-08-06|2027-08-07|2027-08-08|2027-08-09|2027-08-13|2027-08-14|2027-08-15|2027-08-20|2027-08-21|2027-08-22|2027-08-23|2027-08-25|2027-08-26|2027-08-27|2027-08-28|2027-08-29|2027-08-30|2027-08-31|2027-09-01|2027-09-03|2027-09-04|2027-09-05|2027-09-09|2027-09-11|2027-09-17|2027-09-18|2027-09-19|2027-09-20|2027-09-21,"Видеограф свадеб и тоев, Астана. Предлагаю фильмы с интервью гостей. Тизер отдаю через 4 дня. Звук пишу отдельно, чтобы речи было слышно."
HK-90107,Мина Ашидо,Видеограф|Фотограф,Астана,False,True,250000,False,той|корпоратив|конференция,русский|казахский,3,2026-09-25|2026-09-30|2026-10-01|2026-10-02|2026-10-03|2026-10-08|2026-10-10|2026-10-11|2026-10-15|2026-10-17|2026-10-18|2026-10-20|2026-10-25|2026-10-31|2026-11-05|2026-11-07|2026-11-09|2026-11-11|2026-11-12|2026-11-14|2026-11-23|2026-11-24|2026-11-25|2026-11-27|2026-12-01|2026-12-02|2026-12-05|2026-12-06|2026-12-07|2026-12-08|2026-12-09|2026-12-10|2026-12-11|2026-12-12|2026-12-13|2026-12-16|2026-12-17|2026-12-20|2026-12-21|2026-12-26|2026-12-29|2027-01-02|2027-01-04|2027-01-05|2027-01-08|2027-01-09|2027-01-11|2027-01-18|2027-01-19|2027-01-27|2027-01-29|2027-02-01|2027-02-03|2027-02-07|2027-02-08|2027-02-13|2027-02-17|2027-02-26|2027-03-07|2027-03-08|2027-03-15|2027-03-16|2027-03-20|2027-03-23|2027-03-30|2027-03-31|2027-04-04|2027-04-05|2027-04-10|2027-04-12|2027-04-17|2027-04-18|2027-04-20|2027-04-23|2027-04-24|2027-04-25|2027-04-28|2027-05-01|2027-05-02|2027-05-04|2027-05-06|2027-05-07|2027-05-08|2027-05-10|2027-05-11|2027-05-13|2027-05-15|2027-05-18|2027-05-22|2027-05-26|2027-05-29|2027-05-30|2027-06-01|2027-06-02|2027-06-04|2027-06-05|2027-06-13|2027-06-16|2027-06-18|2027-06-19|2027-06-20|2027-06-21|2027-06-25|2027-06-27|2027-07-02|2027-07-03|2027-07-04|2027-07-05|2027-07-07|2027-07-08|2027-07-09|2027-07-11|2027-07-12|2027-07-13|2027-07-15|2027-07-18|2027-07-20|2027-07-23|2027-07-24|2027-07-25|2027-07-26|2027-07-30|2027-07-31|2027-08-01|2027-08-05|2027-08-06|2027-08-08|2027-08-09|2027-08-14|2027-08-15|2027-08-16|2027-08-17|2027-08-18|2027-08-21|2027-08-23|2027-08-24|2027-08-25|2027-08-26|2027-08-28|2027-08-31|2027-09-04|2027-09-07|2027-09-09|2027-09-10|2027-09-11|2027-09-12|2027-09-15|2027-09-18|2027-09-19|2027-09-22,"Снимаю корпоративные и деловые события, Астана. Делаю съёмку с двух камер и дрона. Тизер отдаю через 4 дня. Беру в команду второго оператора на 200+ гостей."
HK-90108,Хисока,Видеограф,Астана,False,True,250000,False,той|юбилей,русский|казахский|английский,9,2026-09-24|2026-09-26|2026-09-30|2026-10-02|2026-10-05|2026-10-06|2026-10-07|2026-10-10|2026-10-11|2026-10-15|2026-10-17|2026-10-18|2026-10-19|2026-10-27|2026-10-28|2026-10-29|2026-10-30|2026-11-02|2026-11-05|2026-11-06|2026-11-08|2026-11-09|2026-11-11|2026-11-13|2026-11-15|2026-11-16|2026-11-20|2026-11-24|2026-11-27|2026-11-28|2026-12-01|2026-12-02|2026-12-03|2026-12-04|2026-12-06|2026-12-08|2026-12-10|2026-12-11|2026-12-12|2026-12-14|2026-12-15|2026-12-16|2026-12-20|2026-12-21|2026-12-22|2026-12-24|2026-12-25|2026-12-27|2026-12-28|2026-12-30|2026-12-31|2027-01-02|2027-01-03|2027-01-05|2027-01-06|2027-01-08|2027-01-09|2027-01-14|2027-01-22|2027-01-23|2027-01-26|2027-01-27|2027-01-29|2027-02-04|2027-02-05|2027-02-07|2027-02-09|2027-02-12|2027-02-15|2027-02-19|2027-02-20|2027-02-21|2027-02-27|2027-02-28|2027-03-01|2027-03-06|2027-03-07|2027-03-08|2027-03-09|2027-03-11|2027-03-14|2027-03-15|2027-03-20|2027-03-21|2027-03-22|2027-03-23|2027-03-30|2027-03-31|2027-04-02|2027-04-04|2027-04-08|2027-04-11|2027-04-12|2027-04-16|2027-04-17|2027-04-18|2027-04-24|2027-05-01|2027-05-02|2027-05-03|2027-05-05|2027-05-07|2027-05-08|2027-05-09|2027-05-10|2027-05-11|2027-05-12|2027-05-13|2027-05-15|2027-05-16|2027-05-17|2027-05-22|2027-05-24|2027-05-25|2027-05-27|2027-05-30|2027-05-31|2027-06-01|2027-06-02|2027-06-04|2027-06-05|2027-06-06|2027-06-08|2027-06-12|2027-06-13|2027-06-14|2027-06-18|2027-06-19|2027-06-21|2027-06-24|2027-06-25|2027-06-26|2027-06-27|2027-07-02|2027-07-03|2027-07-04|2027-07-05|2027-07-06|2027-07-07|2027-07-10|2027-07-11|2027-07-14|2027-07-15|2027-07-16|2027-07-17|2027-07-18|2027-07-21|2027-07-22|2027-07-23|2027-07-24|2027-07-25|2027-07-28|2027-07-29|2027-07-30|2027-07-31|2027-08-05|2027-08-06|2027-08-07|2027-08-08|2027-08-10|2027-08-11|2027-08-13|2027-08-15|2027-08-16|2027-08-17|2027-08-18|2027-08-20|2027-08-22|2027-08-23|2027-08-25|2027-08-27|2027-08-28|2027-08-29|2027-09-03|2027-09-04|2027-09-07|2027-09-08|2027-09-10|2027-09-12|2027-09-13|2027-09-16|2027-09-18|2027-09-19,"Видеограф с кинематографическим подходом, Астана. Делаю фильмы с интервью гостей. Беру в команду второго оператора на 80+ гостей. Тизер отдаю через 3 дня. Работаю с англоязычными гостями."
HK-90109,Бисквит Крюгер,Видеограф,Астана,False,True,450000,False,той|конференция|юбилей,русский|казахский,5,2026-09-27|2026-09-29|2026-10-02|2026-10-03|2026-10-05|2026-10-06|2026-10-07|2026-10-09|2026-10-11|2026-10-12|2026-10-15|2026-10-16|2026-10-17|2026-10-18|2026-10-20|2026-10-23|2026-10-26|2026-10-30|2026-10-31|2026-11-02|2026-11-04|2026-11-07|2026-11-10|2026-11-14|2026-11-17|2026-11-18|2026-11-20|2026-11-22|2026-11-23|2026-11-24|2026-11-25|2026-11-27|2026-12-01|2026-12-02|2026-12-03|2026-12-04|2026-12-05|2026-12-06|2026-12-09|2026-12-10|2026-12-11|2026-12-17|2026-12-19|2026-12-20|2026-12-21|2026-12-25|2026-12-26|2026-12-28|2027-01-01|2027-01-02|2027-01-06|2027-01-11|2027-01-19|2027-01-20|2027-01-23|2027-01-24|2027-01-26|2027-02-06|2027-02-13|2027-02-14|2027-02-24|2027-02-26|2027-03-01|2027-03-06|2027-03-07|2027-03-09|2027-03-13|2027-03-20|2027-03-22|2027-03-28|2027-04-05|2027-04-11|2027-04-18|2027-04-23|2027-04-28|2027-04-30|2027-05-02|2027-05-03|2027-05-08|2027-05-09|2027-05-10|2027-05-11|2027-05-12|2027-05-17|2027-05-22|2027-05-23|2027-05-27|2027-06-04|2027-06-05|2027-06-08|2027-06-09|2027-06-13|2027-06-14|2027-06-15|2027-06-16|2027-06-18|2027-06-20|2027-06-21|2027-06-22|2027-06-24|2027-06-25|2027-06-26|2027-06-29|2027-07-02|2027-07-05|2027-07-06|2027-07-09|2027-07-10|2027-07-14|2027-07-16|2027-07-17|2027-07-18|2027-07-19|2027-07-20|2027-07-21|2027-07-22|2027-07-23|2027-07-24|2027-07-25|2027-07-26|2027-07-27|2027-07-28|2027-07-30|2027-07-31|2027-08-01|2027-08-05|2027-08-07|2027-08-08|2027-08-09|2027-08-13|2027-08-14|2027-08-15|2027-08-19|2027-08-20|2027-08-21|2027-08-27|2027-08-28|2027-08-29|2027-08-30|2027-09-02|2027-09-04|2027-09-07|2027-09-08|2027-09-10|2027-09-12|2027-09-15|2027-09-16|2027-09-18,"Видеограф, 6 лет в съёмке событий, Астана. Делаю ролик-итог в тот же вечер. Тизер отдаю через 5 дня. Субтитры на русском, казахском или английском."
HK-90110,Кайто,Банкетный зал|Ресторан,Астана,False,True,4100000,False,свадьба|той|юбилей|день рождения,русский|казахский,12,2026-09-25|2026-09-26|2026-10-06|2026-10-09|2026-10-16|2026-10-17|2026-10-21|2026-11-02|2026-11-10|2026-11-17|2026-11-26|2026-11-27|2026-11-29|2026-12-01|2026-12-03|2026-12-04|2026-12-05|2026-12-06|2026-12-07|2026-12-08|2026-12-09|2026-12-13|2026-12-14|2026-12-15|2026-12-16|2026-12-18|2026-12-19|2026-12-20|2026-12-22|2026-12-24|2026-12-25|2026-12-26|2026-12-27|2026-12-30|2026-12-31|2027-01-01|2027-01-02|2027-01-04|2027-01-12|2027-01-14|2027-01-15|2027-01-22|2027-01-26|2027-01-28|2027-01-29|2027-01-30|2027-02-01|2027-02-05|2027-02-06|2027-02-12|2027-02-20|2027-02-22|2027-02-24|2027-02-25|2027-03-03|2027-03-05|2027-03-07|2027-03-08|2027-03-13|2027-03-14|2027-03-15|2027-03-18|2027-03-20|2027-03-21|2027-03-22|2027-03-27|2027-03-29|2027-04-01|2027-04-02|2027-04-11|2027-04-18|2027-04-20|2027-04-21|2027-04-24|2027-04-26|2027-04-28|2027-05-01|2027-05-06|2027-05-08|2027-05-10|2027-05-13|2027-05-15|2027-05-16|2027-05-18|2027-05-22|2027-05-23|2027-05-24|2027-05-26|2027-06-01|2027-06-05|2027-06-06|2027-06-07|2027-06-08|2027-06-13|2027-06-14|2027-06-18|2027-06-22|2027-06-24|2027-06-25|2027-06-26|2027-06-29|2027-06-30|2027-07-02|2027-07-04|2027-07-06|2027-07-09|2027-07-10|2027-07-12|2027-07-14|2027-07-15|2027-07-16|2027-07-17|2027-07-18|2027-07-19|2027-07-20|2027-07-24|2027-07-25|2027-07-30|2027-08-02|2027-08-07|2027-08-09|2027-08-11|2027-08-20|2027-08-21|2027-08-22|2027-08-25|2027-08-27|2027-08-28|2027-08-30|2027-08-31|2027-09-02|2027-09-05|2027-09-06|2027-09-07|2027-09-11|2027-09-12|2027-09-16|2027-09-20|2027-09-22,"Банкетный комплекс у набережной Есиля: 2 зала, до 300 гостей. В меню паназиатская и казахская. Свой кондитерский цех. Парковка на 200 машин."
HK-90111,Рицко Акаги,Банкетный зал,Астана,False,True,2500000,False,свадьба,русский,11,2026-09-26|2026-09-27|2026-10-08|2026-10-10|2026-10-18|2026-10-31|2026-11-03|2026-11-07|2026-11-08|2026-11-14|2026-11-16|2026-11-20|2026-11-27|2026-11-28|2026-11-29|2026-12-01|2026-12-02|2026-12-03|2026-12-04|2026-12-05|2026-12-07|2026-12-08|2026-12-09|2026-12-11|2026-12-15|2026-12-16|2026-12-19|2026-12-20|2026-12-22|2026-12-23|2026-12-24|2026-12-26|2026-12-27|2026-12-30|2027-01-05|2027-01-20|2027-02-05|2027-02-10|2027-02-12|2027-02-16|2027-02-25|2027-02-28|2027-03-04|2027-03-07|2027-03-10|2027-03-18|2027-03-21|2027-03-30|2027-04-10|2027-04-15|2027-04-17|2027-04-23|2027-04-29|2027-05-01|2027-05-02|2027-05-05|2027-05-08|2027-05-09|2027-05-11|2027-05-13|2027-05-14|2027-05-15|2027-05-16|2027-05-24|2027-05-25|2027-05-26|2027-05-27|2027-05-28|2027-05-30|2027-06-01|2027-06-02|2027-06-03|2027-06-07|2027-06-11|2027-06-12|2027-06-13|2027-06-16|2027-06-19|2027-06-20|2027-06-21|2027-06-27|2027-06-28|2027-06-29|2027-07-02|2027-07-03|2027-07-07|2027-07-10|2027-07-11|2027-07-12|2027-07-13|2027-07-14|2027-07-16|2027-07-21|2027-07-23|2027-07-26|2027-07-27|2027-07-28|2027-07-29|2027-07-31|2027-08-01|2027-08-04|2027-08-06|2027-08-07|2027-08-08|2027-08-09|2027-08-10|2027-08-12|2027-08-13|2027-08-14|2027-08-17|2027-08-19|2027-08-20|2027-08-23|2027-08-26|2027-08-28|2027-08-30|2027-09-05|2027-09-06|2027-09-07|2027-09-08|2027-09-11|2027-09-13|2027-09-15|2027-09-18|2027-09-19|2027-09-21,"Банкетный зал на 400 гостей рядом с ЭКСПО. Кухня — паназиатская и казахская. Меню от 22000 ₸ на гостя. Сцена, экран и свой звук."
HK-90112,Рёдзи Кадзи,Банкетный зал,Астана,False,True,5800000,False,той|юбилей|корпоратив|день рождения,русский|казахский,10,2026-09-24|2026-09-25|2026-09-26|2026-09-30|2026-10-02|2026-10-03|2026-10-07|2026-10-10|2026-10-16|2026-10-18|2026-10-19|2026-10-22|2026-10-24|2026-10-27|2026-10-29|2026-10-31|2026-11-03|2026-11-06|2026-11-07|2026-11-08|2026-11-13|2026-11-17|2026-11-20|2026-11-21|2026-11-24|2026-11-25|2026-11-26|2026-12-02|2026-12-03|2026-12-04|2026-12-05|2026-12-06|2026-12-07|2026-12-09|2026-12-10|2026-12-11|2026-12-12|2026-12-14|2026-12-15|2026-12-16|2026-12-18|2026-12-20|2026-12-23|2026-12-24|2026-12-25|2026-12-26|2026-12-27|2026-12-28|2026-12-29|2026-12-30|2027-01-02|2027-01-03|2027-01-05|2027-01-09|2027-01-10|2027-01-16|2027-01-31|2027-02-06|2027-02-07|2027-02-14|2027-02-19|2027-02-23|2027-02-24|2027-02-25|2027-03-04|2027-03-05|2027-03-07|2027-03-08|2027-03-10|2027-03-11|2027-03-13|2027-03-15|2027-03-20|2027-03-21|2027-03-22|2027-03-23|2027-03-24|2027-03-25|2027-03-28|2027-04-01|2027-04-03|2027-04-04|2027-04-05|2027-04-07|2027-04-09|2027-04-11|2027-04-12|2027-04-15|2027-04-16|2027-04-17|2027-04-20|2027-04-22|2027-04-27|2027-04-28|2027-04-30|2027-05-01|2027-05-02|2027-05-03|2027-05-05|2027-05-06|2027-05-09|2027-05-10|2027-05-11|2027-05-12|2027-05-16|2027-05-22|2027-05-23|2027-05-24|2027-05-26|2027-05-28|2027-05-30|2027-06-01|2027-06-04|2027-06-05|2027-06-06|2027-06-07|2027-06-08|2027-06-11|2027-06-12|2027-06-13|2027-06-17|2027-06-18|2027-06-19|2027-06-20|2027-06-22|2027-06-23|2027-06-25|2027-06-27|2027-06-28|2027-07-02|2027-07-03|2027-07-04|2027-07-06|2027-07-09|2027-07-10|2027-07-11|2027-07-13|2027-07-15|2027-07-17|2027-07-18|2027-07-25|2027-07-26|2027-07-31|2027-08-01|2027-08-04|2027-08-05|2027-08-06|2027-08-07|2027-08-08|2027-08-11|2027-08-13|2027-08-14|2027-08-15|2027-08-17|2027-08-20|2027-08-22|2027-08-23|2027-08-27|2027-08-28|2027-08-29|2027-08-31|2027-09-01|2027-09-03|2027-09-04|2027-09-09|2027-09-10|2027-09-11|2027-09-12|2027-09-13|2027-09-19,"Банкетный комплекс у набережной Есиля: 2 зала, до 100 гостей. В меню национальная и европейская. Парковка на 300 машин. Сцена, экран и свой звук."
HK-90113,Мари Макинами,Банкетный зал,Астана,False,True,5800000,False,той|юбилей|корпоратив|день рождения,русский|казахский,12,2026-09-26|2026-09-30|2026-10-01|2026-10-02|2026-10-04|2026-10-06|2026-10-08|2026-10-10|2026-10-13|2026-10-16|2026-10-17|2026-10-21|2026-10-24|2026-10-25|2026-10-28|2026-11-01|2026-11-03|2026-11-05|2026-11-07|2026-11-09|2026-11-11|2026-11-12|2026-11-17|2026-11-19|2026-11-20|2026-11-21|2026-11-22|2026-11-23|2026-11-27|2026-11-28|2026-12-01|2026-12-02|2026-12-03|2026-12-04|2026-12-05|2026-12-07|2026-12-09|2026-12-10|2026-12-11|2026-12-12|2026-12-13|2026-12-14|2026-12-15|2026-12-16|2026-12-17|2026-12-18|2026-12-19|2026-12-20|2026-12-21|2026-12-22|2026-12-23|2026-12-24|2026-12-26|2026-12-27|2026-12-28|2026-12-29|2026-12-30|2026-12-31|2027-01-02|2027-01-10|2027-01-17|2027-01-24|2027-01-28|2027-01-30|2027-02-03|2027-02-06|2027-02-07|2027-02-17|2027-02-19|2027-02-22|2027-02-23|2027-02-25|2027-02-26|2027-02-28|2027-03-07|2027-03-08|2027-03-09|2027-03-14|2027-03-20|2027-03-21|2027-03-23|2027-03-25|2027-03-26|2027-03-27|2027-04-03|2027-04-04|2027-04-05|2027-04-10|2027-04-16|2027-04-18|2027-04-20|2027-04-24|2027-04-25|2027-04-27|2027-04-30|2027-05-01|2027-05-02|2027-05-06|2027-05-08|2027-05-10|2027-05-11|2027-05-15|2027-05-17|2027-05-18|2027-05-20|2027-05-22|2027-05-26|2027-05-27|2027-05-28|2027-05-30|2027-05-31|2027-06-02|2027-06-03|2027-06-05|2027-06-06|2027-06-07|2027-06-08|2027-06-09|2027-06-10|2027-06-11|2027-06-12|2027-06-13|2027-06-18|2027-06-19|2027-06-20|2027-06-25|2027-06-26|2027-06-27|2027-06-29|2027-06-30|2027-07-01|2027-07-02|2027-07-03|2027-07-04|2027-07-05|2027-07-06|2027-07-08|2027-07-09|2027-07-10|2027-07-11|2027-07-13|2027-07-15|2027-07-16|2027-07-17|2027-07-19|2027-07-20|2027-07-22|2027-07-24|2027-07-25|2027-07-26|2027-07-27|2027-07-28|2027-07-29|2027-07-30|2027-07-31|2027-08-01|2027-08-04|2027-08-05|2027-08-06|2027-08-07|2027-08-08|2027-08-09|2027-08-10|2027-08-11|2027-08-12|2027-08-13|2027-08-15|2027-08-19|2027-08-20|2027-08-21|2027-08-22|2027-08-26|2027-08-27|2027-08-28|2027-08-29|2027-08-30|2027-08-31|2027-09-04|2027-09-05|2027-09-06|2027-09-07|2027-09-08|2027-09-09|2027-09-12|2027-09-16|2027-09-17|2027-09-18|2027-09-19|2027-09-22,Банкетный зал на 80 гостей рядом с ЭКСПО. В меню европейская с авторскими десертами. Парковка на 60 машин. Можно приводить своих ведущих и декораторов.
HK-90114,Джулия,Банкетный зал|Ресторан,Астана,False,True,2700000,False,свадьба|юбилей|корпоратив|день рождения,русский|казахский,11,2026-09-24|2026-09-25|2026-09-27|2026-10-08|2026-10-09|2026-10-10|2026-10-12|2026-10-13|2026-10-14|2026-10-15|2026-10-19|2026-10-20|2026-10-25|2026-10-27|2026-10-31|2026-11-01|2026-11-02|2026-11-04|2026-11-05|2026-11-09|2026-11-10|2026-11-12|2026-11-15|2026-11-21|2026-11-25|2026-11-27|2026-11-29|2026-12-01|2026-12-02|2026-12-03|2026-12-04|2026-12-05|2026-12-06|2026-12-07|2026-12-08|2026-12-09|2026-12-10|2026-12-11|2026-12-12|2026-12-13|2026-12-15|2026-12-16|2026-12-17|2026-12-18|2026-12-19|2026-12-21|2026-12-22|2026-12-24|2026-12-25|2026-12-26|2026-12-27|2026-12-28|2026-12-29|2026-12-30|2026-12-31|2027-01-01|2027-01-03|2027-01-05|2027-01-09|2027-01-13|2027-01-24|2027-01-25|2027-01-30|2027-02-03|2027-02-04|2027-02-05|2027-02-07|2027-02-09|2027-02-20|2027-02-21|2027-02-26|2027-02-27|2027-02-28|2027-03-03|2027-03-06|2027-03-07|2027-03-08|2027-03-09|2027-03-12|2027-03-13|2027-03-14|2027-03-15|2027-03-18|2027-03-20|2027-03-21|2027-03-22|2027-03-23|2027-03-30|2027-04-02|2027-04-04|2027-04-05|2027-04-10|2027-04-11|2027-04-16|2027-04-18|2027-04-19|2027-04-25|2027-04-26|2027-05-01|2027-05-02|2027-05-04|2027-05-07|2027-05-08|2027-05-09|2027-05-10|2027-05-12|2027-05-15|2027-05-16|2027-05-19|2027-05-22|2027-05-26|2027-05-29|2027-05-30|2027-05-31|2027-06-01|2027-06-02|2027-06-04|2027-06-05|2027-06-06|2027-06-08|2027-06-11|2027-06-12|2027-06-13|2027-06-16|2027-06-18|2027-06-19|2027-06-20|2027-06-21|2027-06-22|2027-06-23|2027-06-25|2027-06-26|2027-06-27|2027-06-28|2027-06-29|2027-06-30|2027-07-01|2027-07-02|2027-07-03|2027-07-04|2027-07-05|2027-07-06|2027-07-07|2027-07-08|2027-07-09|2027-07-10|2027-07-11|2027-07-13|2027-07-14|2027-07-16|2027-07-17|2027-07-18|2027-07-19|2027-07-20|2027-07-22|2027-07-23|2027-07-24|2027-07-25|2027-07-28|2027-07-30|2027-07-31|2027-08-01|2027-08-04|2027-08-06|2027-08-08|2027-08-09|2027-08-12|2027-08-13|2027-08-14|2027-08-15|2027-08-16|2027-08-17|2027-08-18|2027-08-20|2027-08-21|2027-08-22|2027-08-23|2027-08-26|2027-08-27|2027-08-28|2027-08-29|2027-08-30|2027-09-01|2027-09-04|2027-09-05|2027-09-09|2027-09-11|2027-09-12|2027-09-13|2027-09-18|2027-09-19|2027-09-20|2027-09-21,"Зал торжеств на левом берегу, вместимость до 150 человек. В меню национальная и европейская. Меню от 15000 ₸ на гостя. Можно приводить своих ведущих и декораторов."
HK-90115,Юрий Брайар,Ресторан,Астана,False,True,1400000,False,день рождения|корпоратив|конференция,русский|казахский,9,2026-09-24|2026-09-25|2026-09-26|2026-09-28|2026-10-02|2026-10-03|2026-10-04|2026-10-06|2026-10-11|2026-10-17|2026-10-25|2026-10-26|2026-10-28|2026-10-31|2026-11-01|2026-11-04|2026-11-07|2026-11-08|2026-11-09|2026-11-11|2026-11-12|2026-11-13|2026-11-14|2026-11-21|2026-11-22|2026-11-29|2026-12-01|2026-12-02|2026-12-03|2026-12-08|2026-12-09|2026-12-11|2026-12-12|2026-12-14|2026-12-15|2026-12-16|2026-12-17|2026-12-18|2026-12-19|2026-12-22|2026-12-23|2026-12-24|2026-12-25|2026-12-26|2026-12-30|2026-12-31|2027-01-02|2027-01-03|2027-01-13|2027-01-28|2027-02-02|2027-02-09|2027-02-12|2027-02-17|2027-02-19|2027-02-24|2027-03-01|2027-03-03|2027-03-07|2027-03-09|2027-03-14|2027-03-17|2027-03-20|2027-03-21|2027-03-22|2027-03-23|2027-03-27|2027-03-29|2027-03-30|2027-04-02|2027-04-11|2027-04-13|2027-04-14|2027-04-21|2027-04-27|2027-04-28|2027-05-01|2027-05-02|2027-05-04|2027-05-10|2027-05-11|2027-05-12|2027-05-13|2027-05-14|2027-06-16|2027-06-18|2027-06-19|2027-06-22|2027-06-23|2027-06-25|2027-06-27|2027-06-29|2027-06-30|2027-08-09|2027-08-14|2027-08-25|2027-08-29|2027-09-07|2027-09-08|2027-09-15|2027-09-16|2027-09-21,Ресторан в районе Есиль на 200 гостей. Кухня — средиземноморская. Проектор для презентаций. Живая музыка по пятницам и субботам.
HK-90116,Фиона Фрост,Ресторан|Банкетный зал,Астана,False,True,2400000,False,юбилей|свадьба,русский|казахский,8,2026-09-25|2026-09-27|2026-09-28|2026-09-29|2026-10-02|2026-10-03|2026-10-10|2026-10-11|2026-10-18|2026-10-22|2026-10-23|2026-10-25|2026-10-28|2026-10-31|2026-11-01|2026-11-06|2026-11-07|2026-11-08|2026-11-09|2026-11-14|2026-11-19|2026-11-24|2026-11-26|2026-11-28|2026-11-30|2026-12-02|2026-12-03|2026-12-04|2026-12-05|2026-12-06|2026-12-10|2026-12-11|2026-12-12|2026-12-13|2026-12-14|2026-12-15|2026-12-19|2026-12-20|2026-12-21|2026-12-23|2026-12-24|2026-12-25|2026-12-26|2026-12-27|2026-12-28|2026-12-30|2027-01-05|2027-01-06|2027-01-17|2027-01-24|2027-01-25|2027-01-30|2027-02-04|2027-02-09|2027-02-10|2027-02-12|2027-02-13|2027-02-14|2027-02-16|2027-02-22|2027-02-24|2027-02-28|2027-03-03|2027-03-04|2027-03-06|2027-03-07|2027-03-08|2027-03-09|2027-03-20|2027-03-21|2027-03-22|2027-03-27|2027-03-29|2027-03-30|2027-03-31|2027-04-01|2027-04-03|2027-04-06|2027-04-07|2027-04-08|2027-04-09|2027-04-15|2027-04-17|2027-04-18|2027-04-25|2027-04-26|2027-04-30|2027-05-01|2027-05-04|2027-05-07|2027-05-09|2027-05-11|2027-05-12|2027-05-15|2027-05-16|2027-05-21|2027-05-22|2027-05-23|2027-05-25|2027-05-29|2027-05-30|2027-05-31|2027-06-01|2027-06-04|2027-06-05|2027-06-06|2027-06-11|2027-06-12|2027-06-13|2027-06-14|2027-06-16|2027-06-18|2027-06-20|2027-06-23|2027-06-25|2027-06-26|2027-06-27|2027-07-01|2027-07-02|2027-07-03|2027-07-04|2027-07-05|2027-07-06|2027-07-09|2027-07-10|2027-07-12|2027-07-14|2027-07-22|2027-07-24|2027-07-25|2027-07-27|2027-07-28|2027-07-29|2027-07-30|2027-07-31|2027-08-01|2027-08-03|2027-08-06|2027-08-07|2027-08-09|2027-08-12|2027-08-13|2027-08-14|2027-08-15|2027-08-20|2027-08-22|2027-08-23|2027-08-27|2027-08-28|2027-08-29|2027-08-30|2027-08-31|2027-09-01|2027-09-02|2027-09-03|2027-09-05|2027-09-08|2027-09-11|2027-09-13|2027-09-16|2027-09-19,Ресторан с отдельным залом на 250 человек в районе Есиль. Кухня — казахская в современной подаче. Живая музыка по пятницам и субботам. Банкетное меню от 15000 ₸ на гостя.
HK-90117,Беки Блэкбелл,Ресторан,Астана,False,True,2600000,False,день рождения|юбилей|конференция,русский,10,2026-09-24|2026-09-27|2026-09-30|2026-10-01|2026-10-02|2026-10-03|2026-10-04|2026-10-10|2026-10-13|2026-10-14|2026-10-18|2026-10-19|2026-10-24|2026-10-26|2026-10-30|2026-10-31|2026-11-01|2026-11-02|2026-11-06|2026-11-09|2026-11-12|2026-11-13|2026-11-14|2026-11-16|2026-11-17|2026-11-20|2026-11-21|2026-11-23|2026-11-25|2026-11-29|2026-12-01|2026-12-02|2026-12-03|2026-12-04|2026-12-05|2026-12-06|2026-12-07|2026-12-08|2026-12-09|2026-12-10|2026-12-11|2026-12-12|2026-12-13|2026-12-16|2026-12-18|2026-12-20|2026-12-21|2026-12-22|2026-12-23|2026-12-24|2026-12-25|2026-12-26|2026-12-27|2026-12-28|2026-12-30|2026-12-31|2027-01-01|2027-01-02|2027-01-13|2027-01-14|2027-01-21|2027-01-22|2027-01-27|2027-01-29|2027-02-01|2027-02-03|2027-02-04|2027-02-09|2027-02-11|2027-02-17|2027-02-18|2027-02-21|2027-02-22|2027-03-07|2027-03-08|2027-03-09|2027-03-10|2027-03-11|2027-03-19|2027-03-20|2027-03-21|2027-03-22|2027-03-23|2027-03-24|2027-03-25|2027-03-26|2027-03-28|2027-03-29|2027-03-30|2027-04-01|2027-04-02|2027-04-05|2027-04-08|2027-04-11|2027-04-12|2027-04-13|2027-04-15|2027-04-20|2027-04-28|2027-04-30|2027-05-01|2027-05-03|2027-05-06|2027-05-08|2027-05-10|2027-05-13|2027-05-21|2027-05-25|2027-05-26|2027-06-01|2027-06-02|2027-06-03|2027-06-09|2027-06-10|2027-06-13|2027-06-17|2027-06-18|2027-06-20|2027-06-23|2027-06-26|2027-06-29|2027-06-30|2027-07-02|2027-07-05|2027-07-06|2027-07-16|2027-07-19|2027-07-24|2027-08-05|2027-08-13|2027-08-30|2027-08-31|2027-09-06|2027-09-07|2027-09-08|2027-09-10|2027-09-11|2027-09-13|2027-09-14|2027-09-16|2027-09-17|2027-09-18|2027-09-21|2027-09-22,Ресторан с отдельным залом на 100 человек на левом берегу. Кухня — казахская в современной подаче. Проектор для презентаций. Живая музыка по пятницам и субботам.
HK-90118,Дэмиан Десмонд,Ресторан,Астана,False,True,900000,False,день рождения|юбилей|корпоратив|свадьба|конференция,русский|казахский,8,2026-09-23|2026-09-25|2026-09-30|2026-10-01|2026-10-02|2026-10-06|2026-10-09|2026-10-17|2026-10-18|2026-10-20|2026-10-25|2026-10-26|2026-10-27|2026-10-28|2026-10-30|2026-10-31|2026-11-01|2026-11-15|2026-11-16|2026-11-17|2026-11-18|2026-11-20|2026-11-22|2026-11-24|2026-11-25|2026-11-27|2026-11-28|2026-11-30|2026-12-03|2026-12-04|2026-12-05|2026-12-06|2026-12-07|2026-12-09|2026-12-10|2026-12-11|2026-12-12|2026-12-13|2026-12-14|2026-12-15|2026-12-16|2026-12-17|2026-12-18|2026-12-19|2026-12-20|2026-12-21|2026-12-23|2026-12-24|2026-12-25|2026-12-26|2026-12-30|2027-01-02|2027-01-03|2027-01-09|2027-01-15|2027-01-16|2027-01-18|2027-01-25|2027-01-29|2027-01-30|2027-02-02|2027-02-07|2027-02-08|2027-02-10|2027-02-13|2027-02-14|2027-02-15|2027-02-16|2027-02-21|2027-02-24|2027-02-27|2027-03-08|2027-03-13|2027-03-14|2027-03-18|2027-03-19|2027-03-20|2027-03-21|2027-03-23|2027-03-24|2027-03-27|2027-03-28|2027-03-29|2027-04-02|2027-04-03|2027-04-04|2027-04-08|2027-04-09|2027-04-10|2027-04-18|2027-04-22|2027-04-27|2027-04-30|2027-05-02|2027-05-07|2027-05-08|2027-05-09|2027-05-10|2027-05-12|2027-05-13|2027-05-14|2027-05-15|2027-05-22|2027-05-24|2027-05-26|2027-05-27|2027-05-28|2027-05-29|2027-05-30|2027-06-03|2027-06-04|2027-06-05|2027-06-06|2027-06-07|2027-06-09|2027-06-10|2027-06-11|2027-06-12|2027-06-13|2027-06-15|2027-06-18|2027-06-19|2027-06-20|2027-06-22|2027-06-24|2027-06-25|2027-06-26|2027-06-27|2027-06-28|2027-07-01|2027-07-02|2027-07-03|2027-07-04|2027-07-06|2027-07-08|2027-07-09|2027-07-10|2027-07-11|2027-07-16|2027-07-17|2027-07-18|2027-07-19|2027-07-20|2027-07-21|2027-07-22|2027-07-23|2027-07-24|2027-07-25|2027-07-27|2027-07-29|2027-07-30|2027-07-31|2027-08-02|2027-08-03|2027-08-05|2027-08-06|2027-08-07|2027-08-09|2027-08-10|2027-08-13|2027-08-14|2027-08-15|2027-08-18|2027-08-20|2027-08-21|2027-08-22|2027-08-24|2027-08-26|2027-08-27|2027-08-28|2027-08-29|2027-08-30|2027-08-31|2027-09-05|2027-09-07|2027-09-09|2027-09-11|2027-09-18|2027-09-19|2027-09-20,"Гастрономический ресторан на правом берегу, в старом центре. Кухня — грузинская. Винная карта и сомелье. Проектор для презентаций."
HK-90119,Ами Мидзуно,Ресторан,Астана,False,True,1100000,False,юбилей|корпоратив|свадьба|конференция,русский|английский,8,2026-09-24|2026-09-26|2026-09-27|2026-09-30|2026-10-02|2026-10-05|2026-10-11|2026-10-13|2026-10-14|2026-10-16|2026-10-21|2026-10-23|2026-10-28|2026-10-30|2026-10-31|2026-11-01|2026-11-02|2026-11-03|2026-11-05|2026-11-11|2026-11-13|2026-11-20|2026-11-28|2026-11-29|2026-12-02|2026-12-04|2026-12-05|2026-12-07|2026-12-08|2026-12-10|2026-12-12|2026-12-13|2026-12-14|2026-12-15|2026-12-16|2026-12-17|2026-12-18|2026-12-19|2026-12-20|2026-12-21|2026-12-22|2026-12-23|2026-12-24|2026-12-25|2026-12-26|2026-12-28|2026-12-29|2026-12-30|2026-12-31|2027-01-01|2027-01-12|2027-01-16|2027-01-18|2027-01-27|2027-02-01|2027-02-06|2027-02-08|2027-02-10|2027-02-12|2027-02-13|2027-02-14|2027-02-15|2027-02-19|2027-02-20|2027-02-21|2027-02-28|2027-03-04|2027-03-05|2027-03-06|2027-03-07|2027-03-08|2027-03-10|2027-03-11|2027-03-12|2027-03-13|2027-03-14|2027-03-15|2027-03-17|2027-03-18|2027-03-20|2027-03-21|2027-03-22|2027-03-23|2027-03-26|2027-03-28|2027-03-29|2027-03-30|2027-04-02|2027-04-04|2027-04-05|2027-04-11|2027-04-13|2027-04-21|2027-04-22|2027-04-24|2027-04-25|2027-05-02|2027-05-05|2027-05-07|2027-05-08|2027-05-11|2027-05-13|2027-05-16|2027-05-17|2027-05-18|2027-05-22|2027-05-28|2027-05-29|2027-05-30|2027-06-02|2027-06-03|2027-06-04|2027-06-05|2027-06-06|2027-06-07|2027-06-08|2027-06-11|2027-06-13|2027-06-14|2027-06-15|2027-06-17|2027-06-18|2027-06-19|2027-06-25|2027-06-26|2027-06-27|2027-06-29|2027-06-30|2027-07-01|2027-07-02|2027-07-03|2027-07-04|2027-07-06|2027-07-07|2027-07-09|2027-07-11|2027-07-16|2027-07-17|2027-07-23|2027-07-24|2027-07-25|2027-07-29|2027-07-30|2027-08-01|2027-08-03|2027-08-04|2027-08-06|2027-08-07|2027-08-08|2027-08-09|2027-08-13|2027-08-14|2027-08-15|2027-08-20|2027-08-21|2027-08-22|2027-08-24|2027-08-27|2027-08-28|2027-08-29|2027-08-30|2027-09-01|2027-09-04|2027-09-05|2027-09-08|2027-09-09|2027-09-10|2027-09-11|2027-09-13|2027-09-15|2027-09-16|2027-09-18|2027-09-19,Гастрономический ресторан в районе Байтерека. Кухня — азиатская. Винная карта и сомелье. Есть летняя терраса.
HK-90120,Рэй Хино,Лайв-бэнд,Астана,False,True,1700000,False,свадьба|юбилей|день рождения,русский|казахский|английский,5,2026-09-27|2026-09-30|2026-10-03|2026-10-04|2026-10-07|2026-10-09|2026-10-13|2026-10-17|2026-10-20|2026-10-24|2026-10-25|2026-10-27|2026-10-28|2026-11-01|2026-11-02|2026-11-03|2026-11-07|2026-11-09|2026-11-12|2026-11-18|2026-11-20|2026-11-22|2026-11-23|2026-11-29|2026-12-01|2026-12-02|2026-12-03|2026-12-04|2026-12-07|2026-12-08|2026-12-09|2026-12-10|2026-12-12|2026-12-13|2026-12-15|2026-12-16|2026-12-17|2026-12-18|2026-12-19|2026-12-20|2026-12-21|2026-12-23|2026-12-24|2026-12-25|2026-12-29|2026-12-30|2026-12-31|2027-01-01|2027-01-02|2027-01-03|2027-01-12|2027-01-16|2027-01-22|2027-01-25|2027-01-29|2027-02-12|2027-02-14|2027-02-16|2027-02-17|2027-02-19|2027-02-22|2027-02-23|2027-03-01|2027-03-02|2027-03-03|2027-03-06|2027-03-07|2027-03-08|2027-03-11|2027-03-13|2027-03-15|2027-03-16|2027-03-20|2027-03-22|2027-03-23|2027-03-27|2027-03-29|2027-04-03|2027-04-05|2027-04-09|2027-04-10|2027-04-11|2027-04-15|2027-04-16|2027-04-18|2027-04-22|2027-04-23|2027-04-24|2027-04-25|2027-04-27|2027-04-28|2027-05-01|2027-05-02|2027-05-03|2027-05-04|2027-05-05|2027-05-07|2027-05-08|2027-05-09|2027-05-10|2027-05-11|2027-05-12|2027-05-16|2027-05-17|2027-05-22|2027-05-23|2027-05-24|2027-05-26|2027-05-29|2027-06-04|2027-06-05|2027-06-06|2027-06-07|2027-06-08|2027-06-09|2027-06-11|2027-06-12|2027-06-13|2027-06-15|2027-06-16|2027-06-18|2027-06-19|2027-06-21|2027-06-25|2027-06-26|2027-06-27|2027-06-29|2027-06-30|2027-07-02|2027-07-03|2027-07-04|2027-07-07|2027-07-08|2027-07-09|2027-07-10|2027-07-11|2027-07-12|2027-07-17|2027-07-18|2027-07-19|2027-07-22|2027-07-23|2027-07-24|2027-07-25|2027-07-26|2027-07-27|2027-07-30|2027-08-05|2027-08-06|2027-08-07|2027-08-08|2027-08-12|2027-08-13|2027-08-15|2027-08-16|2027-08-20|2027-08-21|2027-08-22|2027-08-23|2027-08-25|2027-08-26|2027-08-27|2027-08-28|2027-08-29|2027-08-30|2027-08-31|2027-09-03|2027-09-05|2027-09-06|2027-09-11|2027-09-12|2027-09-13|2027-09-17|2027-09-18|2027-09-19|2027-09-22,"Акустический состав, Астана. Играем поп и танцевальные хиты. Играем и на улице, если есть питание. Сет по 4 блока по 45 минут."
HK-90121,Макото Кино,Лайв-бэнд,Астана,False,True,1550000,False,свадьба|корпоратив|юбилей|день рождения,русский,4,2026-09-23|2026-09-24|2026-09-26|2026-09-30|2026-10-02|2026-10-04|2026-10-06|2026-10-08|2026-10-09|2026-10-10|2026-10-11|2026-10-12|2026-10-13|2026-10-17|2026-10-18|2026-10-23|2026-10-25|2026-10-27|2026-10-29|2026-11-01|2026-11-03|2026-11-04|2026-11-07|2026-11-10|2026-11-12|2026-11-14|2026-11-15|2026-11-16|2026-11-17|2026-11-18|2026-11-21|2026-11-23|2026-11-24|2026-11-28|2026-12-01|2026-12-03|2026-12-04|2026-12-05|2026-12-06|2026-12-07|2026-12-09|2026-12-12|2026-12-13|2026-12-14|2026-12-15|2026-12-16|2026-12-17|2026-12-18|2026-12-19|2026-12-20|2026-12-21|2026-12-23|2026-12-24|2026-12-26|2026-12-27|2026-12-28|2026-12-29|2026-12-30|2026-12-31|2027-01-01|2027-01-05|2027-01-09|2027-01-13|2027-01-21|2027-01-22|2027-01-24|2027-01-27|2027-02-04|2027-02-05|2027-02-14|2027-02-17|2027-02-19|2027-02-21|2027-03-01|2027-03-04|2027-03-06|2027-03-07|2027-03-08|2027-03-13|2027-03-18|2027-03-20|2027-03-21|2027-03-22|2027-03-23|2027-03-29|2027-03-30|2027-04-02|2027-04-03|2027-04-04|2027-04-05|2027-04-10|2027-04-11|2027-04-14|2027-04-17|2027-04-19|2027-04-21|2027-04-25|2027-04-26|2027-04-28|2027-05-04|2027-05-05|2027-05-09|2027-05-10|2027-05-11|2027-05-12|2027-05-13|2027-05-15|2027-05-16|2027-05-18|2027-05-22|2027-05-23|2027-06-04|2027-06-05|2027-06-06|2027-06-07|2027-06-10|2027-06-11|2027-06-12|2027-06-13|2027-06-15|2027-06-16|2027-06-18|2027-06-19|2027-06-20|2027-06-21|2027-06-22|2027-06-25|2027-06-26|2027-06-27|2027-06-29|2027-06-30|2027-07-02|2027-07-04|2027-07-05|2027-07-06|2027-07-09|2027-07-10|2027-07-11|2027-07-13|2027-07-16|2027-07-17|2027-07-18|2027-07-19|2027-07-22|2027-07-23|2027-07-24|2027-07-25|2027-07-26|2027-07-27|2027-07-30|2027-07-31|2027-08-01|2027-08-06|2027-08-07|2027-08-08|2027-08-10|2027-08-13|2027-08-14|2027-08-15|2027-08-17|2027-08-18|2027-08-20|2027-08-21|2027-08-22|2027-08-23|2027-08-26|2027-08-27|2027-08-28|2027-08-29|2027-08-30|2027-09-03|2027-09-04|2027-09-05|2027-09-06|2027-09-09|2027-09-11|2027-09-12|2027-09-13|2027-09-16|2027-09-17|2027-09-18|2027-09-20|2027-09-21|2027-09-22,"Кавер-группа из 3 музыкантов, Астана. Играем рок-н-ролл и диско 80-х. Сет по 5 блока по 45 минут. Принимаем заказы песен заранее."
HK-90122,Минако Айно,Лайв-бэнд,Астана,False,True,1150000,False,той|корпоратив|день рождения,русский|казахский,6,2026-09-23|2026-09-25|2026-09-27|2026-09-28|2026-09-30|2026-10-02|2026-10-06|2026-10-08|2026-10-09|2026-10-12|2026-10-15|2026-10-16|2026-10-21|2026-10-22|2026-10-24|2026-10-25|2026-10-26|2026-10-27|2026-10-31|2026-11-06|2026-11-07|2026-11-09|2026-11-13|2026-11-14|2026-11-15|2026-11-17|2026-11-18|2026-11-22|2026-11-28|2026-12-01|2026-12-03|2026-12-04|2026-12-05|2026-12-06|2026-12-07|2026-12-08|2026-12-09|2026-12-10|2026-12-11|2026-12-12|2026-12-13|2026-12-14|2026-12-15|2026-12-17|2026-12-18|2026-12-19|2026-12-20|2026-12-21|2026-12-22|2026-12-24|2026-12-26|2026-12-27|2026-12-28|2026-12-29|2026-12-30|2026-12-31|2027-01-01|2027-01-03|2027-01-04|2027-01-08|2027-01-10|2027-01-20|2027-01-22|2027-01-24|2027-01-26|2027-01-28|2027-01-29|2027-01-31|2027-02-04|2027-02-08|2027-02-14|2027-02-22|2027-02-24|2027-02-25|2027-02-28|2027-03-04|2027-03-06|2027-03-08|2027-03-09|2027-03-10|2027-03-12|2027-03-13|2027-03-15|2027-03-16|2027-03-20|2027-03-21|2027-03-22|2027-03-23|2027-03-28|2027-04-04|2027-04-06|2027-04-07|2027-04-08|2027-04-10|2027-04-12|2027-04-15|2027-04-18|2027-04-24|2027-04-25|2027-04-26|2027-04-27|2027-04-29|2027-05-01|2027-05-02|2027-05-03|2027-05-07|2027-05-08|2027-05-09|2027-05-10|2027-05-11|2027-05-14|2027-05-15|2027-05-16|2027-05-17|2027-05-23|2027-05-24|2027-05-29|2027-05-30|2027-05-31|2027-06-01|2027-06-04|2027-06-05|2027-06-11|2027-06-12|2027-06-13|2027-06-15|2027-06-16|2027-06-18|2027-06-19|2027-06-20|2027-06-23|2027-06-24|2027-06-25|2027-06-26|2027-06-27|2027-06-28|2027-06-29|2027-07-02|2027-07-03|2027-07-04|2027-07-06|2027-07-07|2027-07-09|2027-07-10|2027-07-11|2027-07-13|2027-07-14|2027-07-15|2027-07-16|2027-07-17|2027-07-18|2027-07-19|2027-07-22|2027-07-23|2027-07-24|2027-07-27|2027-07-29|2027-07-30|2027-07-31|2027-08-01|2027-08-03|2027-08-06|2027-08-07|2027-08-08|2027-08-11|2027-08-12|2027-08-14|2027-08-15|2027-08-18|2027-08-20|2027-08-21|2027-08-22|2027-08-24|2027-08-25|2027-08-27|2027-08-28|2027-08-29|2027-08-30|2027-09-01|2027-09-03|2027-09-04|2027-09-05|2027-09-06|2027-09-11|2027-09-12|2027-09-13|2027-09-16|2027-09-18|2027-09-19|2027-09-21,"Кавер-группа из 5 музыкантов, Астана. Играем лаунж для фуршетов. Свой звук и свет на зал до 80 гостей. Сет по 4 блока по 45 минут."
HK-90123,Мамору Тиба,Шоу-программа,Астана,False,True,1100000,False,свадьба|день рождения,русский|казахский,2,2026-09-25|2026-09-30|2026-10-03|2026-10-06|2026-10-09|2026-10-13|2026-10-16|2026-10-17|2026-10-19|2026-10-21|2026-10-22|2026-10-23|2026-10-24|2026-10-26|2026-10-31|2026-11-01|2026-11-02|2026-11-04|2026-11-05|2026-11-07|2026-11-11|2026-11-12|2026-11-13|2026-11-14|2026-11-15|2026-11-16|2026-11-19|2026-11-20|2026-11-22|2026-11-25|2026-11-27|2026-11-30|2026-12-01|2026-12-03|2026-12-05|2026-12-06|2026-12-08|2026-12-09|2026-12-10|2026-12-11|2026-12-12|2026-12-13|2026-12-14|2026-12-15|2026-12-16|2026-12-17|2026-12-18|2026-12-19|2026-12-20|2026-12-21|2026-12-22|2026-12-24|2026-12-26|2026-12-29|2026-12-30|2026-12-31|2027-01-15|2027-01-16|2027-01-20|2027-01-23|2027-01-30|2027-02-01|2027-02-11|2027-02-12|2027-02-14|2027-02-17|2027-02-23|2027-02-26|2027-03-02|2027-03-03|2027-03-06|2027-03-07|2027-03-08|2027-03-11|2027-03-13|2027-03-14|2027-03-18|2027-03-20|2027-03-21|2027-03-22|2027-03-23|2027-03-25|2027-03-29|2027-03-30|2027-04-01|2027-04-04|2027-04-05|2027-04-07|2027-04-08|2027-04-10|2027-04-11|2027-04-12|2027-04-13|2027-04-14|2027-04-16|2027-04-18|2027-04-19|2027-04-24|2027-04-27|2027-04-28|2027-04-30|2027-05-01|2027-05-05|2027-05-06|2027-05-19|2027-05-21|2027-05-22|2027-05-23|2027-05-24|2027-05-26|2027-05-27|2027-05-30|2027-06-01|2027-06-02|2027-06-03|2027-06-04|2027-06-05|2027-06-06|2027-06-10|2027-06-12|2027-06-13|2027-06-14|2027-06-15|2027-06-16|2027-06-18|2027-06-19|2027-06-20|2027-06-24|2027-06-27|2027-06-28|2027-06-29|2027-07-01|2027-07-02|2027-07-03|2027-07-04|2027-07-06|2027-07-09|2027-07-11|2027-07-12|2027-07-14|2027-07-16|2027-07-19|2027-07-21|2027-07-23|2027-07-25|2027-07-28|2027-07-29|2027-07-30|2027-07-31|2027-08-01|2027-08-05|2027-08-06|2027-08-08|2027-08-09|2027-08-10|2027-08-13|2027-08-14|2027-08-15|2027-08-16|2027-08-17|2027-08-19|2027-08-20|2027-08-21|2027-08-22|2027-08-23|2027-08-24|2027-08-27|2027-08-28|2027-08-29|2027-08-31|2027-09-02|2027-09-03|2027-09-04|2027-09-05|2027-09-09|2027-09-11|2027-09-12|2027-09-13|2027-09-17|2027-09-18|2027-09-19,"Шоу-проект, Астана. Показываем барменское шоу. Нужен потолок от 5 метров. Есть страхование и допуск к выступлениям в помещении."
HK-90124,Навсикая,Шоу-программа,Астана,False,True,900000,False,корпоратив|той|день рождения,русский|казахский,3,2026-09-23|2026-09-24|2026-09-25|2026-09-26|2026-10-01|2026-10-03|2026-10-06|2026-10-08|2026-10-11|2026-10-13|2026-10-15|2026-10-17|2026-10-19|2026-10-22|2026-10-24|2026-10-25|2026-10-26|2026-10-27|2026-10-30|2026-11-01|2026-11-04|2026-11-05|2026-11-06|2026-11-08|2026-11-11|2026-11-15|2026-11-19|2026-11-20|2026-11-21|2026-11-23|2026-11-25|2026-11-28|2026-11-29|2026-11-30|2026-12-01|2026-12-02|2026-12-03|2026-12-04|2026-12-06|2026-12-07|2026-12-09|2026-12-10|2026-12-11|2026-12-12|2026-12-13|2026-12-15|2026-12-16|2026-12-17|2026-12-18|2026-12-19|2026-12-20|2026-12-21|2026-12-22|2026-12-23|2026-12-24|2026-12-25|2026-12-26|2026-12-27|2026-12-28|2026-12-30|2026-12-31|2027-01-01|2027-01-02|2027-01-03|2027-01-07|2027-01-09|2027-01-14|2027-01-18|2027-01-21|2027-01-23|2027-01-26|2027-01-27|2027-01-29|2027-01-31|2027-02-01|2027-02-02|2027-02-03|2027-02-04|2027-02-07|2027-02-13|2027-02-14|2027-02-18|2027-02-20|2027-02-24|2027-03-05|2027-03-06|2027-03-07|2027-03-08|2027-03-11|2027-03-13|2027-03-16|2027-03-18|2027-03-19|2027-03-20|2027-03-21|2027-03-22|2027-03-23|2027-03-26|2027-03-27|2027-03-28|2027-03-31|2027-04-01|2027-04-05|2027-04-06|2027-04-14|2027-04-16|2027-04-17|2027-04-18|2027-04-19|2027-04-23|2027-04-25|2027-04-26|2027-04-27|2027-05-01|2027-05-02|2027-05-05|2027-05-08|2027-05-09|2027-05-15|2027-05-16|2027-05-18|2027-05-19|2027-05-22|2027-05-23|2027-05-25|2027-05-28|2027-05-29|2027-05-30|2027-06-04|2027-06-05|2027-06-06|2027-06-12|2027-06-13|2027-06-15|2027-06-17|2027-06-18|2027-06-19|2027-06-20|2027-06-22|2027-06-23|2027-06-24|2027-06-25|2027-06-26|2027-06-27|2027-06-29|2027-07-01|2027-07-02|2027-07-03|2027-07-04|2027-07-05|2027-07-06|2027-07-07|2027-07-10|2027-07-11|2027-07-12|2027-07-15|2027-07-16|2027-07-17|2027-07-18|2027-07-19|2027-07-20|2027-07-22|2027-07-23|2027-07-24|2027-07-25|2027-07-28|2027-07-29|2027-07-30|2027-07-31|2027-08-01|2027-08-02|2027-08-03|2027-08-05|2027-08-06|2027-08-07|2027-08-08|2027-08-10|2027-08-11|2027-08-13|2027-08-14|2027-08-15|2027-08-19|2027-08-20|2027-08-21|2027-08-22|2027-08-23|2027-08-27|2027-08-28|2027-08-29|2027-08-30|2027-08-31|2027-09-04|2027-09-05|2027-09-06|2027-09-08|2027-09-11|2027-09-12|2027-09-14|2027-09-19|2027-09-20|2027-09-21|2027-09-22,"Шоу-программа, Астана. Показываем акробатов и воздушную гимнастику. Нужен потолок от 5 метров. Номер длится от 50 минут."
HK-90125,Аситака,Шоу-программа,Астана,False,True,400000,False,свадьба|день рождения|юбилей,русский|казахский,1,2026-09-23|2026-09-26|2026-10-02|2026-10-04|2026-10-07|2026-10-11|2026-10-14|2026-10-16|2026-10-17|2026-10-22|2026-10-23|2026-10-24|2026-10-25|2026-10-27|2026-10-31|2026-11-01|2026-11-02|2026-11-06|2026-11-07|2026-11-09|2026-11-10|2026-11-11|2026-11-12|2026-11-13|2026-11-14|2026-11-15|2026-11-23|2026-11-27|2026-11-29|2026-12-01|2026-12-02|2026-12-04|2026-12-05|2026-12-06|2026-12-09|2026-12-11|2026-12-12|2026-12-13|2026-12-15|2026-12-16|2026-12-18|2026-12-19|2026-12-20|2026-12-21|2026-12-22|2026-12-24|2026-12-26|2026-12-28|2026-12-29|2026-12-30|2026-12-31|2027-01-01|2027-01-02|2027-01-03|2027-01-11|2027-01-16|2027-01-18|2027-01-20|2027-01-23|2027-01-27|2027-01-30|2027-02-01|2027-02-07|2027-02-10|2027-02-13|2027-02-14|2027-02-24|2027-02-25|2027-02-27|2027-03-02|2027-03-04|2027-03-08|2027-03-10|2027-03-20|2027-03-21|2027-03-22|2027-03-23|2027-03-24|2027-03-30|2027-04-03|2027-04-04|2027-04-12|2027-04-17|2027-04-20|2027-04-22|2027-04-23|2027-04-25|2027-05-02|2027-05-05|2027-05-08|2027-05-11|2027-05-13|2027-05-16|2027-05-22|2027-05-28|2027-05-29|2027-06-01|2027-06-05|2027-06-06|2027-06-09|2027-06-11|2027-06-12|2027-06-13|2027-06-15|2027-06-18|2027-06-19|2027-06-20|2027-06-25|2027-06-26|2027-06-27|2027-06-28|2027-07-02|2027-07-03|2027-07-04|2027-07-07|2027-07-08|2027-07-11|2027-07-13|2027-07-16|2027-07-17|2027-07-22|2027-07-24|2027-07-25|2027-07-26|2027-07-27|2027-07-29|2027-07-30|2027-07-31|2027-08-01|2027-08-02|2027-08-07|2027-08-08|2027-08-14|2027-08-15|2027-08-18|2027-08-19|2027-08-21|2027-08-22|2027-08-23|2027-08-27|2027-08-28|2027-08-29|2027-08-30|2027-09-01|2027-09-02|2027-09-04|2027-09-05|2027-09-07|2027-09-10|2027-09-11|2027-09-14|2027-09-17|2027-09-18|2027-09-20,"Шоу-программа, Астана. Показываем акробатов и воздушную гимнастику. Нужен потолок от 5 метров. Можем встроить имена молодожёнов или логотип компании."
HK-90126,Порко Россо,Танцевальный коллектив,Астана,False,True,250000,False,свадьба|той|юбилей,русский|казахский,3,2026-09-23|2026-09-26|2026-09-28|2026-09-29|2026-10-02|2026-10-03|2026-10-04|2026-10-06|2026-10-09|2026-10-10|2026-10-11|2026-10-16|2026-10-17|2026-10-19|2026-10-20|2026-10-21|2026-10-22|2026-10-23|2026-10-26|2026-10-27|2026-10-28|2026-10-29|2026-10-30|2026-10-31|2026-11-01|2026-11-05|2026-11-06|2026-11-10|2026-11-12|2026-11-13|2026-11-15|2026-11-20|2026-11-21|2026-11-22|2026-11-23|2026-11-25|2026-11-27|2026-11-28|2026-12-01|2026-12-03|2026-12-05|2026-12-06|2026-12-11|2026-12-12|2026-12-13|2026-12-14|2026-12-15|2026-12-16|2026-12-17|2026-12-18|2026-12-19|2026-12-20|2026-12-21|2026-12-22|2026-12-25|2026-12-26|2026-12-28|2026-12-29|2026-12-30|2026-12-31|2027-01-01|2027-01-03|2027-01-04|2027-01-06|2027-01-07|2027-01-08|2027-01-11|2027-01-17|2027-01-18|2027-01-22|2027-01-24|2027-01-25|2027-01-29|2027-02-02|2027-02-03|2027-02-05|2027-02-09|2027-02-12|2027-02-14|2027-02-21|2027-02-24|2027-02-28|2027-03-05|2027-03-07|2027-03-09|2027-03-10|2027-03-13|2027-03-16|2027-03-17|2027-03-18|2027-03-21|2027-03-22|2027-03-23|2027-03-25|2027-03-26|2027-03-29|2027-04-04|2027-04-10|2027-04-11|2027-04-12|2027-04-24|2027-04-25|2027-04-29|2027-05-02|2027-05-05|2027-05-07|2027-05-09|2027-05-11|2027-05-12|2027-05-18|2027-05-19|2027-05-23|2027-05-24|2027-05-29|2027-05-30|2027-06-01|2027-06-03|2027-06-05|2027-06-06|2027-06-08|2027-06-11|2027-06-12|2027-06-13|2027-06-14|2027-06-15|2027-06-17|2027-06-18|2027-06-19|2027-06-20|2027-06-21|2027-06-22|2027-06-23|2027-06-24|2027-06-25|2027-06-26|2027-06-27|2027-06-28|2027-06-29|2027-06-30|2027-07-01|2027-07-02|2027-07-03|2027-07-04|2027-07-05|2027-07-06|2027-07-09|2027-07-10|2027-07-11|2027-07-12|2027-07-13|2027-07-14|2027-07-15|2027-07-16|2027-07-17|2027-07-18|2027-07-23|2027-07-24|2027-07-25|2027-07-27|2027-07-28|2027-07-29|2027-07-30|2027-07-31|2027-08-01|2027-08-02|2027-08-03|2027-08-06|2027-08-07|2027-08-08|2027-08-09|2027-08-13|2027-08-14|2027-08-15|2027-08-17|2027-08-18|2027-08-19|2027-08-20|2027-08-21|2027-08-22|2027-08-23|2027-08-25|2027-08-27|2027-08-28|2027-08-29|2027-08-30|2027-08-31|2027-09-04|2027-09-05|2027-09-11|2027-09-13|2027-09-14|2027-09-18|2027-09-19|2027-09-22,"Танцевальный коллектив, Астана. Направление — современная хореография и хип-хоп. Постановка первого танца за 3 репетиций. Выходим составом от 3 человек."
HK-90127,Шита,Танцевальный коллектив,Астана,False,True,400000,False,корпоратив|юбилей,русский|казахский,3,2026-09-23|2026-10-01|2026-10-02|2026-10-03|2026-10-10|2026-10-24|2026-11-01|2026-11-03|2026-11-08|2026-11-10|2026-11-12|2026-11-16|2026-11-19|2026-11-20|2026-11-22|2026-11-24|2026-11-26|2026-11-29|2026-12-01|2026-12-04|2026-12-05|2026-12-07|2026-12-11|2026-12-12|2026-12-14|2026-12-15|2026-12-17|2026-12-18|2026-12-19|2026-12-20|2026-12-21|2026-12-22|2026-12-24|2026-12-25|2026-12-27|2026-12-28|2026-12-31|2027-01-01|2027-01-03|2027-01-11|2027-01-25|2027-02-05|2027-02-12|2027-02-13|2027-02-14|2027-02-18|2027-02-24|2027-02-25|2027-03-04|2027-03-05|2027-03-07|2027-03-09|2027-03-10|2027-03-15|2027-03-19|2027-03-20|2027-03-23|2027-04-01|2027-04-02|2027-04-05|2027-04-06|2027-04-08|2027-04-10|2027-04-12|2027-04-13|2027-04-22|2027-04-25|2027-04-28|2027-04-29|2027-04-30|2027-05-01|2027-05-02|2027-05-03|2027-05-05|2027-05-08|2027-05-09|2027-05-13|2027-05-14|2027-05-18|2027-05-20|2027-05-24|2027-05-25|2027-05-26|2027-05-27|2027-05-28|2027-05-29|2027-06-02|2027-06-07|2027-06-08|2027-06-10|2027-06-12|2027-06-17|2027-06-18|2027-06-21|2027-07-03|2027-07-06|2027-08-09|2027-08-16|2027-08-17|2027-08-18|2027-08-30|2027-09-01|2027-09-03|2027-09-04|2027-09-08|2027-09-11|2027-09-15|2027-09-20,"Танцевальный коллектив, Астана. Направление — казахские танцы в современной обработке. Вовлекаем гостей в общий танец. Костюмы под тематику вечера."
HK-90128,Пазу,Национальный ансамбль,Астана,False,True,350000,False,той|свадьба|корпоратив|конференция,русский|казахский,2,2026-09-25|2026-09-30|2026-10-02|2026-10-03|2026-10-05|2026-10-07|2026-10-11|2026-10-13|2026-10-17|2026-10-19|2026-10-23|2026-10-24|2026-10-30|2026-11-02|2026-11-06|2026-11-07|2026-11-09|2026-11-11|2026-11-12|2026-11-13|2026-11-16|2026-11-19|2026-11-22|2026-11-23|2026-11-25|2026-11-26|2026-11-28|2026-11-29|2026-12-01|2026-12-02|2026-12-03|2026-12-04|2026-12-06|2026-12-08|2026-12-10|2026-12-13|2026-12-14|2026-12-15|2026-12-16|2026-12-17|2026-12-19|2026-12-20|2026-12-22|2026-12-23|2026-12-24|2026-12-25|2026-12-26|2026-12-27|2026-12-28|2026-12-29|2026-12-30|2026-12-31|2027-01-01|2027-01-07|2027-01-10|2027-01-12|2027-01-14|2027-01-17|2027-01-23|2027-01-24|2027-01-28|2027-01-31|2027-02-01|2027-02-02|2027-02-03|2027-02-04|2027-02-05|2027-02-07|2027-02-09|2027-02-13|2027-02-19|2027-02-24|2027-02-26|2027-03-07|2027-03-10|2027-03-13|2027-03-14|2027-03-20|2027-03-21|2027-03-22|2027-03-25|2027-03-27|2027-03-28|2027-03-30|2027-04-01|2027-04-02|2027-04-04|2027-04-09|2027-04-11|2027-04-12|2027-04-15|2027-04-18|2027-04-20|2027-04-23|2027-04-24|2027-04-29|2027-05-01|2027-05-02|2027-05-03|2027-05-08|2027-05-09|2027-05-10|2027-05-15|2027-05-16|2027-05-21|2027-05-22|2027-05-29|2027-06-01|2027-06-02|2027-06-03|2027-06-04|2027-06-06|2027-06-07|2027-06-09|2027-06-10|2027-06-11|2027-06-12|2027-06-13|2027-06-18|2027-06-20|2027-06-25|2027-06-27|2027-06-29|2027-06-30|2027-07-01|2027-07-04|2027-07-06|2027-07-08|2027-07-09|2027-07-10|2027-07-11|2027-07-12|2027-07-13|2027-07-16|2027-07-17|2027-07-18|2027-07-19|2027-07-22|2027-07-23|2027-07-24|2027-07-25|2027-07-27|2027-07-30|2027-08-01|2027-08-05|2027-08-06|2027-08-07|2027-08-08|2027-08-10|2027-08-12|2027-08-13|2027-08-14|2027-08-15|2027-08-19|2027-08-20|2027-08-21|2027-08-22|2027-08-26|2027-08-27|2027-08-28|2027-08-29|2027-08-30|2027-08-31|2027-09-04|2027-09-05|2027-09-10|2027-09-11|2027-09-12|2027-09-13|2027-09-14|2027-09-15|2027-09-17|2027-09-18|2027-09-19,"Этно-ансамбль, Астана. В программе: кюи и песни на казахском. Выступаем в костюмах разных регионов. Сопровождаем беташар и шашу."
HK-90129,Маркл,Национальный ансамбль,Астана,False,True,550000,False,свадьба|юбилей|корпоратив|конференция,русский,3,2026-09-24|2026-09-25|2026-09-27|2026-09-28|2026-09-29|2026-10-01|2026-10-03|2026-10-04|2026-10-10|2026-10-13|2026-10-14|2026-10-15|2026-10-17|2026-10-18|2026-10-23|2026-10-25|2026-10-26|2026-10-27|2026-10-29|2026-10-30|2026-10-31|2026-11-01|2026-11-02|2026-11-10|2026-11-11|2026-11-15|2026-11-16|2026-11-21|2026-11-22|2026-11-25|2026-11-26|2026-11-29|2026-11-30|2026-12-01|2026-12-05|2026-12-06|2026-12-07|2026-12-09|2026-12-10|2026-12-11|2026-12-12|2026-12-14|2026-12-15|2026-12-16|2026-12-17|2026-12-18|2026-12-19|2026-12-20|2026-12-22|2026-12-24|2026-12-26|2026-12-30|2027-01-01|2027-01-02|2027-01-07|2027-01-16|2027-01-20|2027-01-21|2027-01-23|2027-01-26|2027-02-06|2027-02-10|2027-02-12|2027-02-13|2027-02-14|2027-02-18|2027-02-20|2027-02-26|2027-03-02|2027-03-07|2027-03-08|2027-03-11|2027-03-15|2027-03-20|2027-03-22|2027-03-23|2027-03-26|2027-03-27|2027-03-28|2027-04-06|2027-04-10|2027-04-11|2027-04-12|2027-04-19|2027-04-21|2027-04-22|2027-04-26|2027-05-02|2027-05-06|2027-05-07|2027-05-08|2027-05-11|2027-05-13|2027-05-15|2027-05-16|2027-05-18|2027-05-20|2027-05-22|2027-05-23|2027-05-24|2027-05-25|2027-05-29|2027-05-30|2027-05-31|2027-06-02|2027-06-04|2027-06-05|2027-06-06|2027-06-07|2027-06-11|2027-06-13|2027-06-16|2027-06-18|2027-06-20|2027-06-21|2027-06-22|2027-06-25|2027-06-26|2027-07-02|2027-07-03|2027-07-04|2027-07-06|2027-07-07|2027-07-08|2027-07-10|2027-07-13|2027-07-14|2027-07-15|2027-07-16|2027-07-17|2027-07-20|2027-07-21|2027-07-23|2027-07-25|2027-07-29|2027-07-30|2027-08-01|2027-08-03|2027-08-04|2027-08-06|2027-08-07|2027-08-08|2027-08-13|2027-08-14|2027-08-15|2027-08-16|2027-08-18|2027-08-20|2027-08-21|2027-08-22|2027-08-23|2027-08-24|2027-08-28|2027-08-29|2027-09-01|2027-09-04|2027-09-05|2027-09-09|2027-09-11|2027-09-12|2027-09-13|2027-09-14|2027-09-16|2027-09-18|2027-09-20|2027-09-22,"Фольклорный коллектив, Астана. В программе: домбра и сазсырнай. Сопровождаем беташар и шашу. Выступаем в костюмах разных регионов."
HK-90130,Саяка Мики,Национальный ансамбль|Танцевальный коллектив,Астана,False,True,700000,False,той|свадьба|юбилей,русский|казахский,4,2026-09-25|2026-09-27|2026-09-30|2026-10-01|2026-10-02|2026-10-03|2026-10-06|2026-10-08|2026-10-10|2026-10-11|2026-10-16|2026-10-18|2026-10-21|2026-10-23|2026-10-25|2026-10-26|2026-10-29|2026-10-31|2026-11-06|2026-11-12|2026-11-14|2026-11-15|2026-11-19|2026-11-22|2026-11-23|2026-11-27|2026-12-01|2026-12-02|2026-12-03|2026-12-05|2026-12-06|2026-12-07|2026-12-08|2026-12-09|2026-12-10|2026-12-11|2026-12-12|2026-12-13|2026-12-15|2026-12-16|2026-12-18|2026-12-19|2026-12-20|2026-12-21|2026-12-22|2026-12-23|2026-12-25|2026-12-26|2026-12-27|2026-12-28|2026-12-29|2026-12-30|2026-12-31|2027-01-01|2027-01-03|2027-01-10|2027-01-12|2027-01-17|2027-01-18|2027-01-20|2027-01-21|2027-01-28|2027-01-31|2027-02-06|2027-02-07|2027-02-09|2027-02-20|2027-02-21|2027-02-24|2027-03-01|2027-03-02|2027-03-03|2027-03-07|2027-03-08|2027-03-11|2027-03-12|2027-03-14|2027-03-19|2027-03-20|2027-03-21|2027-03-22|2027-03-23|2027-03-25|2027-03-27|2027-03-28|2027-03-29|2027-03-30|2027-04-01|2027-04-04|2027-04-06|2027-04-07|2027-04-08|2027-04-12|2027-04-13|2027-04-17|2027-04-21|2027-04-22|2027-04-24|2027-04-25|2027-04-29|2027-05-01|2027-05-03|2027-05-05|2027-05-08|2027-05-10|2027-05-13|2027-05-14|2027-05-16|2027-05-19|2027-05-22|2027-05-23|2027-05-24|2027-05-29|2027-06-02|2027-06-03|2027-06-04|2027-06-06|2027-06-07|2027-06-11|2027-06-13|2027-06-14|2027-06-16|2027-06-17|2027-06-18|2027-06-19|2027-06-20|2027-06-22|2027-06-25|2027-06-26|2027-06-27|2027-06-30|2027-07-02|2027-07-03|2027-07-04|2027-07-06|2027-07-07|2027-07-09|2027-07-10|2027-07-11|2027-07-14|2027-07-16|2027-07-17|2027-07-18|2027-07-21|2027-07-24|2027-07-25|2027-07-26|2027-07-30|2027-07-31|2027-08-01|2027-08-04|2027-08-06|2027-08-07|2027-08-08|2027-08-12|2027-08-13|2027-08-14|2027-08-15|2027-08-17|2027-08-19|2027-08-20|2027-08-21|2027-08-22|2027-08-23|2027-08-24|2027-08-26|2027-08-27|2027-08-28|2027-08-29|2027-09-02|2027-09-03|2027-09-04|2027-09-05|2027-09-06|2027-09-08|2027-09-11|2027-09-12|2027-09-15|2027-09-16|2027-09-19|2027-09-21,"Этно-ансамбль, Астана. В программе: этно-фьюжн с электронной обработкой. Выступаем в костюмах разных регионов. Встречаем гостей у входа."
HK-90131,Мами Томоэ,Декоратор,Астана,False,True,2400000,False,свадьба|той|юбилей|день рождения,русский|казахский,,2026-09-25|2026-09-27|2026-09-28|2026-09-30|2026-10-02|2026-10-10|2026-10-11|2026-10-15|2026-10-19|2026-10-22|2026-10-25|2026-11-01|2026-11-03|2026-11-05|2026-11-08|2026-11-10|2026-11-12|2026-11-14|2026-11-16|2026-11-20|2026-11-23|2026-11-24|2026-12-01|2026-12-02|2026-12-03|2026-12-04|2026-12-05|2026-12-06|2026-12-07|2026-12-09|2026-12-11|2026-12-12|2026-12-14|2026-12-15|2026-12-16|2026-12-18|2026-12-20|2026-12-21|2026-12-22|2026-12-24|2026-12-25|2026-12-26|2026-12-27|2026-12-29|2026-12-30|2027-01-01|2027-01-03|2027-01-04|2027-01-07|2027-01-10|2027-01-12|2027-01-16|2027-01-26|2027-01-27|2027-01-30|2027-02-08|2027-02-10|2027-02-11|2027-02-13|2027-02-14|2027-02-15|2027-02-16|2027-02-17|2027-02-25|2027-02-27|2027-03-01|2027-03-05|2027-03-06|2027-03-07|2027-03-08|2027-03-12|2027-03-15|2027-03-17|2027-03-20|2027-03-21|2027-03-22|2027-03-23|2027-03-24|2027-03-25|2027-04-01|2027-04-04|2027-04-06|2027-04-08|2027-04-09|2027-04-10|2027-04-15|2027-04-16|2027-04-18|2027-04-20|2027-04-21|2027-04-22|2027-04-25|2027-04-28|2027-04-29|2027-05-01|2027-05-02|2027-05-06|2027-05-09|2027-05-13|2027-05-16|2027-05-19|2027-05-22|2027-05-23|2027-05-25|2027-05-29|2027-06-03|2027-06-04|2027-06-05|2027-06-07|2027-06-09|2027-06-11|2027-06-13|2027-06-16|2027-06-18|2027-06-19|2027-06-21|2027-06-22|2027-06-23|2027-06-25|2027-06-26|2027-06-27|2027-06-28|2027-06-30|2027-07-02|2027-07-03|2027-07-04|2027-07-05|2027-07-07|2027-07-09|2027-07-10|2027-07-11|2027-07-12|2027-07-13|2027-07-15|2027-07-18|2027-07-20|2027-07-21|2027-07-23|2027-07-24|2027-07-25|2027-07-26|2027-07-28|2027-07-30|2027-08-01|2027-08-02|2027-08-05|2027-08-06|2027-08-07|2027-08-08|2027-08-10|2027-08-11|2027-08-12|2027-08-15|2027-08-21|2027-08-22|2027-08-27|2027-08-29|2027-08-31|2027-09-03|2027-09-04|2027-09-05|2027-09-06|2027-09-08|2027-09-09|2027-09-10|2027-09-11|2027-09-12|2027-09-16|2027-09-17|2027-09-18|2027-09-19|2027-09-22,"Дизайнер мероприятий, Астана. Любимое направление — минимализм. Выезжаем на площадки за городом. Есть свой склад декора."
HK-90132,Тика Фудзивара,Декоратор,Астана,False,True,1350000,False,свадьба|той|юбилей|день рождения,русский|казахский,,2026-09-23|2026-09-25|2026-09-26|2026-09-27|2026-09-30|2026-10-01|2026-10-02|2026-10-03|2026-10-05|2026-10-07|2026-10-10|2026-10-11|2026-10-14|2026-10-15|2026-10-16|2026-10-17|2026-10-20|2026-10-22|2026-10-24|2026-10-25|2026-10-26|2026-10-27|2026-10-28|2026-10-31|2026-11-03|2026-11-04|2026-11-06|2026-11-07|2026-11-08|2026-11-09|2026-11-10|2026-11-11|2026-11-13|2026-11-14|2026-11-15|2026-11-16|2026-11-18|2026-11-21|2026-11-22|2026-11-23|2026-11-25|2026-11-27|2026-11-28|2026-11-29|2026-12-01|2026-12-02|2026-12-04|2026-12-05|2026-12-07|2026-12-08|2026-12-09|2026-12-11|2026-12-12|2026-12-14|2026-12-15|2026-12-16|2026-12-17|2026-12-18|2026-12-19|2026-12-20|2026-12-21|2026-12-22|2026-12-23|2026-12-24|2026-12-25|2026-12-26|2026-12-28|2026-12-30|2026-12-31|2027-01-01|2027-01-02|2027-01-03|2027-01-07|2027-01-23|2027-01-31|2027-02-01|2027-02-02|2027-02-06|2027-02-12|2027-02-16|2027-02-20|2027-02-21|2027-02-22|2027-02-25|2027-02-27|2027-03-02|2027-03-03|2027-03-05|2027-03-06|2027-03-08|2027-03-12|2027-03-16|2027-03-20|2027-03-21|2027-03-22|2027-03-23|2027-03-24|2027-03-26|2027-03-27|2027-04-02|2027-04-07|2027-04-09|2027-04-11|2027-04-16|2027-04-17|2027-04-18|2027-04-19|2027-04-21|2027-04-24|2027-04-25|2027-04-28|2027-05-01|2027-05-02|2027-05-08|2027-05-09|2027-05-11|2027-05-12|2027-05-13|2027-05-15|2027-05-16|2027-05-21|2027-05-22|2027-05-23|2027-05-26|2027-05-27|2027-05-29|2027-06-02|2027-06-04|2027-06-05|2027-06-06|2027-06-07|2027-06-08|2027-06-09|2027-06-10|2027-06-11|2027-06-12|2027-06-13|2027-06-16|2027-06-18|2027-06-19|2027-06-20|2027-06-23|2027-06-25|2027-06-26|2027-06-27|2027-06-28|2027-06-30|2027-07-02|2027-07-03|2027-07-04|2027-07-06|2027-07-07|2027-07-08|2027-07-09|2027-07-10|2027-07-11|2027-07-15|2027-07-16|2027-07-17|2027-07-18|2027-07-21|2027-07-23|2027-07-24|2027-07-25|2027-07-26|2027-07-28|2027-07-29|2027-07-31|2027-08-01|2027-08-03|2027-08-04|2027-08-05|2027-08-06|2027-08-07|2027-08-08|2027-08-12|2027-08-13|2027-08-14|2027-08-16|2027-08-17|2027-08-18|2027-08-20|2027-08-21|2027-08-22|2027-08-23|2027-08-27|2027-08-28|2027-08-30|2027-09-04|2027-09-05|2027-09-06|2027-09-08|2027-09-10|2027-09-11|2027-09-12|2027-09-13|2027-09-14|2027-09-16|2027-09-18|2027-09-19|2027-09-20,"Декоратор, Астана. Любимое направление — классика с текстилем. Монтаж накануне или с утра в день мероприятия. Делаем президиум, фотозону и арки."
HK-90133,Рюдзи Такасу,Флорист,Астана,False,True,300000,False,свадьба|той,русский|английский|казахский,,2026-09-25|2026-09-26|2026-09-27|2026-09-28|2026-09-29|2026-09-30|2026-10-01|2026-10-04|2026-10-11|2026-10-18|2026-10-19|2026-10-20|2026-11-01|2026-11-02|2026-11-05|2026-11-10|2026-11-14|2026-11-20|2026-11-21|2026-11-22|2026-11-23|2026-12-03|2026-12-04|2026-12-06|2026-12-07|2026-12-09|2026-12-10|2026-12-11|2026-12-14|2026-12-15|2026-12-16|2026-12-17|2026-12-18|2026-12-20|2026-12-21|2026-12-22|2026-12-23|2026-12-25|2026-12-26|2026-12-27|2026-12-28|2026-12-29|2026-12-31|2027-01-02|2027-01-06|2027-01-09|2027-01-17|2027-01-18|2027-01-21|2027-01-28|2027-02-01|2027-02-05|2027-02-08|2027-02-14|2027-02-16|2027-02-28|2027-03-04|2027-03-07|2027-03-08|2027-03-09|2027-03-13|2027-03-15|2027-03-16|2027-03-20|2027-03-21|2027-03-22|2027-03-23|2027-03-29|2027-03-31|2027-04-10|2027-04-11|2027-04-18|2027-04-20|2027-04-22|2027-04-23|2027-04-24|2027-04-25|2027-05-08|2027-05-14|2027-05-17|2027-05-18|2027-05-19|2027-05-21|2027-05-26|2027-05-28|2027-05-30|2027-05-31|2027-06-04|2027-06-05|2027-06-06|2027-06-07|2027-06-08|2027-06-11|2027-06-12|2027-06-18|2027-06-21|2027-06-27|2027-06-28|2027-07-02|2027-07-04|2027-07-06|2027-07-08|2027-07-09|2027-07-10|2027-07-12|2027-07-13|2027-07-16|2027-07-17|2027-07-18|2027-07-20|2027-07-22|2027-07-23|2027-07-31|2027-08-01|2027-08-03|2027-08-05|2027-08-06|2027-08-07|2027-08-08|2027-08-09|2027-08-12|2027-08-13|2027-08-14|2027-08-15|2027-08-17|2027-08-22|2027-08-27|2027-08-28|2027-08-30|2027-09-04|2027-09-09|2027-09-11|2027-09-13|2027-09-16|2027-09-17|2027-09-18|2027-09-19|2027-09-21,"Цветочная мастерская, Астана. Делаем букеты невест и бутоньерки. Монтаж накануне вечером. Доставка в день мероприятия."
HK-90134,Ами Кавасима,Флорист,Астана,False,True,100000,False,корпоратив|той,русский|казахский|английский,,2026-09-24|2026-09-25|2026-09-27|2026-09-28|2026-09-29|2026-10-01|2026-10-02|2026-10-04|2026-10-06|2026-10-07|2026-10-09|2026-10-13|2026-10-22|2026-10-24|2026-10-26|2026-10-31|2026-11-01|2026-11-03|2026-11-05|2026-11-06|2026-11-08|2026-11-13|2026-11-14|2026-11-17|2026-11-20|2026-11-27|2026-11-28|2026-11-30|2026-12-01|2026-12-04|2026-12-05|2026-12-06|2026-12-07|2026-12-08|2026-12-09|2026-12-11|2026-12-12|2026-12-13|2026-12-14|2026-12-15|2026-12-16|2026-12-17|2026-12-18|2026-12-19|2026-12-20|2026-12-21|2026-12-22|2026-12-23|2026-12-25|2026-12-26|2026-12-27|2026-12-28|2026-12-29|2026-12-31|2027-01-01|2027-01-03|2027-01-07|2027-01-16|2027-01-21|2027-01-26|2027-01-29|2027-02-13|2027-02-18|2027-02-19|2027-02-20|2027-02-21|2027-02-25|2027-03-05|2027-03-08|2027-03-12|2027-03-13|2027-03-20|2027-03-21|2027-03-22|2027-03-23|2027-03-28|2027-03-29|2027-03-30|2027-03-31|2027-04-04|2027-04-05|2027-04-07|2027-04-08|2027-04-10|2027-04-11|2027-04-17|2027-04-18|2027-04-19|2027-04-24|2027-04-28|2027-05-01|2027-05-02|2027-05-04|2027-05-10|2027-05-11|2027-05-16|2027-05-22|2027-05-23|2027-05-27|2027-05-29|2027-05-30|2027-06-01|2027-06-02|2027-06-03|2027-06-04|2027-06-05|2027-06-06|2027-06-07|2027-06-08|2027-06-11|2027-06-12|2027-06-15|2027-06-16|2027-06-17|2027-06-19|2027-06-20|2027-06-22|2027-06-26|2027-06-27|2027-06-29|2027-06-30|2027-07-02|2027-07-03|2027-07-04|2027-07-09|2027-07-10|2027-07-11|2027-07-15|2027-07-16|2027-07-17|2027-07-18|2027-07-21|2027-07-24|2027-07-25|2027-07-30|2027-07-31|2027-08-01|2027-08-02|2027-08-03|2027-08-07|2027-08-08|2027-08-11|2027-08-12|2027-08-13|2027-08-14|2027-08-15|2027-08-16|2027-08-17|2027-08-20|2027-08-21|2027-08-22|2027-08-24|2027-08-25|2027-08-26|2027-08-27|2027-08-28|2027-08-29|2027-08-31|2027-09-05|2027-09-08|2027-09-10|2027-09-12|2027-09-13|2027-09-14|2027-09-17|2027-09-18|2027-09-19|2027-09-21,"Флористическая студия, Астана. Делаем цветочные арки. Работаем с сезонными и привозными цветами. Подбираем палитру под декор зала."
HK-90135,Минори Кусиэда,Ведущий церемонии,Астана,False,True,240000,False,свадьба,русский|казахский|английский,2,2026-09-24|2026-10-02|2026-10-03|2026-10-08|2026-10-10|2026-10-16|2026-10-17|2026-10-19|2026-10-23|2026-10-25|2026-10-30|2026-11-01|2026-11-03|2026-11-05|2026-11-08|2026-11-09|2026-11-15|2026-11-20|2026-11-23|2026-11-24|2026-11-27|2026-11-28|2026-12-01|2026-12-02|2026-12-03|2026-12-05|2026-12-06|2026-12-07|2026-12-08|2026-12-10|2026-12-11|2026-12-12|2026-12-13|2026-12-15|2026-12-16|2026-12-17|2026-12-18|2026-12-20|2026-12-21|2026-12-23|2026-12-24|2026-12-25|2026-12-26|2026-12-28|2026-12-30|2026-12-31|2027-01-02|2027-01-03|2027-01-04|2027-01-14|2027-01-15|2027-01-29|2027-01-31|2027-02-01|2027-02-05|2027-02-13|2027-02-14|2027-02-15|2027-02-21|2027-02-26|2027-02-27|2027-03-02|2027-03-03|2027-03-05|2027-03-07|2027-03-08|2027-03-13|2027-03-14|2027-03-16|2027-03-21|2027-03-22|2027-03-23|2027-03-28|2027-03-31|2027-04-04|2027-04-07|2027-04-08|2027-04-10|2027-04-12|2027-04-15|2027-04-18|2027-04-19|2027-04-20|2027-04-23|2027-04-24|2027-05-01|2027-05-02|2027-05-05|2027-05-07|2027-05-08|2027-05-09|2027-05-12|2027-05-13|2027-05-15|2027-05-16|2027-05-20|2027-05-21|2027-05-23|2027-05-24|2027-05-25|2027-05-29|2027-06-02|2027-06-03|2027-06-04|2027-06-05|2027-06-06|2027-06-07|2027-06-11|2027-06-12|2027-06-13|2027-06-16|2027-06-17|2027-06-18|2027-06-23|2027-06-26|2027-06-28|2027-06-29|2027-07-02|2027-07-04|2027-07-05|2027-07-06|2027-07-08|2027-07-09|2027-07-10|2027-07-11|2027-07-12|2027-07-13|2027-07-16|2027-07-17|2027-07-18|2027-07-19|2027-07-23|2027-07-24|2027-07-25|2027-07-26|2027-07-27|2027-07-29|2027-08-01|2027-08-03|2027-08-05|2027-08-06|2027-08-07|2027-08-09|2027-08-10|2027-08-12|2027-08-13|2027-08-14|2027-08-18|2027-08-20|2027-08-22|2027-08-23|2027-08-24|2027-08-25|2027-08-27|2027-08-29|2027-09-01|2027-09-02|2027-09-04|2027-09-05|2027-09-07|2027-09-08|2027-09-11|2027-09-12|2027-09-18|2027-09-19|2027-09-20|2027-09-21,"Ведущая свадебных церемоний, Астана. Подача короткая и трогательная. Помогаю с репетицией выхода. Веду на двух языках. Веду на казахском и русском. Работаю с англоязычными гостями."
HK-90136,Юки Нагато,Фото и видеобудки,Астана,False,True,250000,False,свадьба|день рождения|юбилей|той,русский|казахский|английский,3,2026-09-23|2026-09-27|2026-10-03|2026-10-04|2026-10-10|2026-10-12|2026-10-13|2026-10-19|2026-10-31|2026-11-02|2026-11-04|2026-11-06|2026-11-07|2026-11-08|2026-11-11|2026-11-13|2026-11-15|2026-11-19|2026-11-21|2026-11-22|2026-11-26|2026-11-28|2026-11-29|2026-12-01|2026-12-03|2026-12-05|2026-12-06|2026-12-11|2026-12-12|2026-12-13|2026-12-14|2026-12-15|2026-12-16|2026-12-17|2026-12-19|2026-12-20|2026-12-22|2026-12-23|2026-12-26|2026-12-28|2026-12-30|2027-01-01|2027-01-08|2027-01-11|2027-01-12|2027-01-17|2027-01-25|2027-02-04|2027-02-08|2027-02-12|2027-02-14|2027-02-16|2027-02-18|2027-02-21|2027-02-23|2027-03-03|2027-03-04|2027-03-07|2027-03-10|2027-03-11|2027-03-14|2027-03-20|2027-03-21|2027-03-22|2027-03-23|2027-03-26|2027-03-28|2027-04-03|2027-04-04|2027-04-07|2027-04-09|2027-04-18|2027-04-22|2027-04-28|2027-04-30|2027-05-06|2027-05-08|2027-05-09|2027-05-12|2027-05-15|2027-05-19|2027-05-20|2027-06-04|2027-06-05|2027-06-11|2027-06-12|2027-06-14|2027-06-15|2027-06-16|2027-06-19|2027-06-20|2027-06-23|2027-06-25|2027-06-27|2027-06-29|2027-06-30|2027-07-01|2027-07-02|2027-07-03|2027-07-07|2027-07-09|2027-07-10|2027-07-13|2027-07-15|2027-07-17|2027-07-18|2027-07-22|2027-07-25|2027-07-27|2027-07-28|2027-07-29|2027-07-30|2027-08-01|2027-08-02|2027-08-05|2027-08-06|2027-08-07|2027-08-08|2027-08-10|2027-08-13|2027-08-14|2027-08-15|2027-08-16|2027-08-17|2027-08-19|2027-08-20|2027-08-21|2027-08-23|2027-08-27|2027-08-28|2027-08-29|2027-08-30|2027-08-31|2027-09-02|2027-09-10|2027-09-12|2027-09-13|2027-09-14|2027-09-19|2027-09-20|2027-09-22,"Видеобудка 360, Астана. Предлагаем мгновенную печать фото. Оператор на весь вечер. Брендируем под компанию или пару."
HK-90137,Микуру Асахина,Подарки и сувениры,Астана,False,True,280000,False,корпоратив|свадьба,русский|казахский,,2026-09-25|2026-09-27|2026-09-28|2026-10-02|2026-10-04|2026-10-06|2026-10-07|2026-10-10|2026-10-11|2026-10-14|2026-10-20|2026-10-21|2026-10-23|2026-10-25|2026-10-28|2026-11-01|2026-11-08|2026-11-15|2026-11-16|2026-11-18|2026-11-20|2026-11-22|2026-11-23|2026-11-24|2026-11-28|2026-11-30|2026-12-01|2026-12-02|2026-12-03|2026-12-06|2026-12-07|2026-12-08|2026-12-09|2026-12-10|2026-12-11|2026-12-12|2026-12-13|2026-12-14|2026-12-15|2026-12-16|2026-12-17|2026-12-18|2026-12-19|2026-12-21|2026-12-22|2026-12-24|2026-12-26|2026-12-28|2026-12-29|2026-12-30|2026-12-31|2027-01-01|2027-01-02|2027-01-07|2027-01-13|2027-01-14|2027-01-17|2027-01-20|2027-01-22|2027-01-29|2027-02-01|2027-02-06|2027-02-17|2027-02-21|2027-03-01|2027-03-05|2027-03-06|2027-03-08|2027-03-11|2027-03-12|2027-03-13|2027-03-14|2027-03-21|2027-03-22|2027-03-23|2027-03-25|2027-03-30|2027-04-02|2027-04-04|2027-04-05|2027-04-13|2027-04-16|2027-04-17|2027-04-26|2027-04-29|2027-05-01|2027-05-07|2027-05-09|2027-05-16|2027-05-21|2027-05-23|2027-05-25|2027-05-28|2027-05-30|2027-06-02|2027-06-04|2027-06-05|2027-06-06|2027-06-07|2027-06-08|2027-06-11|2027-06-12|2027-06-15|2027-06-17|2027-06-18|2027-06-19|2027-06-20|2027-06-21|2027-06-25|2027-06-27|2027-06-28|2027-07-02|2027-07-03|2027-07-04|2027-07-08|2027-07-09|2027-07-10|2027-07-11|2027-07-15|2027-07-16|2027-07-17|2027-07-18|2027-07-23|2027-07-24|2027-07-25|2027-07-28|2027-07-30|2027-07-31|2027-08-01|2027-08-03|2027-08-05|2027-08-06|2027-08-07|2027-08-12|2027-08-13|2027-08-14|2027-08-15|2027-08-20|2027-08-21|2027-08-23|2027-08-24|2027-08-26|2027-08-27|2027-08-28|2027-08-29|2027-08-30|2027-08-31|2027-09-02|2027-09-05|2027-09-06|2027-09-09|2027-09-10|2027-09-11|2027-09-13|2027-09-16|2027-09-18|2027-09-21|2027-09-22,"Подарки и сувениры, Астана. Специализация — подарки с логотипом компании. Срок изготовления — 4 недели. Минимальный тираж — 40 штук."
HK-90138,Ицуки Коидзуми,Отель,Астана,False,True,6600000,False,конференция|корпоратив|юбилей,русский,10,2026-09-23|2026-09-26|2026-09-30|2026-10-06|2026-10-07|2026-10-11|2026-10-16|2026-10-20|2026-10-23|2026-10-25|2026-10-28|2026-10-29|2026-10-30|2026-11-01|2026-11-04|2026-11-06|2026-11-07|2026-11-11|2026-11-14|2026-11-15|2026-11-18|2026-11-20|2026-11-22|2026-11-26|2026-11-29|2026-12-01|2026-12-02|2026-12-03|2026-12-04|2026-12-05|2026-12-06|2026-12-07|2026-12-11|2026-12-13|2026-12-14|2026-12-15|2026-12-16|2026-12-17|2026-12-18|2026-12-19|2026-12-20|2026-12-21|2026-12-24|2026-12-25|2026-12-26|2026-12-27|2026-12-28|2026-12-29|2027-01-03|2027-01-19|2027-01-27|2027-01-29|2027-01-30|2027-02-01|2027-02-02|2027-02-03|2027-02-05|2027-02-06|2027-02-08|2027-02-10|2027-02-11|2027-02-19|2027-02-21|2027-02-23|2027-02-26|2027-02-27|2027-03-01|2027-03-08|2027-03-12|2027-03-16|2027-03-18|2027-03-19|2027-03-21|2027-03-22|2027-03-23|2027-03-24|2027-03-31|2027-04-01|2027-04-02|2027-04-06|2027-04-07|2027-04-08|2027-04-09|2027-04-12|2027-04-16|2027-04-18|2027-04-19|2027-04-20|2027-04-21|2027-04-28|2027-04-29|2027-05-01|2027-05-03|2027-05-04|2027-05-09|2027-05-11|2027-05-16|2027-05-17|2027-05-19|2027-05-28|2027-06-01|2027-06-13|2027-06-15|2027-06-22|2027-06-23|2027-06-25|2027-07-06|2027-07-11|2027-07-13|2027-07-15|2027-08-09|2027-08-21|2027-08-24|2027-08-30|2027-09-07|2027-09-15|2027-09-17|2027-09-19|2027-09-22,Бизнес-отель рядом с ЭКСПО. Есть зал для свадеб до 100 гостей. Синхронный перевод по запросу. Кейтеринг под любой формат.
HK-90139,Ринтаро Окабэ,Ведущий,Зарубежье,False,True,900000,False,свадьба|корпоратив|конференция|юбилей|день рождения,русский,6,2026-09-24|2026-09-25|2026-09-27|2026-09-30|2026-10-01|2026-10-09|2026-10-15|2026-10-17|2026-10-18|2026-10-19|2026-10-22|2026-10-23|2026-10-24|2026-10-25|2026-10-27|2026-10-30|2026-11-07|2026-11-13|2026-11-19|2026-11-24|2026-11-26|2026-12-07|2026-12-08|2026-12-10|2026-12-11|2026-12-12|2026-12-13|2026-12-14|2026-12-17|2026-12-20|2026-12-21|2026-12-23|2026-12-24|2026-12-25|2026-12-26|2026-12-27|2026-12-28|2026-12-31|2027-01-03|2027-01-07|2027-01-08|2027-01-22|2027-01-27|2027-01-31|2027-02-01|2027-02-11|2027-02-14|2027-02-15|2027-02-18|2027-02-20|2027-02-21|2027-03-06|2027-03-08|2027-03-13|2027-03-14|2027-03-19|2027-03-20|2027-03-21|2027-03-22|2027-03-23|2027-03-27|2027-03-28|2027-03-29|2027-04-02|2027-04-14|2027-04-16|2027-04-17|2027-04-18|2027-04-20|2027-04-25|2027-04-26|2027-05-02|2027-05-07|2027-05-09|2027-05-10|2027-05-15|2027-05-16|2027-05-18|2027-05-23|2027-05-24|2027-05-25|2027-05-29|2027-05-30|2027-06-01|2027-06-05|2027-06-06|2027-06-07|2027-06-09|2027-06-10|2027-06-11|2027-06-12|2027-06-16|2027-06-18|2027-06-19|2027-06-25|2027-06-26|2027-06-27|2027-06-28|2027-06-29|2027-06-30|2027-07-02|2027-07-03|2027-07-04|2027-07-06|2027-07-08|2027-07-09|2027-07-10|2027-07-11|2027-07-16|2027-07-17|2027-07-18|2027-07-23|2027-07-25|2027-07-27|2027-07-28|2027-07-29|2027-07-31|2027-08-01|2027-08-03|2027-08-07|2027-08-08|2027-08-09|2027-08-11|2027-08-13|2027-08-14|2027-08-15|2027-08-17|2027-08-19|2027-08-21|2027-08-22|2027-08-23|2027-08-26|2027-08-27|2027-08-28|2027-08-31|2027-09-01|2027-09-04|2027-09-05|2027-09-09|2027-09-12|2027-09-14|2027-09-17|2027-09-18|2027-09-19|2027-09-20|2027-09-21,"Ведущий с опытом 10 лет, работаю в Дубае, выезжаю и в Грузию. Стиль ведения — энергичный, с импровизацией. Работаю в паре с диджеем, сценарий согласовываем за 5 дня. Лучше всего чувствую залы на 100 гостей. Для пар и компаний из Казахстана. Перелёт и проживание не входят в стоимость."
HK-90140,Курису Макисэ,Ведущий,Зарубежье,False,True,500000,False,корпоратив|конференция|юбилей|день рождения,русский|английский,10,2026-09-25|2026-09-28|2026-09-29|2026-10-02|2026-10-03|2026-10-06|2026-10-08|2026-10-10|2026-10-12|2026-10-14|2026-10-18|2026-10-19|2026-10-21|2026-10-23|2026-10-25|2026-10-27|2026-10-30|2026-10-31|2026-11-02|2026-11-03|2026-11-05|2026-11-07|2026-11-12|2026-11-13|2026-11-14|2026-11-15|2026-11-18|2026-11-19|2026-11-20|2026-11-21|2026-11-22|2026-11-23|2026-11-25|2026-11-28|2026-11-29|2026-12-01|2026-12-02|2026-12-03|2026-12-04|2026-12-05|2026-12-06|2026-12-07|2026-12-08|2026-12-10|2026-12-11|2026-12-12|2026-12-13|2026-12-14|2026-12-15|2026-12-16|2026-12-17|2026-12-18|2026-12-19|2026-12-20|2026-12-21|2026-12-23|2026-12-24|2026-12-25|2026-12-26|2026-12-27|2026-12-28|2026-12-30|2027-01-02|2027-01-03|2027-01-04|2027-01-10|2027-01-13|2027-01-14|2027-01-16|2027-01-19|2027-01-25|2027-01-29|2027-02-01|2027-02-02|2027-02-04|2027-02-05|2027-02-09|2027-02-11|2027-02-14|2027-02-16|2027-02-17|2027-02-18|2027-02-19|2027-02-22|2027-03-04|2027-03-07|2027-03-11|2027-03-17|2027-03-19|2027-03-20|2027-03-21|2027-03-22|2027-03-23|2027-03-24|2027-03-25|2027-03-30|2027-04-06|2027-04-07|2027-04-08|2027-04-09|2027-04-13|2027-04-15|2027-04-18|2027-04-20|2027-04-23|2027-04-27|2027-04-30|2027-05-01|2027-05-02|2027-05-03|2027-05-04|2027-05-05|2027-05-07|2027-05-08|2027-05-10|2027-05-12|2027-05-13|2027-05-15|2027-05-20|2027-05-24|2027-05-25|2027-05-31|2027-06-01|2027-06-03|2027-06-07|2027-06-10|2027-06-14|2027-06-16|2027-06-18|2027-06-23|2027-06-28|2027-07-06|2027-07-07|2027-07-09|2027-07-11|2027-07-17|2027-07-18|2027-07-22|2027-07-28|2027-07-31|2027-08-09|2027-08-11|2027-08-13|2027-08-17|2027-08-23|2027-08-25|2027-08-27|2027-08-30|2027-09-01|2027-09-07|2027-09-10|2027-09-12|2027-09-13|2027-09-15|2027-09-17,"Ведущая свадеб и юбилеев, 13 лет на сцене, работаю в Стамбуле, выезжаю и в Турцию. Стиль — интеллигентный и спокойный, без затянутых конкурсов. Провожу интерактивы с гостями всех возрастов. Помогаю составить тайминг и очередь тостов. Для пар и компаний из Казахстана. Перелёт и проживание не входят в стоимость. Работаю с англоязычными гостями."
HK-90141,Маюри Сиина,Ведущий,Зарубежье,False,True,1600000,False,конференция|юбилей,русский|английский,6,2026-09-24|2026-09-27|2026-10-02|2026-10-12|2026-10-15|2026-10-16|2026-10-21|2026-10-22|2026-10-23|2026-10-25|2026-10-27|2026-11-01|2026-11-02|2026-11-06|2026-11-07|2026-11-08|2026-11-09|2026-11-11|2026-11-12|2026-11-14|2026-11-20|2026-11-21|2026-11-22|2026-11-25|2026-12-01|2026-12-02|2026-12-03|2026-12-04|2026-12-05|2026-12-06|2026-12-07|2026-12-08|2026-12-09|2026-12-10|2026-12-12|2026-12-13|2026-12-15|2026-12-16|2026-12-17|2026-12-19|2026-12-20|2026-12-22|2026-12-24|2026-12-30|2026-12-31|2027-01-03|2027-01-06|2027-01-07|2027-01-11|2027-01-12|2027-01-18|2027-01-26|2027-01-30|2027-02-03|2027-02-10|2027-02-11|2027-02-14|2027-02-17|2027-02-24|2027-03-07|2027-03-08|2027-03-12|2027-03-17|2027-03-19|2027-04-01|2027-04-07|2027-04-08|2027-04-12|2027-04-15|2027-04-18|2027-04-26|2027-04-28|2027-04-30|2027-05-01|2027-05-05|2027-05-10|2027-05-11|2027-05-12|2027-05-13|2027-05-14|2027-05-17|2027-05-24|2027-05-26|2027-05-27|2027-06-02|2027-06-03|2027-06-04|2027-06-07|2027-06-08|2027-06-14|2027-06-23|2027-07-05|2027-07-07|2027-07-08|2027-07-10|2027-07-13|2027-07-23|2027-07-26|2027-08-12|2027-08-24|2027-08-30|2027-08-31|2027-09-04|2027-09-09|2027-09-10|2027-09-15|2027-09-16,"Ведущая с актёрским образованием, работаю 7 лет, работаю на Бали, выезжаю и в Таиланд. Стиль — тёплый, семейный, без затянутых конкурсов. Провожу интерактивы с гостями всех возрастов. Есть свой звук на 30 гостей для выездных форматов. Для пар и компаний из Казахстана. Перелёт и проживание не входят в стоимость. Работаю с англоязычными гостями."
HK-90142,Тайдзю Оки,Ведущий,Зарубежье,False,True,2400000,False,свадьба|корпоратив|конференция|юбилей|день рождения,русский,4,2026-09-28|2026-09-30|2026-10-08|2026-10-16|2026-10-22|2026-10-27|2026-10-30|2026-10-31|2026-11-01|2026-11-06|2026-11-13|2026-11-14|2026-11-20|2026-12-01|2026-12-06|2026-12-07|2026-12-08|2026-12-09|2026-12-10|2026-12-12|2026-12-13|2026-12-14|2026-12-15|2026-12-16|2026-12-18|2026-12-19|2026-12-20|2026-12-21|2026-12-23|2026-12-24|2026-12-25|2026-12-27|2026-12-29|2026-12-30|2027-01-02|2027-01-03|2027-01-15|2027-01-20|2027-01-30|2027-02-06|2027-02-16|2027-02-18|2027-02-20|2027-02-21|2027-03-04|2027-03-05|2027-03-07|2027-03-10|2027-03-14|2027-03-15|2027-03-16|2027-03-21|2027-03-22|2027-03-23|2027-03-25|2027-03-27|2027-03-28|2027-04-05|2027-04-09|2027-04-12|2027-04-16|2027-04-17|2027-04-19|2027-04-24|2027-05-01|2027-05-02|2027-05-04|2027-05-08|2027-05-10|2027-05-15|2027-05-19|2027-05-20|2027-05-21|2027-05-23|2027-05-27|2027-05-29|2027-05-30|2027-06-03|2027-06-04|2027-06-06|2027-06-09|2027-06-10|2027-06-11|2027-06-12|2027-06-13|2027-06-19|2027-06-20|2027-06-21|2027-06-23|2027-06-25|2027-06-26|2027-06-27|2027-06-29|2027-07-01|2027-07-06|2027-07-09|2027-07-11|2027-07-12|2027-07-14|2027-07-16|2027-07-17|2027-07-18|2027-07-19|2027-07-20|2027-07-23|2027-07-24|2027-07-30|2027-08-01|2027-08-04|2027-08-08|2027-08-09|2027-08-12|2027-08-13|2027-08-15|2027-08-17|2027-08-20|2027-08-21|2027-08-22|2027-08-26|2027-08-27|2027-08-29|2027-08-31|2027-09-02|2027-09-03|2027-09-04|2027-09-11|2027-09-12|2027-09-14|2027-09-15|2027-09-16|2027-09-17|2027-09-18|2027-09-19,"Ведущий с опытом 15 лет, работаю на Пхукете, выезжаю и в Турцию. Стиль — тёплый, семейный, без затянутых конкурсов. Лучше всего чувствую залы на 400 гостей. Помогаю составить тайминг и очередь тостов. Для пар и компаний из Казахстана. Перелёт и проживание не входят в стоимость."
HK-90143,Юдзуриха Огава,Ведущий,Зарубежье,False,True,2550000,False,корпоратив|юбилей,русский|английский,6,2026-09-23|2026-09-24|2026-09-25|2026-09-28|2026-09-29|2026-10-01|2026-10-02|2026-10-03|2026-10-04|2026-10-09|2026-10-11|2026-10-14|2026-10-16|2026-10-18|2026-10-23|2026-10-30|2026-11-01|2026-11-04|2026-11-06|2026-11-07|2026-11-08|2026-11-12|2026-11-14|2026-11-15|2026-11-16|2026-11-17|2026-11-21|2026-11-25|2026-11-26|2026-11-27|2026-11-30|2026-12-01|2026-12-02|2026-12-03|2026-12-04|2026-12-05|2026-12-06|2026-12-07|2026-12-09|2026-12-10|2026-12-11|2026-12-12|2026-12-13|2026-12-15|2026-12-16|2026-12-17|2026-12-18|2026-12-19|2026-12-20|2026-12-21|2026-12-22|2026-12-23|2026-12-24|2026-12-26|2026-12-27|2026-12-28|2026-12-29|2026-12-30|2026-12-31|2027-01-03|2027-01-07|2027-01-08|2027-01-22|2027-01-25|2027-01-27|2027-02-01|2027-02-02|2027-02-04|2027-02-08|2027-02-13|2027-02-14|2027-02-17|2027-02-18|2027-02-20|2027-02-23|2027-02-24|2027-02-25|2027-03-02|2027-03-04|2027-03-05|2027-03-08|2027-03-09|2027-03-11|2027-03-13|2027-03-15|2027-03-18|2027-03-20|2027-03-21|2027-03-22|2027-03-23|2027-03-27|2027-03-28|2027-03-30|2027-03-31|2027-04-06|2027-04-09|2027-04-11|2027-04-15|2027-04-17|2027-04-20|2027-04-22|2027-04-24|2027-04-27|2027-05-01|2027-05-02|2027-05-04|2027-05-05|2027-05-07|2027-05-08|2027-05-18|2027-05-19|2027-05-22|2027-05-25|2027-05-26|2027-05-28|2027-05-30|2027-06-07|2027-06-08|2027-06-21|2027-06-22|2027-06-30|2027-07-06|2027-07-11|2027-07-30|2027-08-05|2027-08-20|2027-08-30|2027-09-03|2027-09-06|2027-09-09|2027-09-11|2027-09-13|2027-09-14|2027-09-15|2027-09-16|2027-09-19|2027-09-20|2027-09-21,"Ведущий с опытом 9 лет, работаю на Пхукете, выезжаю и в Индонезию. Стиль — энергичный, с импровизацией, без затянутых конкурсов. Есть свой звук на 250 гостей для выездных форматов. Помогаю составить тайминг и очередь тостов. Для пар и компаний из Казахстана. Перелёт и проживание не входят в стоимость. Работаю с англоязычными гостями."
HK-90144,Гэн Асагири,Ведущий,Зарубежье,False,True,900000,False,свадьба|корпоратив|конференция|юбилей|день рождения,русский|английский,7,2026-09-23|2026-09-25|2026-09-30|2026-10-01|2026-10-03|2026-10-06|2026-10-08|2026-10-11|2026-10-15|2026-10-20|2026-10-21|2026-10-22|2026-10-25|2026-10-28|2026-11-05|2026-11-06|2026-11-08|2026-11-11|2026-11-17|2026-11-19|2026-11-22|2026-11-27|2026-11-28|2026-11-29|2026-12-02|2026-12-03|2026-12-05|2026-12-06|2026-12-07|2026-12-10|2026-12-11|2026-12-12|2026-12-13|2026-12-15|2026-12-16|2026-12-17|2026-12-18|2026-12-19|2026-12-20|2026-12-21|2026-12-23|2026-12-24|2026-12-25|2026-12-26|2026-12-29|2026-12-30|2027-01-02|2027-01-03|2027-01-09|2027-01-18|2027-01-20|2027-01-21|2027-02-03|2027-02-04|2027-02-10|2027-02-12|2027-02-23|2027-02-25|2027-02-27|2027-03-04|2027-03-08|2027-03-15|2027-03-17|2027-03-22|2027-03-23|2027-03-24|2027-03-26|2027-03-31|2027-04-04|2027-04-11|2027-04-16|2027-04-18|2027-04-20|2027-04-26|2027-04-27|2027-04-30|2027-05-01|2027-05-09|2027-05-19|2027-05-21|2027-05-22|2027-05-23|2027-05-24|2027-05-25|2027-05-27|2027-05-30|2027-06-05|2027-06-06|2027-06-07|2027-06-12|2027-06-15|2027-06-16|2027-06-19|2027-06-23|2027-06-25|2027-06-26|2027-06-27|2027-06-28|2027-07-02|2027-07-03|2027-07-04|2027-07-06|2027-07-09|2027-07-10|2027-07-11|2027-07-16|2027-07-18|2027-07-20|2027-07-22|2027-07-23|2027-07-25|2027-07-27|2027-08-01|2027-08-03|2027-08-04|2027-08-06|2027-08-07|2027-08-08|2027-08-09|2027-08-10|2027-08-12|2027-08-13|2027-08-14|2027-08-15|2027-08-16|2027-08-20|2027-08-21|2027-08-22|2027-08-26|2027-08-27|2027-08-29|2027-09-07|2027-09-08|2027-09-09|2027-09-20|2027-09-21|2027-09-22,"Ведущая свадеб и юбилеев, 6 лет на сцене, работаю в Тбилиси, выезжаю и в ОАЭ. Стиль ведения — деловой, с чётким таймингом. Помогаю составить тайминг и очередь тостов. Провожу интерактивы с гостями всех возрастов. Для пар и компаний из Казахстана. Перелёт и проживание не входят в стоимость. Работаю с англоязычными гостями."
HK-90145,Кохаку,Ведущий,Зарубежье,False,True,800000,False,свадьба|корпоратив|конференция,русский|английский,5,2026-09-24|2026-09-25|2026-09-26|2026-09-27|2026-09-28|2026-09-30|2026-10-02|2026-10-06|2026-10-12|2026-10-14|2026-10-16|2026-10-23|2026-10-24|2026-10-25|2026-10-27|2026-10-29|2026-11-04|2026-11-07|2026-11-11|2026-11-12|2026-11-14|2026-11-19|2026-11-20|2026-11-21|2026-11-24|2026-11-27|2026-11-28|2026-12-01|2026-12-03|2026-12-04|2026-12-05|2026-12-06|2026-12-07|2026-12-10|2026-12-11|2026-12-12|2026-12-16|2026-12-17|2026-12-18|2026-12-19|2026-12-20|2026-12-21|2026-12-23|2026-12-24|2026-12-25|2026-12-26|2026-12-27|2026-12-28|2026-12-29|2026-12-30|2026-12-31|2027-01-01|2027-01-08|2027-01-10|2027-01-20|2027-01-23|2027-01-26|2027-02-04|2027-02-05|2027-02-09|2027-02-11|2027-02-12|2027-02-14|2027-02-15|2027-02-24|2027-02-25|2027-02-27|2027-02-28|2027-03-01|2027-03-03|2027-03-05|2027-03-06|2027-03-07|2027-03-08|2027-03-09|2027-03-20|2027-03-21|2027-03-23|2027-03-26|2027-03-27|2027-04-03|2027-04-08|2027-04-10|2027-04-13|2027-04-17|2027-04-18|2027-04-24|2027-04-27|2027-04-28|2027-04-30|2027-05-03|2027-05-04|2027-05-09|2027-05-11|2027-05-15|2027-05-16|2027-05-19|2027-05-20|2027-05-22|2027-05-23|2027-05-25|2027-05-28|2027-05-29|2027-06-04|2027-06-05|2027-06-06|2027-06-12|2027-06-13|2027-06-16|2027-06-18|2027-06-19|2027-06-20|2027-06-21|2027-06-23|2027-06-25|2027-06-26|2027-06-27|2027-06-29|2027-07-03|2027-07-04|2027-07-09|2027-07-10|2027-07-11|2027-07-13|2027-07-16|2027-07-18|2027-07-20|2027-07-22|2027-07-23|2027-07-24|2027-07-25|2027-07-31|2027-08-01|2027-08-02|2027-08-05|2027-08-07|2027-08-08|2027-08-09|2027-08-10|2027-08-13|2027-08-14|2027-08-15|2027-08-16|2027-08-20|2027-08-21|2027-08-22|2027-08-25|2027-08-27|2027-08-28|2027-08-29|2027-08-30|2027-09-03|2027-09-04|2027-09-05|2027-09-06|2027-09-07|2027-09-09|2027-09-10|2027-09-11|2027-09-14|2027-09-17|2027-09-18|2027-09-19|2027-09-20|2027-09-21,"Ведущий деловых и праздничных событий, стаж 4 лет, работаю в Батуми, выезжаю и в Италию. Стиль — энергичный, с импровизацией, без затянутых конкурсов. Есть свой звук на 150 гостей для выездных форматов. Лучше всего чувствую залы на 150 гостей. Для пар и компаний из Казахстана. Перелёт и проживание не входят в стоимость. Работаю с англоязычными гостями."
HK-90146,Цукаса Сисио,Ведущий,Зарубежье,False,True,1550000,False,конференция|юбилей,русский|английский,8,2026-10-01|2026-10-02|2026-10-11|2026-10-14|2026-10-15|2026-10-17|2026-10-18|2026-10-19|2026-10-21|2026-10-25|2026-10-30|2026-10-31|2026-11-02|2026-11-07|2026-11-09|2026-11-11|2026-11-13|2026-11-19|2026-11-20|2026-11-21|2026-11-22|2026-11-25|2026-11-27|2026-11-29|2026-12-02|2026-12-04|2026-12-05|2026-12-06|2026-12-08|2026-12-10|2026-12-11|2026-12-12|2026-12-16|2026-12-17|2026-12-18|2026-12-19|2026-12-20|2026-12-22|2026-12-26|2026-12-27|2026-12-28|2026-12-29|2026-12-30|2026-12-31|2027-01-03|2027-01-05|2027-01-11|2027-01-12|2027-01-20|2027-01-30|2027-02-01|2027-02-04|2027-02-05|2027-02-06|2027-02-10|2027-02-11|2027-02-12|2027-02-13|2027-02-14|2027-02-15|2027-02-19|2027-02-22|2027-02-24|2027-02-25|2027-02-26|2027-02-28|2027-03-01|2027-03-02|2027-03-03|2027-03-08|2027-03-09|2027-03-10|2027-03-14|2027-03-15|2027-03-20|2027-03-21|2027-03-22|2027-03-25|2027-03-29|2027-03-30|2027-03-31|2027-04-03|2027-04-06|2027-04-07|2027-04-09|2027-04-11|2027-04-12|2027-04-13|2027-04-15|2027-04-16|2027-04-20|2027-04-21|2027-04-23|2027-04-24|2027-04-28|2027-05-01|2027-05-05|2027-05-10|2027-05-11|2027-05-12|2027-05-14|2027-05-16|2027-05-17|2027-05-26|2027-05-27|2027-05-31|2027-06-03|2027-06-10|2027-06-11|2027-06-15|2027-06-23|2027-06-24|2027-06-28|2027-07-05|2027-07-06|2027-07-07|2027-07-17|2027-07-27|2027-08-29|2027-08-30|2027-09-01|2027-09-03|2027-09-07|2027-09-11|2027-09-13|2027-09-14|2027-09-17|2027-09-18|2027-09-20|2027-09-22,"Ведущая свадеб и юбилеев, 14 лет на сцене, работаю в Бодруме, выезжаю и в Турцию. Стиль ведения — интеллигентный и спокойный. Есть свой звук на 300 гостей для выездных форматов. Лучше всего чувствую залы на 300 гостей. Для пар и компаний из Казахстана. Перелёт и проживание не входят в стоимость. Работаю с англоязычными гостями."
HK-90147,Фрирен,Фотограф|Видеограф,Зарубежье,False,True,470000,False,свадьба|корпоратив|конференция|юбилей|день рождения,русский|английский,7,2026-09-24|2026-09-25|2026-09-28|2026-09-29|2026-09-30|2026-10-02|2026-10-03|2026-10-08|2026-10-09|2026-10-13|2026-10-17|2026-10-22|2026-10-24|2026-10-26|2026-10-31|2026-11-09|2026-11-13|2026-11-19|2026-11-20|2026-11-28|2026-11-30|2026-12-01|2026-12-02|2026-12-05|2026-12-07|2026-12-08|2026-12-09|2026-12-10|2026-12-12|2026-12-13|2026-12-15|2026-12-16|2026-12-17|2026-12-20|2026-12-21|2026-12-22|2026-12-24|2026-12-26|2026-12-27|2026-12-28|2027-01-03|2027-01-04|2027-01-09|2027-01-10|2027-01-14|2027-01-15|2027-01-19|2027-01-23|2027-02-02|2027-02-04|2027-02-13|2027-02-15|2027-02-21|2027-02-25|2027-02-26|2027-03-02|2027-03-06|2027-03-07|2027-03-08|2027-03-15|2027-03-18|2027-03-20|2027-03-21|2027-03-22|2027-03-25|2027-04-03|2027-04-04|2027-04-05|2027-04-09|2027-04-10|2027-04-12|2027-04-18|2027-04-19|2027-04-22|2027-04-25|2027-04-27|2027-05-01|2027-05-06|2027-05-07|2027-05-09|2027-05-11|2027-05-12|2027-05-13|2027-05-15|2027-05-16|2027-05-19|2027-05-22|2027-05-23|2027-05-27|2027-05-28|2027-06-05|2027-06-06|2027-06-09|2027-06-11|2027-06-12|2027-06-14|2027-06-20|2027-06-22|2027-06-24|2027-06-26|2027-06-27|2027-06-30|2027-07-02|2027-07-03|2027-07-04|2027-07-07|2027-07-09|2027-07-10|2027-07-11|2027-07-12|2027-07-14|2027-07-15|2027-07-16|2027-07-17|2027-07-18|2027-07-20|2027-07-22|2027-07-23|2027-07-24|2027-07-25|2027-07-28|2027-07-30|2027-07-31|2027-08-05|2027-08-07|2027-08-08|2027-08-13|2027-08-14|2027-08-15|2027-08-17|2027-08-19|2027-08-20|2027-08-22|2027-08-24|2027-08-25|2027-08-26|2027-08-27|2027-08-30|2027-09-01|2027-09-03|2027-09-04|2027-09-07|2027-09-11|2027-09-12|2027-09-13|2027-09-14|2027-09-15|2027-09-18|2027-09-19|2027-09-21,"Репортажный фотограф, работаю в Бодруме, выезжаю и в Черногорию. Стиль съёмки — контрастная журнальная картинка. Беру с собой второго фотографа по запросу. Превью отдаю через 5 дня, полную галерею — через 4 недели. Для пар и компаний из Казахстана. Перелёт и проживание не входят в стоимость. Работаю с англоязычными гостями."
HK-90148,Ферн,Фотограф,Зарубежье,False,True,420000,False,корпоратив|конференция|юбилей|день рождения,русский|английский,5,2026-09-23|2026-09-24|2026-09-28|2026-09-30|2026-10-09|2026-10-12|2026-10-14|2026-10-15|2026-10-21|2026-10-22|2026-10-23|2026-10-25|2026-10-27|2026-10-28|2026-10-29|2026-10-30|2026-11-06|2026-11-08|2026-11-10|2026-11-11|2026-11-14|2026-11-17|2026-11-18|2026-11-22|2026-11-25|2026-12-01|2026-12-02|2026-12-03|2026-12-05|2026-12-06|2026-12-07|2026-12-09|2026-12-10|2026-12-11|2026-12-12|2026-12-13|2026-12-15|2026-12-16|2026-12-17|2026-12-18|2026-12-20|2026-12-22|2026-12-24|2026-12-25|2026-12-27|2026-12-28|2026-12-29|2026-12-31|2027-01-01|2027-01-23|2027-02-03|2027-02-08|2027-02-10|2027-02-11|2027-02-14|2027-02-16|2027-02-18|2027-02-26|2027-03-02|2027-03-07|2027-03-08|2027-03-10|2027-03-11|2027-03-16|2027-03-20|2027-03-21|2027-03-26|2027-03-27|2027-03-29|2027-03-30|2027-04-02|2027-04-04|2027-04-05|2027-04-14|2027-04-15|2027-04-16|2027-04-17|2027-04-21|2027-04-22|2027-04-23|2027-04-27|2027-04-29|2027-05-04|2027-05-06|2027-05-13|2027-05-16|2027-05-17|2027-05-21|2027-05-22|2027-05-28|2027-05-30|2027-05-31|2027-06-01|2027-06-02|2027-06-03|2027-06-09|2027-06-14|2027-06-15|2027-06-24|2027-06-27|2027-06-28|2027-07-06|2027-07-13|2027-07-22|2027-08-04|2027-08-09|2027-08-12|2027-08-26|2027-08-27|2027-08-30|2027-09-02|2027-09-03|2027-09-13|2027-09-16|2027-09-17|2027-09-19|2027-09-22,"Фотограф с классической школой постановки, работаю в Бодруме, выезжаю и в Индонезию. Мой почерк — аккуратная постановка портретов. Снимаю с дрона, если площадка разрешает. Отдаю от 150 обработанных кадров. Для пар и компаний из Казахстана. Перелёт и проживание не входят в стоимость. Работаю с англоязычными гостями."
HK-90149,Штарк,Фотограф|Видеограф,Зарубежье,False,True,710000,False,юбилей,русский|английский,4,2026-09-23|2026-09-26|2026-09-27|2026-09-28|2026-09-30|2026-10-02|2026-10-06|2026-10-10|2026-10-16|2026-10-17|2026-10-18|2026-10-19|2026-10-20|2026-10-22|2026-10-23|2026-10-25|2026-10-26|2026-10-27|2026-10-28|2026-10-29|2026-10-30|2026-10-31|2026-11-01|2026-11-03|2026-11-04|2026-11-05|2026-11-06|2026-11-07|2026-11-08|2026-11-09|2026-11-14|2026-11-15|2026-11-18|2026-11-20|2026-11-21|2026-11-22|2026-11-29|2026-12-02|2026-12-03|2026-12-04|2026-12-05|2026-12-06|2026-12-07|2026-12-08|2026-12-09|2026-12-10|2026-12-11|2026-12-12|2026-12-13|2026-12-14|2026-12-15|2026-12-16|2026-12-17|2026-12-18|2026-12-19|2026-12-20|2026-12-21|2026-12-22|2026-12-24|2026-12-25|2026-12-26|2026-12-27|2026-12-29|2026-12-30|2026-12-31|2027-01-01|2027-01-02|2027-01-03|2027-01-05|2027-01-07|2027-01-08|2027-01-18|2027-01-21|2027-02-01|2027-02-02|2027-02-04|2027-02-05|2027-02-08|2027-02-10|2027-02-12|2027-02-14|2027-02-15|2027-02-17|2027-02-22|2027-02-25|2027-03-01|2027-03-03|2027-03-06|2027-03-07|2027-03-08|2027-03-09|2027-03-14|2027-03-15|2027-03-16|2027-03-20|2027-03-21|2027-03-22|2027-03-23|2027-03-24|2027-03-25|2027-03-26|2027-03-27|2027-03-31|2027-04-01|2027-04-02|2027-04-03|2027-04-06|2027-04-09|2027-04-12|2027-04-14|2027-04-19|2027-04-22|2027-04-23|2027-04-26|2027-05-01|2027-05-02|2027-05-03|2027-05-04|2027-05-06|2027-05-08|2027-05-09|2027-05-11|2027-05-12|2027-05-13|2027-05-14|2027-05-16|2027-05-17|2027-05-18|2027-05-20|2027-06-01|2027-06-09|2027-06-10|2027-06-11|2027-06-12|2027-06-13|2027-06-15|2027-06-17|2027-06-22|2027-06-25|2027-06-28|2027-06-29|2027-07-01|2027-07-06|2027-07-10|2027-07-11|2027-07-22|2027-07-29|2027-08-04|2027-08-12|2027-08-17|2027-08-28|2027-08-30|2027-08-31|2027-09-01|2027-09-02|2027-09-05|2027-09-06|2027-09-07|2027-09-08|2027-09-09|2027-09-11|2027-09-17|2027-09-20|2027-09-21|2027-09-22,"Фотограф деловых мероприятий, работаю в Бодруме, выезжаю и в Индонезию. Мой почерк — живой репортаж без позирования. Беру с собой второго фотографа по запросу. Отдаю от 300 обработанных кадров. Для пар и компаний из Казахстана. Перелёт и проживание не входят в стоимость. Работаю с англоязычными гостями."
HK-90150,Химмель,Фотограф,Зарубежье,False,True,730000,False,свадьба|конференция,русский,4,2026-09-23|2026-09-26|2026-09-27|2026-10-02|2026-10-10|2026-10-11|2026-10-12|2026-10-15|2026-10-17|2026-10-22|2026-10-31|2026-11-04|2026-11-06|2026-11-08|2026-11-10|2026-11-12|2026-11-13|2026-11-14|2026-11-17|2026-11-18|2026-11-19|2026-11-22|2026-11-23|2026-11-25|2026-11-27|2026-11-28|2026-12-03|2026-12-06|2026-12-08|2026-12-09|2026-12-10|2026-12-11|2026-12-12|2026-12-14|2026-12-18|2026-12-24|2026-12-25|2026-12-26|2026-12-28|2027-01-01|2027-01-02|2027-01-06|2027-01-14|2027-02-01|2027-02-05|2027-02-14|2027-02-15|2027-02-22|2027-03-03|2027-03-07|2027-03-09|2027-03-15|2027-03-20|2027-03-21|2027-03-22|2027-03-23|2027-03-26|2027-04-01|2027-04-03|2027-04-04|2027-04-07|2027-04-12|2027-04-14|2027-04-16|2027-04-19|2027-04-27|2027-05-01|2027-05-09|2027-05-11|2027-05-13|2027-05-16|2027-05-17|2027-05-22|2027-05-23|2027-05-27|2027-05-29|2027-05-31|2027-06-01|2027-06-03|2027-06-04|2027-06-05|2027-06-12|2027-06-13|2027-06-15|2027-06-17|2027-06-18|2027-06-19|2027-06-20|2027-06-27|2027-06-29|2027-07-03|2027-07-06|2027-07-08|2027-07-11|2027-07-16|2027-07-23|2027-07-24|2027-07-25|2027-07-27|2027-07-29|2027-07-31|2027-08-01|2027-08-05|2027-08-06|2027-08-07|2027-08-13|2027-08-14|2027-08-15|2027-08-16|2027-08-20|2027-08-21|2027-08-25|2027-08-30|2027-09-04|2027-09-06|2027-09-10|2027-09-11|2027-09-12|2027-09-15|2027-09-20,"Фотограф с классической школой постановки, работаю в Бодруме, выезжаю и в ОАЭ. Мой почерк — аккуратная постановка портретов. Снимаю в тёмных залах со вспышкой. Снимаю с дрона, если площадка разрешает. Для пар и компаний из Казахстана. Перелёт и проживание не входят в стоимость."
HK-90151,Хайтер,Фотограф,Зарубежье,False,True,630000,False,свадьба|конференция|юбилей|день рождения,русский|английский,8,2026-09-26|2026-09-27|2026-09-28|2026-09-29|2026-09-30|2026-10-01|2026-10-02|2026-10-04|2026-10-08|2026-10-09|2026-10-17|2026-10-18|2026-10-23|2026-10-24|2026-10-25|2026-10-29|2026-10-30|2026-11-02|2026-11-03|2026-11-05|2026-11-08|2026-11-10|2026-11-12|2026-11-13|2026-11-16|2026-11-18|2026-11-19|2026-11-22|2026-11-23|2026-11-25|2026-11-27|2026-11-28|2026-11-29|2026-12-01|2026-12-02|2026-12-03|2026-12-04|2026-12-05|2026-12-06|2026-12-07|2026-12-08|2026-12-09|2026-12-10|2026-12-11|2026-12-12|2026-12-13|2026-12-14|2026-12-15|2026-12-17|2026-12-18|2026-12-19|2026-12-20|2026-12-21|2026-12-22|2026-12-23|2026-12-24|2026-12-25|2026-12-26|2026-12-28|2026-12-29|2026-12-30|2027-01-01|2027-01-04|2027-01-08|2027-01-10|2027-01-12|2027-01-16|2027-01-21|2027-01-25|2027-02-03|2027-02-04|2027-02-09|2027-02-10|2027-02-11|2027-02-13|2027-02-16|2027-02-19|2027-02-22|2027-02-27|2027-03-01|2027-03-02|2027-03-06|2027-03-07|2027-03-08|2027-03-13|2027-03-18|2027-03-19|2027-03-20|2027-03-22|2027-03-23|2027-03-28|2027-03-29|2027-03-30|2027-04-01|2027-04-05|2027-04-06|2027-04-08|2027-04-09|2027-04-10|2027-04-11|2027-04-15|2027-04-17|2027-04-18|2027-04-19|2027-04-24|2027-04-27|2027-04-28|2027-05-01|2027-05-03|2027-05-04|2027-05-06|2027-05-08|2027-05-13|2027-05-15|2027-05-16|2027-05-17|2027-05-20|2027-05-21|2027-05-22|2027-05-23|2027-05-25|2027-05-27|2027-05-28|2027-05-29|2027-05-30|2027-05-31|2027-06-04|2027-06-05|2027-06-06|2027-06-07|2027-06-09|2027-06-11|2027-06-12|2027-06-13|2027-06-14|2027-06-15|2027-06-17|2027-06-18|2027-06-19|2027-06-20|2027-06-21|2027-06-22|2027-06-23|2027-06-25|2027-06-26|2027-06-27|2027-07-01|2027-07-02|2027-07-03|2027-07-04|2027-07-05|2027-07-06|2027-07-07|2027-07-09|2027-07-10|2027-07-11|2027-07-12|2027-07-13|2027-07-14|2027-07-16|2027-07-17|2027-07-18|2027-07-19|2027-07-20|2027-07-21|2027-07-23|2027-07-24|2027-07-25|2027-07-26|2027-07-27|2027-07-30|2027-07-31|2027-08-01|2027-08-02|2027-08-05|2027-08-06|2027-08-07|2027-08-08|2027-08-09|2027-08-12|2027-08-13|2027-08-14|2027-08-15|2027-08-16|2027-08-17|2027-08-19|2027-08-20|2027-08-21|2027-08-22|2027-08-24|2027-08-25|2027-08-27|2027-08-28|2027-08-29|2027-08-30|2027-09-04|2027-09-05|2027-09-06|2027-09-07|2027-09-09|2027-09-11|2027-09-12|2027-09-14|2027-09-16|2027-09-17|2027-09-18|2027-09-19,"Репортажный фотограф, работаю в Стамбуле, выезжаю и в Италию. Мой почерк — светлая плёночная цветокоррекция. Снимаю с дрона, если площадка разрешает. Превью отдаю через 3 дня, полную галерею — через 2 недели. Для пар и компаний из Казахстана. Перелёт и проживание не входят в стоимость. Работаю с англоязычными гостями."
HK-90152,Эйзен,Фотограф,Зарубежье,False,True,780000,False,день рождения,русский|английский,6,2026-09-23|2026-09-24|2026-09-26|2026-09-28|2026-09-29|2026-09-30|2026-10-05|2026-10-07|2026-10-08|2026-10-09|2026-10-11|2026-10-14|2026-10-16|2026-10-22|2026-10-23|2026-10-25|2026-10-27|2026-10-31|2026-11-01|2026-11-03|2026-11-05|2026-11-06|2026-11-07|2026-11-08|2026-11-09|2026-11-10|2026-11-17|2026-11-20|2026-11-23|2026-11-24|2026-11-25|2026-11-27|2026-11-29|2026-12-01|2026-12-02|2026-12-03|2026-12-04|2026-12-05|2026-12-06|2026-12-08|2026-12-09|2026-12-10|2026-12-11|2026-12-12|2026-12-13|2026-12-14|2026-12-15|2026-12-16|2026-12-18|2026-12-19|2026-12-20|2026-12-21|2026-12-24|2026-12-25|2026-12-26|2026-12-27|2026-12-28|2026-12-29|2026-12-30|2026-12-31|2027-01-01|2027-01-02|2027-01-07|2027-01-10|2027-01-19|2027-01-26|2027-02-01|2027-02-03|2027-02-06|2027-02-12|2027-02-17|2027-02-18|2027-02-22|2027-02-24|2027-03-04|2027-03-07|2027-03-08|2027-03-11|2027-03-14|2027-03-16|2027-03-18|2027-03-21|2027-03-22|2027-03-23|2027-03-28|2027-03-29|2027-03-30|2027-04-01|2027-04-07|2027-04-09|2027-04-11|2027-04-13|2027-04-20|2027-04-21|2027-04-22|2027-04-23|2027-04-24|2027-04-28|2027-04-30|2027-05-01|2027-05-06|2027-05-07|2027-05-09|2027-05-10|2027-05-11|2027-05-13|2027-05-14|2027-05-16|2027-05-17|2027-05-18|2027-05-19|2027-05-20|2027-05-24|2027-05-28|2027-05-29|2027-05-31|2027-06-01|2027-06-02|2027-06-08|2027-06-10|2027-06-16|2027-06-17|2027-06-19|2027-06-22|2027-06-23|2027-07-01|2027-07-06|2027-07-11|2027-07-13|2027-07-15|2027-08-11|2027-08-24|2027-08-30|2027-09-02|2027-09-07|2027-09-09|2027-09-10|2027-09-11|2027-09-13|2027-09-14|2027-09-15|2027-09-16|2027-09-20,"Фотограф деловых мероприятий, работаю на побережье Антальи, выезжаю и в Черногорию. Стиль съёмки — живой репортаж без позирования. Снимаю в тёмных залах со вспышкой. Отдаю от 60 обработанных кадров. Для пар и компаний из Казахстана. Перелёт и проживание не входят в стоимость. Работаю с англоязычными гостями."
HK-90153,Дэндзи,Фотограф,Зарубежье,False,True,590000,False,свадьба|корпоратив|юбилей,русский|английский,9,2026-09-28|2026-10-09|2026-10-11|2026-10-17|2026-10-19|2026-10-20|2026-10-23|2026-10-24|2026-10-27|2026-10-28|2026-10-31|2026-11-03|2026-11-08|2026-11-10|2026-11-12|2026-11-13|2026-11-19|2026-11-22|2026-11-27|2026-11-28|2026-12-01|2026-12-02|2026-12-05|2026-12-07|2026-12-08|2026-12-09|2026-12-10|2026-12-12|2026-12-13|2026-12-15|2026-12-16|2026-12-18|2026-12-19|2026-12-20|2026-12-22|2026-12-23|2026-12-24|2026-12-25|2026-12-26|2026-12-27|2026-12-28|2026-12-30|2026-12-31|2027-01-01|2027-01-08|2027-01-09|2027-01-13|2027-01-16|2027-01-29|2027-02-07|2027-02-10|2027-02-13|2027-02-21|2027-02-23|2027-03-07|2027-03-12|2027-03-13|2027-03-20|2027-03-21|2027-03-23|2027-03-24|2027-03-28|2027-04-01|2027-04-03|2027-04-05|2027-04-07|2027-04-14|2027-04-16|2027-04-17|2027-04-21|2027-04-26|2027-04-28|2027-05-02|2027-05-03|2027-05-04|2027-05-05|2027-05-06|2027-05-15|2027-05-16|2027-05-18|2027-05-21|2027-05-25|2027-05-30|2027-05-31|2027-06-01|2027-06-04|2027-06-06|2027-06-11|2027-06-12|2027-06-13|2027-06-15|2027-06-24|2027-06-25|2027-06-26|2027-06-27|2027-06-28|2027-07-01|2027-07-04|2027-07-05|2027-07-08|2027-07-09|2027-07-10|2027-07-11|2027-07-16|2027-07-18|2027-07-20|2027-07-22|2027-07-24|2027-07-26|2027-07-29|2027-07-30|2027-07-31|2027-08-06|2027-08-08|2027-08-09|2027-08-10|2027-08-15|2027-08-20|2027-08-21|2027-08-22|2027-08-25|2027-08-27|2027-09-05|2027-09-07|2027-09-09|2027-09-12|2027-09-13|2027-09-17|2027-09-19|2027-09-20,"Фотограф, снимаю 8 лет, работаю в Бодруме, выезжаю и в Таиланд. Мой почерк — живой репортаж без позирования. Снимаю с дрона, если площадка разрешает. Снимаю в тёмных залах со вспышкой. Для пар и компаний из Казахстана. Перелёт и проживание не входят в стоимость. Работаю с англоязычными гостями."
HK-90154,Пауэр,Фотограф,Зарубежье,False,True,300000,False,свадьба|корпоратив|конференция,русский|английский,3,2026-09-23|2026-09-24|2026-09-25|2026-09-27|2026-09-28|2026-09-29|2026-10-01|2026-10-02|2026-10-03|2026-10-04|2026-10-09|2026-10-11|2026-10-15|2026-10-16|2026-10-18|2026-10-23|2026-10-25|2026-10-31|2026-11-01|2026-11-10|2026-11-12|2026-11-13|2026-11-15|2026-11-16|2026-11-17|2026-11-21|2026-11-25|2026-11-26|2026-11-28|2026-12-01|2026-12-02|2026-12-03|2026-12-06|2026-12-08|2026-12-09|2026-12-10|2026-12-11|2026-12-12|2026-12-13|2026-12-15|2026-12-16|2026-12-17|2026-12-18|2026-12-19|2026-12-20|2026-12-21|2026-12-22|2026-12-23|2026-12-24|2026-12-25|2026-12-26|2026-12-28|2026-12-29|2027-01-01|2027-01-03|2027-01-08|2027-01-09|2027-01-12|2027-01-15|2027-01-17|2027-01-18|2027-01-19|2027-01-22|2027-01-28|2027-01-30|2027-01-31|2027-02-09|2027-02-13|2027-02-14|2027-02-17|2027-02-19|2027-02-21|2027-02-25|2027-02-26|2027-02-27|2027-03-06|2027-03-08|2027-03-13|2027-03-14|2027-03-20|2027-03-21|2027-03-22|2027-03-23|2027-03-28|2027-04-01|2027-04-02|2027-04-03|2027-04-04|2027-04-09|2027-04-15|2027-04-16|2027-04-18|2027-04-20|2027-04-26|2027-05-01|2027-05-02|2027-05-08|2027-05-09|2027-05-13|2027-05-15|2027-05-16|2027-05-17|2027-05-18|2027-05-19|2027-05-22|2027-05-23|2027-05-24|2027-05-25|2027-05-27|2027-05-28|2027-05-29|2027-05-30|2027-06-01|2027-06-04|2027-06-05|2027-06-06|2027-06-08|2027-06-10|2027-06-11|2027-06-12|2027-06-13|2027-06-14|2027-06-16|2027-06-17|2027-06-18|2027-06-19|2027-06-20|2027-06-21|2027-06-23|2027-06-25|2027-06-26|2027-06-27|2027-07-02|2027-07-03|2027-07-04|2027-07-06|2027-07-07|2027-07-08|2027-07-09|2027-07-10|2027-07-11|2027-07-12|2027-07-13|2027-07-14|2027-07-16|2027-07-17|2027-07-18|2027-07-19|2027-07-21|2027-07-23|2027-07-24|2027-07-25|2027-07-27|2027-07-30|2027-08-01|2027-08-06|2027-08-07|2027-08-08|2027-08-13|2027-08-14|2027-08-15|2027-08-16|2027-08-17|2027-08-19|2027-08-20|2027-08-21|2027-08-22|2027-08-24|2027-08-25|2027-08-26|2027-08-27|2027-08-28|2027-08-29|2027-09-02|2027-09-04|2027-09-06|2027-09-11|2027-09-12|2027-09-16|2027-09-18|2027-09-19|2027-09-21,"Репортажный фотограф, работаю в Стамбуле, выезжаю и в Индонезию. Мой почерк — аккуратная постановка портретов. Снимаю в тёмных залах со вспышкой. Беру с собой второго фотографа по запросу. Для пар и компаний из Казахстана. Перелёт и проживание не входят в стоимость. Работаю с англоязычными гостями."
HK-90155,Аки Хаякава,Фотограф,Зарубежье,False,True,310000,False,корпоратив|конференция|юбилей|день рождения,русский|английский,5,2026-09-24|2026-09-26|2026-09-28|2026-09-29|2026-09-30|2026-10-01|2026-10-03|2026-10-09|2026-10-12|2026-10-15|2026-10-16|2026-10-19|2026-10-20|2026-10-21|2026-10-23|2026-10-25|2026-10-26|2026-10-27|2026-10-29|2026-10-30|2026-10-31|2026-11-01|2026-11-02|2026-11-03|2026-11-07|2026-11-08|2026-11-14|2026-11-16|2026-11-17|2026-11-25|2026-11-28|2026-12-01|2026-12-02|2026-12-05|2026-12-06|2026-12-07|2026-12-08|2026-12-09|2026-12-10|2026-12-11|2026-12-12|2026-12-13|2026-12-14|2026-12-15|2026-12-16|2026-12-17|2026-12-18|2026-12-19|2026-12-20|2026-12-21|2026-12-25|2026-12-26|2026-12-27|2026-12-28|2026-12-29|2026-12-30|2026-12-31|2027-01-12|2027-01-13|2027-01-14|2027-01-22|2027-01-28|2027-01-29|2027-02-03|2027-02-05|2027-02-14|2027-02-16|2027-02-19|2027-02-26|2027-03-01|2027-03-03|2027-03-04|2027-03-07|2027-03-08|2027-03-10|2027-03-12|2027-03-14|2027-03-18|2027-03-20|2027-03-21|2027-03-22|2027-03-23|2027-03-24|2027-03-27|2027-04-04|2027-04-05|2027-04-07|2027-04-09|2027-04-13|2027-04-14|2027-04-15|2027-04-16|2027-04-18|2027-04-20|2027-04-22|2027-04-23|2027-04-26|2027-04-30|2027-05-02|2027-05-10|2027-05-16|2027-05-17|2027-05-18|2027-05-21|2027-05-26|2027-05-27|2027-05-28|2027-05-30|2027-06-01|2027-06-03|2027-06-09|2027-06-16|2027-06-17|2027-06-21|2027-06-22|2027-06-24|2027-06-30|2027-07-01|2027-07-05|2027-07-06|2027-07-08|2027-07-17|2027-07-18|2027-07-27|2027-07-28|2027-07-29|2027-08-02|2027-08-03|2027-08-05|2027-08-06|2027-08-09|2027-08-16|2027-08-24|2027-08-27|2027-08-30|2027-09-01|2027-09-04|2027-09-07|2027-09-10|2027-09-14|2027-09-15|2027-09-16,"Репортажный фотограф, работаю в Дубае, выезжаю и в ОАЭ. Мой почерк — светлая плёночная цветокоррекция. Снимаю в тёмных залах со вспышкой. Отдаю от 300 обработанных кадров. Для пар и компаний из Казахстана. Перелёт и проживание не входят в стоимость. Работаю с англоязычными гостями."
HK-90156,Химэно,Видеограф,Зарубежье,False,True,800000,False,свадьба|корпоратив|конференция|юбилей,русский|английский,5,2026-09-23|2026-09-25|2026-09-26|2026-09-27|2026-09-28|2026-10-02|2026-10-04|2026-10-06|2026-10-07|2026-10-13|2026-10-23|2026-10-25|2026-10-26|2026-10-27|2026-10-29|2026-10-30|2026-11-01|2026-11-03|2026-11-09|2026-11-13|2026-11-14|2026-11-17|2026-11-20|2026-11-22|2026-11-27|2026-11-29|2026-12-03|2026-12-04|2026-12-05|2026-12-06|2026-12-07|2026-12-10|2026-12-11|2026-12-12|2026-12-13|2026-12-14|2026-12-15|2026-12-16|2026-12-18|2026-12-19|2026-12-20|2026-12-21|2026-12-23|2026-12-24|2026-12-25|2026-12-26|2026-12-28|2026-12-29|2026-12-30|2026-12-31|2027-01-03|2027-01-08|2027-01-10|2027-01-13|2027-01-15|2027-01-17|2027-01-23|2027-01-28|2027-02-01|2027-02-05|2027-02-10|2027-02-11|2027-02-14|2027-02-19|2027-02-21|2027-02-23|2027-02-24|2027-03-07|2027-03-13|2027-03-15|2027-03-20|2027-03-22|2027-03-23|2027-03-24|2027-03-28|2027-04-05|2027-04-07|2027-04-10|2027-04-11|2027-04-18|2027-04-22|2027-04-23|2027-04-24|2027-04-27|2027-04-28|2027-05-02|2027-05-04|2027-05-13|2027-05-15|2027-05-16|2027-05-17|2027-05-18|2027-05-20|2027-05-23|2027-05-24|2027-06-01|2027-06-04|2027-06-05|2027-06-08|2027-06-09|2027-06-11|2027-06-12|2027-06-13|2027-06-15|2027-06-17|2027-06-18|2027-06-23|2027-06-24|2027-06-25|2027-07-02|2027-07-03|2027-07-05|2027-07-06|2027-07-07|2027-07-09|2027-07-10|2027-07-11|2027-07-12|2027-07-14|2027-07-15|2027-07-16|2027-07-17|2027-07-18|2027-07-19|2027-07-20|2027-07-21|2027-07-23|2027-07-25|2027-07-28|2027-07-29|2027-07-31|2027-08-01|2027-08-02|2027-08-03|2027-08-07|2027-08-08|2027-08-10|2027-08-12|2027-08-13|2027-08-14|2027-08-17|2027-08-18|2027-08-19|2027-08-21|2027-08-22|2027-08-26|2027-08-27|2027-08-29|2027-08-30|2027-09-01|2027-09-05|2027-09-07|2027-09-09|2027-09-12|2027-09-14|2027-09-15|2027-09-16|2027-09-17|2027-09-18|2027-09-21,"Видеограф с кинематографическим подходом, работаю в Тбилиси, выезжаю и в Турцию. Делаю ролик-итог в тот же вечер. Субтитры на русском, казахском или английском. Звук пишу отдельно, чтобы речи было слышно. Для пар и компаний из Казахстана. Перелёт и проживание не входят в стоимость. Работаю с англоязычными гостями."
HK-90157,Вииз,Видеограф|Фотограф,Зарубежье,False,True,1300000,False,свадьба|корпоратив|конференция|юбилей,русский|английский,4,2026-09-23|2026-09-24|2026-09-28|2026-09-29|2026-09-30|2026-10-09|2026-10-11|2026-10-13|2026-10-14|2026-10-17|2026-10-18|2026-10-23|2026-10-25|2026-10-26|2026-10-27|2026-10-30|2026-11-01|2026-11-02|2026-11-08|2026-11-11|2026-11-18|2026-11-19|2026-11-20|2026-11-22|2026-11-25|2026-11-26|2026-11-27|2026-11-30|2026-12-03|2026-12-04|2026-12-05|2026-12-06|2026-12-10|2026-12-11|2026-12-12|2026-12-13|2026-12-14|2026-12-16|2026-12-17|2026-12-20|2026-12-21|2026-12-23|2026-12-24|2026-12-26|2026-12-28|2026-12-29|2026-12-30|2026-12-31|2027-01-01|2027-01-11|2027-01-12|2027-01-16|2027-01-17|2027-01-22|2027-01-24|2027-01-25|2027-01-28|2027-01-31|2027-02-07|2027-02-08|2027-02-10|2027-02-12|2027-02-14|2027-02-21|2027-03-08|2027-03-09|2027-03-11|2027-03-13|2027-03-14|2027-03-19|2027-03-20|2027-03-21|2027-03-22|2027-03-23|2027-03-27|2027-03-30|2027-04-01|2027-04-04|2027-04-08|2027-04-09|2027-04-10|2027-04-11|2027-04-13|2027-04-14|2027-04-25|2027-05-01|2027-05-05|2027-05-11|2027-05-15|2027-05-17|2027-05-20|2027-05-24|2027-05-25|2027-05-27|2027-05-28|2027-05-30|2027-06-01|2027-06-02|2027-06-03|2027-06-06|2027-06-08|2027-06-10|2027-06-11|2027-06-12|2027-06-13|2027-06-16|2027-06-20|2027-06-21|2027-06-22|2027-06-24|2027-06-26|2027-06-27|2027-06-29|2027-07-02|2027-07-03|2027-07-06|2027-07-09|2027-07-10|2027-07-11|2027-07-12|2027-07-13|2027-07-16|2027-07-18|2027-07-22|2027-07-24|2027-07-25|2027-07-30|2027-08-01|2027-08-02|2027-08-06|2027-08-07|2027-08-08|2027-08-10|2027-08-11|2027-08-12|2027-08-13|2027-08-14|2027-08-15|2027-08-16|2027-08-17|2027-08-20|2027-08-21|2027-08-22|2027-08-25|2027-08-27|2027-08-28|2027-08-29|2027-08-31|2027-09-03|2027-09-04|2027-09-05|2027-09-12|2027-09-13|2027-09-18|2027-09-19|2027-09-20,"Студия видеосъёмки, работаю в Тбилиси, выезжаю и в Италию. Предлагаю ролик-итог в тот же вечер. Тизер отдаю через 3 дня. Звук пишу отдельно, чтобы речи было слышно. Для пар и компаний из Казахстана. Перелёт и проживание не входят в стоимость. Работаю с англоязычными гостями."
HK-90158,Беатрис,Видеограф|Фотограф,Зарубежье,False,True,400000,False,корпоратив|юбилей,русский|английский,9,2026-09-25|2026-09-26|2026-09-29|2026-09-30|2026-10-04|2026-10-07|2026-10-09|2026-10-10|2026-10-18|2026-10-19|2026-10-20|2026-10-22|2026-10-23|2026-10-24|2026-10-25|2026-10-28|2026-11-01|2026-11-03|2026-11-05|2026-11-07|2026-11-08|2026-11-10|2026-11-11|2026-11-12|2026-11-13|2026-11-14|2026-11-16|2026-11-17|2026-11-20|2026-11-21|2026-11-23|2026-11-24|2026-11-25|2026-11-27|2026-11-28|2026-11-30|2026-12-02|2026-12-03|2026-12-04|2026-12-05|2026-12-06|2026-12-07|2026-12-08|2026-12-09|2026-12-11|2026-12-12|2026-12-13|2026-12-15|2026-12-16|2026-12-18|2026-12-19|2026-12-20|2026-12-21|2026-12-22|2026-12-23|2026-12-24|2026-12-25|2026-12-26|2026-12-30|2026-12-31|2027-01-02|2027-01-03|2027-01-05|2027-01-18|2027-01-24|2027-01-28|2027-02-02|2027-02-04|2027-02-08|2027-02-14|2027-02-16|2027-02-18|2027-02-21|2027-02-22|2027-02-23|2027-02-24|2027-03-07|2027-03-08|2027-03-12|2027-03-18|2027-03-20|2027-03-21|2027-03-22|2027-03-23|2027-03-24|2027-03-25|2027-03-26|2027-03-27|2027-03-29|2027-04-06|2027-04-07|2027-04-10|2027-04-14|2027-04-16|2027-04-21|2027-04-22|2027-04-26|2027-04-28|2027-05-01|2027-05-05|2027-05-06|2027-05-11|2027-05-12|2027-05-18|2027-05-24|2027-05-28|2027-06-01|2027-06-05|2027-06-09|2027-06-10|2027-06-11|2027-06-12|2027-06-14|2027-06-16|2027-06-28|2027-06-29|2027-07-28|2027-08-11|2027-09-01|2027-09-02|2027-09-03|2027-09-07|2027-09-09|2027-09-17|2027-09-20|2027-09-21,"Видеограф с кинематографическим подходом, работаю в Бодруме, выезжаю и в Италию. Предлагаю фильмы с интервью гостей. Субтитры на русском, казахском или английском. Тизер отдаю через 3 дня. Для пар и компаний из Казахстана. Перелёт и проживание не входят в стоимость. Работаю с англоязычными гостями."
HK-90159,Отто Сувен,Видеограф,Зарубежье,False,True,400000,False,свадьба|корпоратив|конференция|юбилей,русский,7,2026-09-25|2026-09-27|2026-10-03|2026-10-04|2026-10-05|2026-10-06|2026-10-07|2026-10-09|2026-10-12|2026-10-15|2026-10-17|2026-10-20|2026-10-21|2026-10-22|2026-10-25|2026-11-01|2026-11-03|2026-11-05|2026-11-06|2026-11-08|2026-11-09|2026-11-11|2026-11-13|2026-11-19|2026-11-20|2026-11-23|2026-11-24|2026-11-28|2026-12-01|2026-12-02|2026-12-03|2026-12-05|2026-12-07|2026-12-08|2026-12-09|2026-12-10|2026-12-11|2026-12-12|2026-12-13|2026-12-14|2026-12-15|2026-12-16|2026-12-17|2026-12-18|2026-12-19|2026-12-20|2026-12-21|2026-12-22|2026-12-23|2026-12-24|2026-12-25|2026-12-27|2026-12-28|2026-12-29|2026-12-30|2026-12-31|2027-01-01|2027-01-02|2027-01-03|2027-01-14|2027-01-19|2027-01-21|2027-01-27|2027-01-30|2027-02-05|2027-02-07|2027-02-11|2027-02-14|2027-02-15|2027-02-17|2027-02-20|2027-02-22|2027-03-01|2027-03-06|2027-03-07|2027-03-08|2027-03-11|2027-03-12|2027-03-13|2027-03-14|2027-03-16|2027-03-19|2027-03-20|2027-03-21|2027-03-22|2027-03-23|2027-03-24|2027-03-27|2027-03-28|2027-03-31|2027-04-04|2027-04-05|2027-04-08|2027-04-09|2027-04-14|2027-04-15|2027-04-17|2027-04-18|2027-04-24|2027-04-25|2027-04-26|2027-04-27|2027-04-28|2027-05-01|2027-05-02|2027-05-07|2027-05-08|2027-05-09|2027-05-12|2027-05-13|2027-05-15|2027-05-19|2027-05-22|2027-05-23|2027-05-29|2027-05-30|2027-05-31|2027-06-04|2027-06-05|2027-06-06|2027-06-08|2027-06-09|2027-06-11|2027-06-12|2027-06-13|2027-06-15|2027-06-18|2027-06-19|2027-06-20|2027-06-23|2027-06-24|2027-06-25|2027-06-26|2027-06-27|2027-07-01|2027-07-02|2027-07-03|2027-07-04|2027-07-05|2027-07-07|2027-07-09|2027-07-10|2027-07-11|2027-07-15|2027-07-16|2027-07-17|2027-07-18|2027-07-20|2027-07-22|2027-07-23|2027-07-24|2027-07-25|2027-07-26|2027-07-27|2027-07-28|2027-07-30|2027-07-31|2027-08-03|2027-08-04|2027-08-07|2027-08-08|2027-08-09|2027-08-12|2027-08-13|2027-08-14|2027-08-16|2027-08-18|2027-08-20|2027-08-21|2027-08-22|2027-08-23|2027-08-24|2027-08-25|2027-08-27|2027-08-28|2027-08-29|2027-09-02|2027-09-05|2027-09-06|2027-09-07|2027-09-08|2027-09-09|2027-09-11|2027-09-12|2027-09-13|2027-09-14|2027-09-15|2027-09-16|2027-09-17|2027-09-18|2027-09-20|2027-09-21,"Снимаю корпоративные и деловые события, работаю в Дубае, выезжаю и в Таиланд. Делаю ролик-итог в тот же вечер. Готовый фильм — через 2 недели. Тизер отдаю через 3 дня. Для пар и компаний из Казахстана. Перелёт и проживание не входят в стоимость."
HK-90160,Гатс,Видеограф,Зарубежье,False,True,450000,False,конференция,русский|английский,9,2026-09-23|2026-09-24|2026-09-26|2026-09-27|2026-10-02|2026-10-06|2026-10-17|2026-10-18|2026-10-20|2026-10-24|2026-10-27|2026-10-28|2026-10-29|2026-11-01|2026-11-03|2026-11-06|2026-11-07|2026-11-12|2026-11-13|2026-11-14|2026-11-16|2026-11-17|2026-11-18|2026-11-19|2026-11-20|2026-11-22|2026-11-25|2026-11-26|2026-11-27|2026-11-28|2026-12-02|2026-12-03|2026-12-04|2026-12-06|2026-12-07|2026-12-08|2026-12-09|2026-12-11|2026-12-12|2026-12-13|2026-12-14|2026-12-15|2026-12-16|2026-12-18|2026-12-19|2026-12-20|2026-12-21|2026-12-23|2026-12-24|2026-12-25|2026-12-26|2026-12-27|2026-12-28|2026-12-31|2027-01-01|2027-01-06|2027-01-13|2027-01-17|2027-01-23|2027-01-27|2027-02-01|2027-02-02|2027-02-03|2027-02-04|2027-02-09|2027-02-10|2027-02-11|2027-02-13|2027-02-14|2027-02-15|2027-02-16|2027-02-18|2027-02-20|2027-02-25|2027-02-26|2027-02-28|2027-03-01|2027-03-05|2027-03-07|2027-03-08|2027-03-09|2027-03-11|2027-03-12|2027-03-17|2027-03-21|2027-03-22|2027-03-23|2027-03-25|2027-03-26|2027-03-31|2027-04-01|2027-04-04|2027-04-05|2027-04-07|2027-04-08|2027-04-09|2027-04-12|2027-04-13|2027-04-16|2027-04-20|2027-04-22|2027-04-23|2027-04-25|2027-04-28|2027-04-29|2027-05-02|2027-05-03|2027-05-05|2027-05-06|2027-05-07|2027-05-11|2027-05-15|2027-05-17|2027-05-18|2027-05-20|2027-05-23|2027-05-24|2027-05-26|2027-05-28|2027-05-29|2027-06-05|2027-06-13|2027-06-14|2027-06-15|2027-06-20|2027-06-21|2027-06-24|2027-06-28|2027-06-29|2027-07-02|2027-07-12|2027-07-16|2027-07-23|2027-07-29|2027-08-03|2027-08-12|2027-08-23|2027-08-28|2027-08-30|2027-09-01|2027-09-06|2027-09-07|2027-09-08|2027-09-09|2027-09-15|2027-09-18|2027-09-20,"Снимаю корпоративные и деловые события, работаю на Пхукете, выезжаю и в Таиланд. Предлагаю фильмы с интервью гостей. Звук пишу отдельно, чтобы речи было слышно. Тизер отдаю через 5 дня. Для пар и компаний из Казахстана. Перелёт и проживание не входят в стоимость. Работаю с англоязычными гостями."
HK-90161,Каска,Видеограф|Фотограф,Зарубежье,False,True,400000,False,конференция|юбилей,русский|английский,10,2026-09-24|2026-10-02|2026-10-09|2026-10-20|2026-10-22|2026-10-25|2026-10-29|2026-10-30|2026-10-31|2026-11-01|2026-11-02|2026-11-06|2026-11-07|2026-11-12|2026-11-19|2026-11-20|2026-11-21|2026-11-24|2026-11-25|2026-11-27|2026-12-04|2026-12-06|2026-12-07|2026-12-08|2026-12-09|2026-12-11|2026-12-12|2026-12-13|2026-12-14|2026-12-16|2026-12-17|2026-12-18|2026-12-21|2026-12-22|2026-12-23|2026-12-24|2026-12-25|2026-12-27|2026-12-28|2026-12-29|2026-12-30|2027-01-01|2027-01-03|2027-01-05|2027-01-11|2027-01-14|2027-01-26|2027-01-29|2027-02-01|2027-02-08|2027-02-14|2027-02-16|2027-02-18|2027-02-19|2027-03-01|2027-03-02|2027-03-04|2027-03-08|2027-03-09|2027-03-10|2027-03-12|2027-03-17|2027-03-22|2027-03-24|2027-03-25|2027-03-30|2027-04-08|2027-04-17|2027-04-20|2027-04-28|2027-04-30|2027-05-04|2027-05-13|2027-05-14|2027-05-15|2027-05-17|2027-05-23|2027-06-07|2027-06-08|2027-06-09|2027-06-10|2027-06-12|2027-06-13|2027-06-15|2027-06-22|2027-06-27|2027-06-30|2027-07-03|2027-07-10|2027-07-12|2027-07-29|2027-08-11|2027-08-12|2027-08-23|2027-08-30|2027-09-07|2027-09-08|2027-09-10|2027-09-13|2027-09-16|2027-09-21,"Студия видеосъёмки, работаю на Бали, выезжаю и в Черногорию. Предлагаю фильмы с интервью гостей. Беру в команду второго оператора на 300+ гостей. Готовый фильм — через 4 недели. Для пар и компаний из Казахстана. Перелёт и проживание не входят в стоимость. Работаю с англоязычными гостями."
HK-90162,Мугэн,Видеограф,Зарубежье,False,True,600000,False,свадьба|корпоратив|конференция|юбилей,русский|английский,4,2026-09-28|2026-09-29|2026-10-01|2026-10-04|2026-10-05|2026-10-14|2026-10-17|2026-10-22|2026-10-26|2026-10-27|2026-10-31|2026-11-02|2026-11-03|2026-11-06|2026-11-26|2026-11-27|2026-12-03|2026-12-05|2026-12-06|2026-12-07|2026-12-09|2026-12-11|2026-12-14|2026-12-15|2026-12-17|2026-12-18|2026-12-19|2026-12-22|2026-12-23|2026-12-25|2026-12-27|2026-12-29|2026-12-30|2027-01-01|2027-01-04|2027-01-07|2027-01-10|2027-01-25|2027-01-28|2027-01-29|2027-01-30|2027-01-31|2027-02-02|2027-02-03|2027-02-07|2027-02-11|2027-02-12|2027-02-21|2027-02-23|2027-02-26|2027-02-28|2027-03-01|2027-03-02|2027-03-04|2027-03-05|2027-03-07|2027-03-08|2027-03-10|2027-03-11|2027-03-18|2027-03-19|2027-03-20|2027-03-21|2027-03-22|2027-03-27|2027-03-28|2027-04-02|2027-04-05|2027-04-07|2027-04-08|2027-04-10|2027-04-16|2027-04-18|2027-04-20|2027-04-21|2027-04-26|2027-05-02|2027-05-08|2027-05-09|2027-05-14|2027-05-16|2027-05-17|2027-05-22|2027-05-24|2027-05-26|2027-05-28|2027-06-06|2027-06-09|2027-06-11|2027-06-12|2027-06-14|2027-06-24|2027-06-25|2027-06-26|2027-06-29|2027-07-02|2027-07-03|2027-07-04|2027-07-06|2027-07-07|2027-07-10|2027-07-11|2027-07-13|2027-07-16|2027-07-17|2027-07-18|2027-07-19|2027-07-22|2027-07-23|2027-07-25|2027-07-26|2027-07-28|2027-08-01|2027-08-06|2027-08-07|2027-08-08|2027-08-10|2027-08-12|2027-08-14|2027-08-15|2027-08-20|2027-08-21|2027-08-25|2027-08-28|2027-08-29|2027-08-30|2027-09-05|2027-09-11|2027-09-14|2027-09-18|2027-09-21|2027-09-22,"Снимаю корпоративные и деловые события, работаю на побережье Антальи, выезжаю и в ОАЭ. Предлагаю ролики для соцсетей в день события. Звук пишу отдельно, чтобы речи было слышно. Готовый фильм — через 3 недели. Для пар и компаний из Казахстана. Перелёт и проживание не входят в стоимость. Работаю с англоязычными гостями."
HK-90163,Дзин,Декоратор,Зарубежье,False,True,1350000,False,свадьба|день рождения,русский|английский,,2026-09-24|2026-09-25|2026-09-26|2026-09-27|2026-10-02|2026-10-03|2026-10-07|2026-10-08|2026-10-11|2026-10-12|2026-10-17|2026-10-22|2026-10-24|2026-10-27|2026-10-31|2026-11-08|2026-11-10|2026-11-11|2026-11-14|2026-11-22|2026-11-23|2026-12-03|2026-12-04|2026-12-05|2026-12-06|2026-12-08|2026-12-09|2026-12-11|2026-12-12|2026-12-13|2026-12-14|2026-12-15|2026-12-16|2026-12-17|2026-12-18|2026-12-19|2026-12-20|2026-12-21|2026-12-22|2026-12-23|2026-12-24|2026-12-25|2026-12-28|2026-12-29|2026-12-30|2026-12-31|2027-01-05|2027-01-06|2027-01-10|2027-01-12|2027-01-15|2027-01-16|2027-01-19|2027-01-22|2027-01-27|2027-01-30|2027-01-31|2027-02-06|2027-02-08|2027-02-09|2027-02-12|2027-02-13|2027-02-14|2027-02-27|2027-03-03|2027-03-04|2027-03-05|2027-03-07|2027-03-11|2027-03-14|2027-03-15|2027-03-16|2027-03-20|2027-03-21|2027-03-22|2027-04-01|2027-04-03|2027-04-09|2027-04-11|2027-04-16|2027-04-19|2027-04-22|2027-04-23|2027-05-01|2027-05-02|2027-05-11|2027-05-14|2027-05-16|2027-05-21|2027-05-22|2027-05-23|2027-05-24|2027-05-27|2027-05-29|2027-06-04|2027-06-06|2027-06-11|2027-06-12|2027-06-13|2027-06-16|2027-06-18|2027-06-19|2027-06-23|2027-06-24|2027-06-26|2027-07-04|2027-07-05|2027-07-06|2027-07-07|2027-07-09|2027-07-11|2027-07-13|2027-07-17|2027-07-23|2027-07-24|2027-07-25|2027-07-30|2027-07-31|2027-08-01|2027-08-04|2027-08-06|2027-08-07|2027-08-08|2027-08-09|2027-08-10|2027-08-14|2027-08-15|2027-08-16|2027-08-19|2027-08-20|2027-08-21|2027-08-22|2027-08-25|2027-08-26|2027-08-28|2027-09-03|2027-09-04|2027-09-06|2027-09-07|2027-09-08|2027-09-10|2027-09-12|2027-09-15|2027-09-18|2027-09-20|2027-09-22,"Студия оформления, работаю в Дубае, выезжаю и в ОАЭ. Любимое направление — классика с текстилем. Выезжаем на площадки за городом. Делаем президиум, фотозону и арки. Для пар и компаний из Казахстана. Перелёт и проживание не входят в стоимость."
HK-90164,Фуу,Декоратор,Зарубежье,False,True,800000,False,юбилей|корпоратив|день рождения,русский,,2026-09-23|2026-09-26|2026-09-27|2026-09-28|2026-09-30|2026-10-01|2026-10-03|2026-10-06|2026-10-11|2026-10-14|2026-10-20|2026-10-24|2026-10-25|2026-10-27|2026-10-28|2026-10-30|2026-10-31|2026-11-01|2026-11-06|2026-11-07|2026-11-08|2026-11-14|2026-11-15|2026-11-17|2026-11-19|2026-11-21|2026-11-22|2026-11-23|2026-11-24|2026-11-27|2026-11-28|2026-11-30|2026-12-02|2026-12-03|2026-12-04|2026-12-05|2026-12-07|2026-12-08|2026-12-09|2026-12-10|2026-12-11|2026-12-12|2026-12-13|2026-12-15|2026-12-16|2026-12-17|2026-12-19|2026-12-20|2026-12-21|2026-12-22|2026-12-23|2026-12-24|2026-12-25|2026-12-26|2026-12-29|2026-12-30|2026-12-31|2027-01-01|2027-01-10|2027-01-14|2027-01-21|2027-01-22|2027-02-01|2027-02-02|2027-02-05|2027-02-06|2027-02-11|2027-02-14|2027-02-18|2027-02-19|2027-02-23|2027-03-02|2027-03-03|2027-03-04|2027-03-05|2027-03-07|2027-03-08|2027-03-09|2027-03-12|2027-03-14|2027-03-17|2027-03-19|2027-03-20|2027-03-21|2027-03-22|2027-03-23|2027-03-27|2027-03-29|2027-04-05|2027-04-08|2027-04-10|2027-04-13|2027-04-16|2027-04-17|2027-04-19|2027-04-20|2027-04-27|2027-04-29|2027-05-03|2027-05-07|2027-05-09|2027-05-10|2027-05-14|2027-05-17|2027-05-18|2027-05-19|2027-05-20|2027-05-21|2027-05-24|2027-05-27|2027-05-29|2027-06-03|2027-06-21|2027-06-22|2027-06-23|2027-06-24|2027-06-28|2027-07-01|2027-07-06|2027-07-07|2027-07-13|2027-07-26|2027-07-27|2027-08-02|2027-08-15|2027-08-16|2027-08-25|2027-08-30|2027-09-01|2027-09-13|2027-09-17|2027-09-18|2027-09-21,"Студия оформления, работаю на Пхукете, выезжаю и в Грузию. Стиль — рустик. Выезжаем на площадки за городом. Есть свой склад декора. Для пар и компаний из Казахстана. Перелёт и проживание не входят в стоимость."
HK-90165,Инуяся,Декоратор,Зарубежье,False,True,3050000,False,корпоратив,русский|английский,,2026-09-28|2026-10-01|2026-10-02|2026-10-03|2026-10-05|2026-10-11|2026-10-12|2026-10-15|2026-10-17|2026-10-18|2026-10-20|2026-10-25|2026-10-29|2026-10-30|2026-11-03|2026-11-05|2026-11-07|2026-11-08|2026-11-10|2026-11-13|2026-11-15|2026-11-18|2026-11-21|2026-11-22|2026-11-24|2026-11-25|2026-11-29|2026-11-30|2026-12-02|2026-12-03|2026-12-04|2026-12-05|2026-12-06|2026-12-07|2026-12-10|2026-12-11|2026-12-12|2026-12-13|2026-12-15|2026-12-16|2026-12-18|2026-12-19|2026-12-20|2026-12-21|2026-12-22|2026-12-23|2026-12-25|2026-12-26|2026-12-30|2026-12-31|2027-01-01|2027-01-03|2027-01-08|2027-01-09|2027-01-18|2027-01-19|2027-01-24|2027-01-26|2027-01-29|2027-02-03|2027-02-04|2027-02-05|2027-02-07|2027-02-11|2027-02-13|2027-02-14|2027-02-17|2027-02-19|2027-02-22|2027-02-23|2027-02-26|2027-03-01|2027-03-03|2027-03-04|2027-03-07|2027-03-09|2027-03-15|2027-03-20|2027-03-21|2027-03-22|2027-03-25|2027-03-28|2027-04-06|2027-04-11|2027-04-12|2027-04-13|2027-04-16|2027-04-21|2027-04-22|2027-04-23|2027-04-25|2027-04-26|2027-05-03|2027-05-07|2027-05-10|2027-05-12|2027-05-14|2027-05-17|2027-05-19|2027-05-20|2027-06-01|2027-06-04|2027-06-06|2027-06-11|2027-06-14|2027-06-15|2027-06-16|2027-06-22|2027-06-27|2027-07-04|2027-07-06|2027-07-09|2027-07-10|2027-07-15|2027-07-24|2027-07-26|2027-07-28|2027-08-19|2027-08-30|2027-08-31|2027-09-04|2027-09-07|2027-09-09|2027-09-10|2027-09-11|2027-09-19,"Декоратор, работаю в Бодруме, выезжаю и в ОАЭ. Стиль — национальный с орнаментом. Выезжаем на площадки за городом. Монтаж накануне или с утра в день мероприятия. Для пар и компаний из Казахстана. Перелёт и проживание не входят в стоимость."
HK-90166,Сэссёмару,Декоратор,Зарубежье,False,True,2850000,False,свадьба|юбилей,русский|английский,,2026-09-23|2026-09-25|2026-10-01|2026-10-02|2026-10-03|2026-10-07|2026-10-10|2026-10-11|2026-10-13|2026-10-14|2026-10-15|2026-10-16|2026-10-18|2026-10-26|2026-10-27|2026-10-28|2026-11-02|2026-11-03|2026-11-09|2026-11-11|2026-11-15|2026-11-17|2026-11-19|2026-11-22|2026-11-26|2026-11-30|2026-12-01|2026-12-02|2026-12-04|2026-12-06|2026-12-08|2026-12-09|2026-12-10|2026-12-11|2026-12-12|2026-12-13|2026-12-15|2026-12-16|2026-12-18|2026-12-19|2026-12-20|2026-12-21|2026-12-24|2026-12-25|2026-12-26|2026-12-31|2027-01-01|2027-01-03|2027-01-05|2027-01-08|2027-01-13|2027-01-21|2027-01-24|2027-01-27|2027-01-28|2027-01-30|2027-02-02|2027-02-03|2027-02-04|2027-02-06|2027-02-12|2027-02-14|2027-02-17|2027-02-20|2027-02-21|2027-02-25|2027-03-04|2027-03-05|2027-03-06|2027-03-07|2027-03-08|2027-03-11|2027-03-16|2027-03-17|2027-03-19|2027-03-21|2027-03-22|2027-03-23|2027-03-24|2027-03-25|2027-03-26|2027-03-27|2027-03-29|2027-03-30|2027-04-01|2027-04-03|2027-04-05|2027-04-10|2027-04-11|2027-04-15|2027-04-19|2027-04-21|2027-04-22|2027-04-23|2027-04-25|2027-04-26|2027-04-29|2027-05-01|2027-05-08|2027-05-09|2027-05-13|2027-05-14|2027-05-15|2027-05-19|2027-05-21|2027-05-22|2027-05-23|2027-05-24|2027-05-25|2027-06-01|2027-06-04|2027-06-10|2027-06-11|2027-06-12|2027-06-13|2027-06-14|2027-06-16|2027-06-18|2027-06-19|2027-06-20|2027-06-21|2027-06-24|2027-06-26|2027-06-27|2027-07-03|2027-07-04|2027-07-06|2027-07-07|2027-07-11|2027-07-12|2027-07-13|2027-07-14|2027-07-17|2027-07-18|2027-07-20|2027-07-21|2027-07-24|2027-07-25|2027-07-28|2027-07-29|2027-07-30|2027-08-01|2027-08-03|2027-08-05|2027-08-06|2027-08-07|2027-08-09|2027-08-12|2027-08-13|2027-08-14|2027-08-15|2027-08-17|2027-08-18|2027-08-19|2027-08-20|2027-08-21|2027-08-22|2027-08-26|2027-08-27|2027-08-28|2027-08-29|2027-08-30|2027-08-31|2027-09-04|2027-09-05|2027-09-07|2027-09-09|2027-09-11|2027-09-12|2027-09-13|2027-09-17|2027-09-21,"Декоратор, работаю на Пхукете, выезжаю и в Черногорию. Любимое направление — национальный с орнаментом. Делаем президиум, фотозону и арки. Выезжаем на площадки за городом. Для пар и компаний из Казахстана. Перелёт и проживание не входят в стоимость."
HK-90167,Санго,Декоратор,Зарубежье,False,True,1400000,False,свадьба|корпоратив|день рождения,русский|английский,,2026-09-26|2026-09-27|2026-09-30|2026-10-03|2026-10-07|2026-10-11|2026-10-16|2026-10-17|2026-10-18|2026-10-19|2026-10-22|2026-10-23|2026-10-25|2026-10-26|2026-10-29|2026-10-30|2026-10-31|2026-11-01|2026-11-06|2026-11-07|2026-11-11|2026-11-13|2026-11-14|2026-11-15|2026-11-18|2026-11-21|2026-11-25|2026-11-27|2026-11-29|2026-12-02|2026-12-03|2026-12-05|2026-12-06|2026-12-07|2026-12-08|2026-12-09|2026-12-10|2026-12-11|2026-12-12|2026-12-13|2026-12-14|2026-12-15|2026-12-16|2026-12-17|2026-12-18|2026-12-19|2026-12-20|2026-12-21|2026-12-22|2026-12-23|2026-12-24|2026-12-25|2026-12-26|2026-12-27|2026-12-29|2026-12-30|2027-01-01|2027-01-02|2027-01-08|2027-01-09|2027-01-10|2027-01-11|2027-01-12|2027-01-14|2027-01-15|2027-01-16|2027-01-28|2027-01-29|2027-01-31|2027-02-01|2027-02-06|2027-02-13|2027-02-14|2027-02-16|2027-02-17|2027-02-19|2027-02-24|2027-02-27|2027-03-05|2027-03-06|2027-03-07|2027-03-08|2027-03-10|2027-03-13|2027-03-14|2027-03-16|2027-03-20|2027-03-21|2027-03-22|2027-03-23|2027-03-24|2027-03-27|2027-03-31|2027-04-01|2027-04-02|2027-04-04|2027-04-07|2027-04-08|2027-04-11|2027-04-13|2027-04-17|2027-04-18|2027-04-19|2027-04-21|2027-04-23|2027-04-29|2027-04-30|2027-05-01|2027-05-02|2027-05-03|2027-05-05|2027-05-07|2027-05-08|2027-05-09|2027-05-11|2027-05-12|2027-05-13|2027-05-14|2027-05-16|2027-05-17|2027-05-19|2027-05-20|2027-05-21|2027-05-22|2027-05-23|2027-05-24|2027-05-25|2027-05-30|2027-05-31|2027-06-01|2027-06-02|2027-06-03|2027-06-05|2027-06-06|2027-06-11|2027-06-13|2027-06-14|2027-06-15|2027-06-16|2027-06-18|2027-06-19|2027-06-20|2027-06-23|2027-06-24|2027-06-25|2027-06-26|2027-06-27|2027-06-29|2027-06-30|2027-07-01|2027-07-02|2027-07-03|2027-07-05|2027-07-06|2027-07-08|2027-07-09|2027-07-10|2027-07-11|2027-07-13|2027-07-14|2027-07-16|2027-07-17|2027-07-18|2027-07-20|2027-07-22|2027-07-23|2027-07-24|2027-07-25|2027-07-26|2027-07-27|2027-07-30|2027-07-31|2027-08-01|2027-08-03|2027-08-05|2027-08-06|2027-08-07|2027-08-08|2027-08-09|2027-08-13|2027-08-14|2027-08-15|2027-08-17|2027-08-18|2027-08-19|2027-08-20|2027-08-21|2027-08-22|2027-08-24|2027-08-26|2027-08-27|2027-08-28|2027-08-29|2027-08-30|2027-08-31|2027-09-01|2027-09-04|2027-09-05|2027-09-08|2027-09-09|2027-09-11|2027-09-12|2027-09-13|2027-09-16|2027-09-18|2027-09-19|2027-09-20|2027-09-22,"Студия оформления, работаю в Батуми, выезжаю и в Черногорию. Стиль — национальный с орнаментом. Есть свой склад декора. Делаем президиум, фотозону и арки. Для пар и компаний из Казахстана. Перелёт и проживание не входят в стоимость."
HK-90168,Мироку,Флорист,Зарубежье,False,True,500000,False,свадьба|юбилей,русский|английский,,2026-09-25|2026-09-26|2026-09-29|2026-09-30|2026-10-02|2026-10-03|2026-10-07|2026-10-08|2026-10-09|2026-10-10|2026-10-11|2026-10-14|2026-10-15|2026-10-17|2026-10-19|2026-10-20|2026-10-23|2026-11-02|2026-11-03|2026-11-05|2026-11-06|2026-11-07|2026-11-08|2026-11-09|2026-11-12|2026-11-14|2026-11-16|2026-11-19|2026-11-20|2026-11-22|2026-11-26|2026-11-27|2026-11-29|2026-11-30|2026-12-01|2026-12-02|2026-12-03|2026-12-04|2026-12-05|2026-12-06|2026-12-07|2026-12-08|2026-12-09|2026-12-10|2026-12-11|2026-12-12|2026-12-13|2026-12-14|2026-12-15|2026-12-16|2026-12-18|2026-12-19|2026-12-20|2026-12-21|2026-12-22|2026-12-23|2026-12-24|2026-12-25|2026-12-26|2026-12-27|2026-12-28|2026-12-29|2026-12-30|2026-12-31|2027-01-02|2027-01-03|2027-01-05|2027-01-06|2027-01-07|2027-01-10|2027-01-11|2027-01-13|2027-01-18|2027-01-21|2027-01-22|2027-01-24|2027-02-01|2027-02-02|2027-02-05|2027-02-09|2027-02-12|2027-02-14|2027-02-15|2027-02-16|2027-02-25|2027-03-01|2027-03-05|2027-03-06|2027-03-07|2027-03-08|2027-03-09|2027-03-11|2027-03-12|2027-03-13|2027-03-16|2027-03-17|2027-03-18|2027-03-19|2027-03-20|2027-03-21|2027-03-22|2027-03-23|2027-03-25|2027-03-26|2027-03-27|2027-03-28|2027-03-29|2027-04-01|2027-04-03|2027-04-04|2027-04-08|2027-04-09|2027-04-10|2027-04-14|2027-04-16|2027-04-17|2027-04-18|2027-04-22|2027-04-23|2027-04-25|2027-04-27|2027-04-28|2027-04-30|2027-05-04|2027-05-05|2027-05-06|2027-05-08|2027-05-10|2027-05-11|2027-05-12|2027-05-13|2027-05-16|2027-05-21|2027-05-23|2027-05-26|2027-05-27|2027-05-29|2027-05-30|2027-06-02|2027-06-03|2027-06-04|2027-06-05|2027-06-06|2027-06-12|2027-06-13|2027-06-16|2027-06-17|2027-06-18|2027-06-19|2027-06-20|2027-06-23|2027-06-24|2027-06-25|2027-06-26|2027-06-27|2027-06-29|2027-07-01|2027-07-02|2027-07-03|2027-07-04|2027-07-05|2027-07-06|2027-07-07|2027-07-08|2027-07-09|2027-07-10|2027-07-11|2027-07-13|2027-07-14|2027-07-15|2027-07-16|2027-07-17|2027-07-18|2027-07-21|2027-07-22|2027-07-23|2027-07-24|2027-07-25|2027-07-26|2027-07-27|2027-07-29|2027-07-30|2027-07-31|2027-08-01|2027-08-03|2027-08-05|2027-08-06|2027-08-07|2027-08-08|2027-08-10|2027-08-12|2027-08-13|2027-08-14|2027-08-15|2027-08-18|2027-08-19|2027-08-20|2027-08-21|2027-08-22|2027-08-24|2027-08-25|2027-08-27|2027-08-28|2027-08-29|2027-08-30|2027-09-01|2027-09-02|2027-09-03|2027-09-04|2027-09-05|2027-09-06|2027-09-07|2027-09-08|2027-09-10|2027-09-11|2027-09-12|2027-09-13|2027-09-15|2027-09-16|2027-09-17|2027-09-18|2027-09-19,"Флористическая студия, работаю в Дубае, выезжаю и в Грузию. Делаем букеты невест и бутоньерки. Монтаж накануне вечером. Доставка в день мероприятия. Для пар и компаний из Казахстана. Перелёт и проживание не входят в стоимость."
HK-90169,Пикколо,Флорист,Зарубежье,False,True,500000,False,юбилей|корпоратив,русский|английский,,2026-09-25|2026-09-26|2026-09-28|2026-09-29|2026-09-30|2026-10-02|2026-10-07|2026-10-16|2026-10-18|2026-10-27|2026-11-02|2026-11-06|2026-11-08|2026-11-12|2026-11-14|2026-11-19|2026-11-22|2026-11-23|2026-12-03|2026-12-05|2026-12-07|2026-12-09|2026-12-13|2026-12-15|2026-12-18|2026-12-20|2026-12-26|2026-12-27|2026-12-29|2026-12-30|2026-12-31|2027-01-03|2027-01-15|2027-01-17|2027-01-28|2027-02-03|2027-02-06|2027-02-08|2027-02-22|2027-02-27|2027-03-02|2027-03-07|2027-03-10|2027-03-15|2027-03-16|2027-03-19|2027-03-20|2027-03-22|2027-03-23|2027-03-25|2027-03-26|2027-03-29|2027-04-02|2027-04-03|2027-04-05|2027-04-06|2027-04-09|2027-04-17|2027-04-22|2027-04-28|2027-04-29|2027-05-01|2027-05-02|2027-05-03|2027-05-09|2027-05-13|2027-05-14|2027-05-19|2027-05-26|2027-05-28|2027-06-05|2027-06-10|2027-06-16|2027-06-23|2027-06-28|2027-07-15|2027-07-22|2027-07-23|2027-07-29|2027-08-04|2027-08-11|2027-08-18|2027-08-28|2027-09-07|2027-09-10|2027-09-13|2027-09-16,"Флористическая студия, работаю в Тбилиси, выезжаю и в Индонезию. Специализация — цветочные арки. Доставка в день мероприятия. Монтаж накануне вечером. Для пар и компаний из Казахстана. Перелёт и проживание не входят в стоимость."
HK-90170,Транкс,Флорист,Зарубежье,False,True,180000,False,свадьба|юбилей|корпоратив,русский|английский,,2026-09-25|2026-09-27|2026-09-28|2026-09-30|2026-10-02|2026-10-03|2026-10-07|2026-10-10|2026-10-11|2026-10-12|2026-10-15|2026-10-16|2026-10-19|2026-10-22|2026-10-26|2026-10-29|2026-10-31|2026-11-01|2026-11-06|2026-11-13|2026-11-14|2026-11-17|2026-11-18|2026-11-20|2026-11-22|2026-11-26|2026-11-27|2026-11-29|2026-12-01|2026-12-03|2026-12-05|2026-12-07|2026-12-08|2026-12-11|2026-12-12|2026-12-13|2026-12-14|2026-12-16|2026-12-17|2026-12-18|2026-12-19|2026-12-20|2026-12-21|2026-12-22|2026-12-23|2026-12-24|2026-12-26|2026-12-27|2026-12-28|2026-12-29|2026-12-30|2026-12-31|2027-01-01|2027-01-02|2027-01-04|2027-01-11|2027-01-17|2027-01-19|2027-01-22|2027-01-25|2027-01-26|2027-01-28|2027-02-11|2027-02-14|2027-02-16|2027-02-19|2027-02-21|2027-02-22|2027-02-24|2027-02-27|2027-03-01|2027-03-02|2027-03-03|2027-03-04|2027-03-05|2027-03-07|2027-03-08|2027-03-09|2027-03-14|2027-03-17|2027-03-19|2027-03-20|2027-03-21|2027-03-22|2027-03-23|2027-03-25|2027-03-28|2027-04-02|2027-04-03|2027-04-05|2027-04-06|2027-04-10|2027-04-18|2027-04-19|2027-04-24|2027-04-25|2027-04-27|2027-04-28|2027-04-29|2027-05-01|2027-05-02|2027-05-03|2027-05-09|2027-05-10|2027-05-11|2027-05-15|2027-05-16|2027-05-17|2027-05-19|2027-05-22|2027-05-23|2027-05-25|2027-05-27|2027-05-31|2027-06-03|2027-06-04|2027-06-08|2027-06-09|2027-06-10|2027-06-11|2027-06-12|2027-06-13|2027-06-15|2027-06-16|2027-06-17|2027-06-18|2027-06-19|2027-06-20|2027-06-21|2027-06-25|2027-06-26|2027-06-27|2027-06-29|2027-07-02|2027-07-03|2027-07-04|2027-07-06|2027-07-07|2027-07-09|2027-07-10|2027-07-11|2027-07-14|2027-07-16|2027-07-17|2027-07-18|2027-07-20|2027-07-21|2027-07-22|2027-07-23|2027-07-24|2027-07-25|2027-07-29|2027-07-31|2027-08-01|2027-08-02|2027-08-06|2027-08-07|2027-08-08|2027-08-09|2027-08-10|2027-08-13|2027-08-14|2027-08-15|2027-08-17|2027-08-18|2027-08-19|2027-08-20|2027-08-21|2027-08-22|2027-08-24|2027-08-25|2027-08-26|2027-08-27|2027-08-28|2027-08-30|2027-09-01|2027-09-02|2027-09-04|2027-09-05|2027-09-07|2027-09-10|2027-09-11|2027-09-12|2027-09-13|2027-09-15|2027-09-17|2027-09-18|2027-09-19|2027-09-20,"Цветочная мастерская, работаю в Тбилиси, выезжаю и в Турцию. Специализация — сухоцветы и стабилизированные цветы. Подбираем палитру под декор зала. Доставка в день мероприятия. Для пар и компаний из Казахстана. Перелёт и проживание не входят в стоимость."
HK-90171,Чи-Чи,Ведущий церемонии,Зарубежье,False,True,350000,False,свадьба,русский|английский,1,2026-09-27|2026-09-30|2026-10-06|2026-10-09|2026-10-11|2026-10-13|2026-10-15|2026-10-16|2026-10-17|2026-10-18|2026-10-20|2026-10-27|2026-11-05|2026-11-08|2026-11-09|2026-11-12|2026-11-14|2026-11-15|2026-11-16|2026-11-19|2026-11-20|2026-11-21|2026-11-25|2026-11-27|2026-12-01|2026-12-02|2026-12-03|2026-12-04|2026-12-05|2026-12-06|2026-12-08|2026-12-09|2026-12-10|2026-12-11|2026-12-12|2026-12-14|2026-12-16|2026-12-17|2026-12-18|2026-12-19|2026-12-20|2026-12-22|2026-12-23|2026-12-27|2026-12-28|2026-12-29|2026-12-30|2027-01-01|2027-01-03|2027-01-04|2027-01-07|2027-01-08|2027-01-09|2027-01-13|2027-01-22|2027-01-24|2027-01-26|2027-01-29|2027-02-09|2027-02-10|2027-02-11|2027-02-17|2027-03-05|2027-03-08|2027-03-09|2027-03-10|2027-03-11|2027-03-14|2027-03-20|2027-03-21|2027-03-22|2027-03-23|2027-03-24|2027-03-27|2027-03-28|2027-04-04|2027-04-07|2027-04-08|2027-04-18|2027-04-21|2027-04-23|2027-04-28|2027-04-29|2027-05-02|2027-05-03|2027-05-05|2027-05-08|2027-05-11|2027-05-12|2027-05-13|2027-05-15|2027-05-16|2027-05-17|2027-05-18|2027-05-19|2027-05-22|2027-05-24|2027-05-29|2027-06-02|2027-06-03|2027-06-04|2027-06-09|2027-06-10|2027-06-11|2027-06-13|2027-06-14|2027-06-15|2027-06-17|2027-06-18|2027-06-19|2027-06-20|2027-06-22|2027-06-25|2027-06-26|2027-06-27|2027-06-28|2027-06-29|2027-06-30|2027-07-03|2027-07-04|2027-07-07|2027-07-09|2027-07-10|2027-07-16|2027-07-17|2027-07-18|2027-07-21|2027-07-24|2027-07-27|2027-07-28|2027-07-29|2027-07-30|2027-07-31|2027-08-01|2027-08-06|2027-08-07|2027-08-08|2027-08-10|2027-08-11|2027-08-12|2027-08-13|2027-08-14|2027-08-15|2027-08-16|2027-08-19|2027-08-20|2027-08-21|2027-08-22|2027-08-24|2027-08-27|2027-08-28|2027-08-29|2027-08-30|2027-09-04|2027-09-06|2027-09-07|2027-09-10|2027-09-11|2027-09-12|2027-09-13|2027-09-14|2027-09-18|2027-09-20,"Ведущий выездных регистраций, работаю в Дубае, выезжаю и в Италию. Церемония — тёплая и спокойная. Пишу текст церемонии под пару. Веду на двух языках. Для пар и компаний из Казахстана. Перелёт и проживание не входят в стоимость. Работаю с англоязычными гостями."
HK-90172,Сайтама,Ведущий церемонии,Зарубежье,False,True,480000,False,свадьба,русский|английский,3,2026-09-24|2026-09-26|2026-10-02|2026-10-07|2026-10-11|2026-10-18|2026-10-19|2026-10-21|2026-10-22|2026-10-26|2026-11-02|2026-11-06|2026-11-08|2026-11-09|2026-11-14|2026-11-16|2026-11-17|2026-11-18|2026-11-21|2026-11-23|2026-11-27|2026-11-28|2026-11-29|2026-12-01|2026-12-03|2026-12-04|2026-12-05|2026-12-06|2026-12-09|2026-12-10|2026-12-11|2026-12-12|2026-12-13|2026-12-14|2026-12-15|2026-12-17|2026-12-19|2026-12-20|2026-12-22|2026-12-23|2026-12-24|2026-12-26|2026-12-27|2026-12-28|2026-12-29|2026-12-30|2027-01-01|2027-01-02|2027-01-25|2027-01-26|2027-02-06|2027-02-08|2027-02-09|2027-02-11|2027-02-18|2027-02-28|2027-03-03|2027-03-07|2027-03-14|2027-03-20|2027-03-21|2027-03-22|2027-03-23|2027-03-24|2027-03-26|2027-03-28|2027-03-29|2027-03-31|2027-04-04|2027-04-06|2027-04-12|2027-04-15|2027-04-16|2027-04-18|2027-04-19|2027-04-22|2027-04-23|2027-04-30|2027-05-02|2027-05-04|2027-05-06|2027-05-07|2027-05-08|2027-05-09|2027-05-14|2027-05-15|2027-05-16|2027-05-17|2027-05-20|2027-05-21|2027-05-22|2027-05-26|2027-05-29|2027-05-30|2027-05-31|2027-06-01|2027-06-02|2027-06-04|2027-06-05|2027-06-07|2027-06-08|2027-06-09|2027-06-11|2027-06-12|2027-06-13|2027-06-18|2027-06-19|2027-06-20|2027-06-25|2027-06-26|2027-06-27|2027-06-29|2027-06-30|2027-07-02|2027-07-05|2027-07-09|2027-07-10|2027-07-11|2027-07-12|2027-07-14|2027-07-17|2027-07-18|2027-07-19|2027-07-24|2027-07-25|2027-07-27|2027-07-28|2027-07-29|2027-07-30|2027-07-31|2027-08-01|2027-08-03|2027-08-04|2027-08-06|2027-08-08|2027-08-10|2027-08-11|2027-08-13|2027-08-14|2027-08-15|2027-08-17|2027-08-18|2027-08-19|2027-08-20|2027-08-21|2027-08-22|2027-08-23|2027-08-27|2027-08-29|2027-08-30|2027-08-31|2027-09-01|2027-09-10|2027-09-11|2027-09-12|2027-09-18|2027-09-19|2027-09-20|2027-09-22,"Ведущая свадебных церемоний, работаю в Батуми, выезжаю и в Черногорию. Подача с личной историей пары. Церемония длится 50–20 минут. Веду на двух языках. Для пар и компаний из Казахстана. Перелёт и проживание не входят в стоимость. Работаю с англоязычными гостями."
HK-90173,Генос,Ведущий церемонии,Зарубежье,False,True,340000,False,свадьба,русский|английский,1,2026-09-25|2026-10-01|2026-10-02|2026-10-03|2026-10-04|2026-10-05|2026-10-11|2026-10-14|2026-10-16|2026-10-19|2026-10-21|2026-10-23|2026-10-25|2026-10-27|2026-10-28|2026-10-30|2026-11-01|2026-11-03|2026-11-04|2026-11-09|2026-11-11|2026-11-15|2026-11-16|2026-11-17|2026-11-20|2026-11-22|2026-11-23|2026-11-27|2026-12-01|2026-12-03|2026-12-06|2026-12-07|2026-12-10|2026-12-11|2026-12-12|2026-12-13|2026-12-14|2026-12-15|2026-12-16|2026-12-17|2026-12-18|2026-12-19|2026-12-20|2026-12-21|2026-12-22|2026-12-23|2026-12-24|2026-12-25|2026-12-26|2026-12-28|2026-12-30|2026-12-31|2027-01-02|2027-01-03|2027-01-06|2027-01-10|2027-01-17|2027-01-24|2027-01-26|2027-02-03|2027-02-04|2027-02-05|2027-02-09|2027-02-12|2027-02-15|2027-02-17|2027-02-20|2027-02-21|2027-02-28|2027-03-02|2027-03-04|2027-03-07|2027-03-08|2027-03-11|2027-03-12|2027-03-13|2027-03-14|2027-03-16|2027-03-18|2027-03-19|2027-03-20|2027-03-21|2027-03-22|2027-03-23|2027-03-27|2027-03-28|2027-03-29|2027-03-31|2027-04-01|2027-04-03|2027-04-04|2027-04-10|2027-04-11|2027-04-14|2027-04-15|2027-04-21|2027-04-25|2027-04-28|2027-04-29|2027-04-30|2027-05-01|2027-05-02|2027-05-06|2027-05-08|2027-05-09|2027-05-11|2027-05-14|2027-05-15|2027-05-16|2027-05-17|2027-05-21|2027-05-22|2027-05-23|2027-05-24|2027-05-27|2027-05-28|2027-05-30|2027-06-02|2027-06-03|2027-06-04|2027-06-05|2027-06-06|2027-06-07|2027-06-08|2027-06-11|2027-06-12|2027-06-13|2027-06-14|2027-06-15|2027-06-17|2027-06-18|2027-06-19|2027-06-20|2027-06-25|2027-06-26|2027-06-27|2027-06-29|2027-06-30|2027-07-01|2027-07-06|2027-07-07|2027-07-08|2027-07-09|2027-07-10|2027-07-11|2027-07-15|2027-07-16|2027-07-17|2027-07-18|2027-07-19|2027-07-23|2027-07-24|2027-07-25|2027-07-27|2027-07-29|2027-07-31|2027-08-01|2027-08-07|2027-08-08|2027-08-09|2027-08-11|2027-08-13|2027-08-14|2027-08-15|2027-08-18|2027-08-20|2027-08-21|2027-08-22|2027-08-23|2027-08-27|2027-08-28|2027-08-29|2027-08-31|2027-09-05|2027-09-06|2027-09-08|2027-09-09|2027-09-10|2027-09-11|2027-09-12|2027-09-15|2027-09-18|2027-09-19,"Ведущий выездных регистраций, работаю в Стамбуле, выезжаю и в Турцию. Подача с личной историей пары. Помогаю с репетицией выхода. Веду на двух языках. Для пар и компаний из Казахстана. Перелёт и проживание не входят в стоимость. Работаю с англоязычными гостями."
HK-90174,Тацумаки,Ведущий церемонии,Зарубежье,False,True,360000,False,свадьба,русский|английский,3,2026-09-25|2026-09-26|2026-09-27|2026-10-05|2026-10-11|2026-10-13|2026-10-15|2026-10-17|2026-10-21|2026-10-24|2026-10-26|2026-10-27|2026-10-29|2026-10-30|2026-10-31|2026-11-03|2026-11-04|2026-11-05|2026-11-10|2026-11-14|2026-11-15|2026-11-22|2026-11-23|2026-11-27|2026-12-02|2026-12-03|2026-12-04|2026-12-05|2026-12-06|2026-12-08|2026-12-11|2026-12-12|2026-12-14|2026-12-15|2026-12-16|2026-12-18|2026-12-19|2026-12-20|2026-12-21|2026-12-24|2026-12-25|2026-12-26|2026-12-27|2026-12-30|2026-12-31|2027-01-01|2027-01-03|2027-01-06|2027-01-09|2027-01-10|2027-01-14|2027-01-20|2027-01-23|2027-01-24|2027-01-25|2027-01-26|2027-01-27|2027-02-02|2027-02-04|2027-02-06|2027-02-07|2027-02-14|2027-02-21|2027-02-25|2027-03-07|2027-03-08|2027-03-10|2027-03-11|2027-03-20|2027-03-21|2027-03-22|2027-03-23|2027-03-25|2027-03-29|2027-03-30|2027-04-02|2027-04-04|2027-04-06|2027-04-08|2027-04-10|2027-04-11|2027-04-12|2027-04-16|2027-04-18|2027-04-19|2027-04-21|2027-04-23|2027-04-24|2027-04-25|2027-04-29|2027-05-03|2027-05-04|2027-05-05|2027-05-08|2027-05-09|2027-05-14|2027-05-15|2027-05-16|2027-05-22|2027-05-24|2027-05-25|2027-05-26|2027-05-27|2027-05-28|2027-05-29|2027-05-30|2027-06-01|2027-06-02|2027-06-04|2027-06-05|2027-06-09|2027-06-10|2027-06-11|2027-06-12|2027-06-13|2027-06-17|2027-06-18|2027-06-19|2027-06-20|2027-06-21|2027-06-24|2027-06-26|2027-06-27|2027-06-29|2027-07-02|2027-07-03|2027-07-05|2027-07-06|2027-07-09|2027-07-10|2027-07-11|2027-07-13|2027-07-14|2027-07-15|2027-07-16|2027-07-17|2027-07-18|2027-07-19|2027-07-20|2027-07-21|2027-07-23|2027-07-24|2027-07-26|2027-07-27|2027-07-30|2027-07-31|2027-08-01|2027-08-05|2027-08-06|2027-08-07|2027-08-08|2027-08-10|2027-08-12|2027-08-13|2027-08-14|2027-08-15|2027-08-16|2027-08-18|2027-08-19|2027-08-20|2027-08-21|2027-08-22|2027-08-23|2027-08-24|2027-08-27|2027-08-28|2027-08-29|2027-08-30|2027-09-04|2027-09-05|2027-09-09|2027-09-11|2027-09-12|2027-09-16|2027-09-18|2027-09-19,"Ведущий выездных регистраций, работаю в Стамбуле, выезжаю и в Турцию. Подача с личной историей пары. Помогаю с репетицией выхода. Веду на двух языках. Для пар и компаний из Казахстана. Перелёт и проживание не входят в стоимость. Работаю с англоязычными гостями. На рынке с 2020 года."
HK-90175,Фубуки,Ведущий церемонии,Зарубежье,False,True,380000,False,свадьба,русский|английский,1,2026-09-26|2026-09-27|2026-09-30|2026-10-01|2026-10-06|2026-10-09|2026-10-17|2026-10-19|2026-10-22|2026-10-23|2026-10-24|2026-10-25|2026-10-26|2026-10-28|2026-10-30|2026-10-31|2026-11-03|2026-11-05|2026-11-06|2026-11-07|2026-11-13|2026-11-14|2026-11-15|2026-11-19|2026-11-20|2026-11-21|2026-11-22|2026-11-27|2026-12-01|2026-12-02|2026-12-03|2026-12-05|2026-12-06|2026-12-08|2026-12-09|2026-12-11|2026-12-12|2026-12-14|2026-12-16|2026-12-19|2026-12-20|2026-12-21|2026-12-22|2026-12-24|2026-12-26|2026-12-27|2026-12-28|2026-12-29|2026-12-30|2026-12-31|2027-01-01|2027-01-05|2027-01-15|2027-01-16|2027-01-24|2027-01-25|2027-01-28|2027-01-29|2027-01-31|2027-02-03|2027-02-08|2027-02-14|2027-02-22|2027-03-07|2027-03-08|2027-03-10|2027-03-12|2027-03-13|2027-03-15|2027-03-18|2027-03-20|2027-03-21|2027-03-22|2027-03-23|2027-03-24|2027-03-26|2027-03-27|2027-04-02|2027-04-03|2027-04-05|2027-04-10|2027-04-11|2027-04-12|2027-04-15|2027-04-17|2027-04-19|2027-04-25|2027-04-26|2027-05-01|2027-05-02|2027-05-03|2027-05-04|2027-05-06|2027-05-07|2027-05-09|2027-05-11|2027-05-14|2027-05-16|2027-05-20|2027-05-21|2027-05-24|2027-05-29|2027-05-30|2027-06-01|2027-06-04|2027-06-05|2027-06-06|2027-06-10|2027-06-11|2027-06-12|2027-06-13|2027-06-16|2027-06-18|2027-06-19|2027-06-21|2027-06-25|2027-06-26|2027-06-27|2027-06-28|2027-06-29|2027-06-30|2027-07-04|2027-07-05|2027-07-08|2027-07-09|2027-07-11|2027-07-12|2027-07-16|2027-07-17|2027-07-18|2027-07-19|2027-07-20|2027-07-21|2027-07-22|2027-07-23|2027-07-25|2027-07-26|2027-07-29|2027-07-30|2027-07-31|2027-08-01|2027-08-04|2027-08-05|2027-08-06|2027-08-09|2027-08-11|2027-08-14|2027-08-15|2027-08-16|2027-08-17|2027-08-20|2027-08-22|2027-08-24|2027-08-27|2027-08-28|2027-08-29|2027-08-30|2027-09-02|2027-09-04|2027-09-05|2027-09-07|2027-09-11|2027-09-12|2027-09-15|2027-09-16|2027-09-17|2027-09-21,"Ведущая свадебных церемоний, работаю на побережье Антальи, выезжаю и в Италию. Подача торжественная. Веду на двух языках. Пишу текст церемонии под пару. Для пар и компаний из Казахстана. Перелёт и проживание не входят в стоимость. Работаю с англоязычными гостями."
HK-90176,Тобио Кагеяма,Загородная площадка|Отель,Зарубежье,False,True,5200000,False,свадьба,русский|английский,10,2026-09-26|2026-09-30|2026-10-01|2026-10-02|2026-10-07|2026-10-10|2026-10-15|2026-10-18|2026-10-20|2026-10-24|2026-11-01|2026-11-03|2026-11-07|2026-11-08|2026-11-09|2026-11-12|2026-11-16|2026-11-17|2026-11-19|2026-11-22|2026-11-25|2026-11-27|2026-12-01|2026-12-04|2026-12-05|2026-12-06|2026-12-07|2026-12-08|2026-12-09|2026-12-10|2026-12-12|2026-12-13|2026-12-15|2026-12-16|2026-12-17|2026-12-18|2026-12-19|2026-12-20|2026-12-22|2026-12-23|2026-12-25|2026-12-26|2026-12-27|2026-12-29|2026-12-30|2027-01-01|2027-01-03|2027-01-06|2027-01-08|2027-01-09|2027-01-11|2027-01-16|2027-01-20|2027-01-25|2027-01-27|2027-02-02|2027-02-13|2027-02-14|2027-02-19|2027-02-21|2027-03-01|2027-03-05|2027-03-06|2027-03-07|2027-03-08|2027-03-10|2027-03-13|2027-03-14|2027-03-17|2027-03-20|2027-03-21|2027-03-22|2027-03-23|2027-03-24|2027-03-25|2027-04-09|2027-04-11|2027-04-13|2027-04-14|2027-04-18|2027-04-19|2027-04-20|2027-04-21|2027-04-24|2027-04-27|2027-05-01|2027-05-02|2027-05-04|2027-05-08|2027-05-09|2027-05-16|2027-05-19|2027-05-21|2027-05-23|2027-05-25|2027-05-26|2027-05-27|2027-05-29|2027-05-30|2027-05-31|2027-06-03|2027-06-04|2027-06-06|2027-06-11|2027-06-12|2027-06-13|2027-06-16|2027-06-18|2027-06-19|2027-06-20|2027-06-21|2027-06-23|2027-06-25|2027-06-26|2027-06-27|2027-06-30|2027-07-01|2027-07-02|2027-07-03|2027-07-04|2027-07-06|2027-07-07|2027-07-09|2027-07-10|2027-07-11|2027-07-13|2027-07-14|2027-07-16|2027-07-18|2027-07-19|2027-07-20|2027-07-23|2027-07-24|2027-07-25|2027-07-26|2027-07-28|2027-07-29|2027-07-31|2027-08-01|2027-08-02|2027-08-04|2027-08-06|2027-08-07|2027-08-08|2027-08-09|2027-08-11|2027-08-13|2027-08-14|2027-08-16|2027-08-18|2027-08-20|2027-08-21|2027-08-22|2027-08-25|2027-08-27|2027-08-28|2027-08-29|2027-08-30|2027-08-31|2027-09-04|2027-09-06|2027-09-09|2027-09-10|2027-09-11|2027-09-12|2027-09-15|2027-09-17|2027-09-18|2027-09-19|2027-09-21,Площадка на природе в Дубае. Есть вид на горы и озеро. Трансфер для гостей. Свой кейтеринг или можно привезти свой. Помогаем гостям из Казахстана с трансфером.
HK-90177,Тоору Ойкава,Загородная площадка,Зарубежье,False,True,5600000,False,свадьба|корпоратив|юбилей,русский|английский,10,2026-09-24|2026-09-25|2026-09-29|2026-09-30|2026-10-02|2026-10-09|2026-10-17|2026-10-19|2026-10-20|2026-10-24|2026-10-26|2026-10-28|2026-10-29|2026-11-05|2026-11-08|2026-11-11|2026-11-13|2026-11-14|2026-11-15|2026-11-18|2026-11-20|2026-11-21|2026-11-22|2026-11-28|2026-11-29|2026-11-30|2026-12-03|2026-12-04|2026-12-05|2026-12-06|2026-12-07|2026-12-09|2026-12-10|2026-12-11|2026-12-12|2026-12-13|2026-12-14|2026-12-15|2026-12-16|2026-12-18|2026-12-19|2026-12-21|2026-12-22|2026-12-23|2026-12-24|2026-12-26|2026-12-27|2026-12-29|2027-01-01|2027-01-03|2027-01-08|2027-01-10|2027-01-11|2027-01-21|2027-01-24|2027-01-27|2027-02-07|2027-02-09|2027-02-13|2027-02-14|2027-02-15|2027-02-16|2027-02-18|2027-02-24|2027-03-03|2027-03-06|2027-03-07|2027-03-08|2027-03-13|2027-03-14|2027-03-21|2027-03-22|2027-03-23|2027-03-24|2027-03-27|2027-03-29|2027-04-06|2027-04-07|2027-04-09|2027-04-12|2027-04-17|2027-04-20|2027-04-23|2027-04-24|2027-04-27|2027-05-02|2027-05-03|2027-05-04|2027-05-05|2027-05-06|2027-05-08|2027-05-09|2027-05-14|2027-05-16|2027-05-19|2027-05-22|2027-05-23|2027-05-27|2027-05-30|2027-06-01|2027-06-03|2027-06-04|2027-06-05|2027-06-06|2027-06-10|2027-06-12|2027-06-13|2027-06-14|2027-06-15|2027-06-23|2027-06-26|2027-06-27|2027-06-29|2027-06-30|2027-07-01|2027-07-03|2027-07-05|2027-07-06|2027-07-07|2027-07-10|2027-07-11|2027-07-14|2027-07-15|2027-07-16|2027-07-17|2027-07-18|2027-07-19|2027-07-23|2027-07-25|2027-07-27|2027-07-31|2027-08-01|2027-08-02|2027-08-03|2027-08-04|2027-08-06|2027-08-07|2027-08-08|2027-08-09|2027-08-11|2027-08-13|2027-08-15|2027-08-16|2027-08-18|2027-08-19|2027-08-20|2027-08-22|2027-08-25|2027-08-27|2027-08-28|2027-08-29|2027-08-30|2027-09-02|2027-09-04|2027-09-05|2027-09-12|2027-09-13|2027-09-17|2027-09-18|2027-09-19|2027-09-20,База отдыха в Стамбуле на 400 гостей. Есть сад и беседки. Свой кейтеринг или можно привезти свой. Подходит для выездных регистраций. Помогаем гостям из Казахстана с трансфером.
HK-90178,Кенма Кодзумэ,Загородная площадка|Отель,Зарубежье,False,True,3700000,False,свадьба,русский|английский,12,2026-09-24|2026-09-26|2026-09-29|2026-10-01|2026-10-04|2026-10-09|2026-10-10|2026-10-11|2026-10-14|2026-10-16|2026-10-17|2026-10-19|2026-10-22|2026-10-24|2026-10-28|2026-10-30|2026-11-04|2026-11-05|2026-11-06|2026-11-07|2026-11-08|2026-11-12|2026-11-14|2026-11-19|2026-11-20|2026-11-22|2026-11-23|2026-11-25|2026-11-26|2026-11-29|2026-11-30|2026-12-01|2026-12-02|2026-12-04|2026-12-05|2026-12-06|2026-12-07|2026-12-08|2026-12-09|2026-12-10|2026-12-12|2026-12-13|2026-12-14|2026-12-15|2026-12-17|2026-12-18|2026-12-19|2026-12-20|2026-12-21|2026-12-23|2026-12-24|2026-12-26|2026-12-27|2026-12-28|2026-12-29|2027-01-01|2027-01-03|2027-01-07|2027-01-24|2027-01-29|2027-01-31|2027-02-02|2027-02-03|2027-02-06|2027-02-09|2027-02-12|2027-02-14|2027-02-18|2027-02-20|2027-02-21|2027-02-22|2027-02-26|2027-02-27|2027-03-03|2027-03-04|2027-03-08|2027-03-12|2027-03-15|2027-03-17|2027-03-18|2027-03-21|2027-03-22|2027-03-23|2027-03-27|2027-03-30|2027-04-02|2027-04-04|2027-04-11|2027-04-15|2027-04-18|2027-04-20|2027-04-24|2027-04-25|2027-05-02|2027-05-08|2027-05-09|2027-05-13|2027-05-15|2027-05-16|2027-05-18|2027-05-25|2027-05-27|2027-05-29|2027-06-01|2027-06-03|2027-06-05|2027-06-08|2027-06-11|2027-06-12|2027-06-13|2027-06-18|2027-06-20|2027-06-21|2027-06-26|2027-06-27|2027-06-30|2027-07-01|2027-07-02|2027-07-03|2027-07-06|2027-07-07|2027-07-09|2027-07-10|2027-07-11|2027-07-12|2027-07-14|2027-07-15|2027-07-16|2027-07-17|2027-07-18|2027-07-20|2027-07-22|2027-07-27|2027-07-29|2027-07-31|2027-08-01|2027-08-06|2027-08-08|2027-08-09|2027-08-13|2027-08-14|2027-08-15|2027-08-17|2027-08-20|2027-08-23|2027-08-28|2027-08-29|2027-08-30|2027-09-03|2027-09-04|2027-09-12|2027-09-13|2027-09-16|2027-09-17|2027-09-18|2027-09-19|2027-09-20|2027-09-21,Загородная площадка на Бали. Есть бассейн и терраса. Свой кейтеринг или можно привезти свой. Работаем круглый год. Помогаем гостям из Казахстана с трансфером.
HK-90179,Котаро Бокуто,Загородная площадка,Зарубежье,False,True,4300000,False,корпоратив,русский|английский,10,2026-09-29|2026-09-30|2026-10-02|2026-10-03|2026-10-06|2026-10-07|2026-10-08|2026-10-11|2026-10-16|2026-10-21|2026-10-25|2026-10-31|2026-11-02|2026-11-04|2026-11-05|2026-11-09|2026-11-10|2026-11-13|2026-11-15|2026-11-18|2026-11-19|2026-11-20|2026-11-21|2026-11-25|2026-11-27|2026-11-28|2026-11-29|2026-12-01|2026-12-02|2026-12-03|2026-12-05|2026-12-06|2026-12-07|2026-12-10|2026-12-11|2026-12-12|2026-12-13|2026-12-15|2026-12-17|2026-12-19|2026-12-20|2026-12-21|2026-12-22|2026-12-23|2026-12-24|2026-12-25|2026-12-28|2026-12-29|2026-12-30|2026-12-31|2027-01-01|2027-01-02|2027-01-03|2027-01-08|2027-01-21|2027-01-25|2027-01-28|2027-02-01|2027-02-05|2027-02-09|2027-02-12|2027-02-14|2027-02-15|2027-02-17|2027-02-19|2027-02-22|2027-02-23|2027-02-25|2027-02-26|2027-03-01|2027-03-05|2027-03-07|2027-03-08|2027-03-10|2027-03-11|2027-03-20|2027-03-21|2027-03-22|2027-03-23|2027-03-26|2027-03-29|2027-03-30|2027-03-31|2027-04-07|2027-04-10|2027-04-12|2027-04-14|2027-04-15|2027-04-16|2027-04-17|2027-04-20|2027-04-22|2027-04-23|2027-04-24|2027-04-28|2027-04-29|2027-05-01|2027-05-03|2027-05-04|2027-05-12|2027-05-13|2027-05-14|2027-05-16|2027-05-19|2027-05-22|2027-05-24|2027-05-27|2027-05-28|2027-05-29|2027-06-01|2027-06-02|2027-06-03|2027-06-07|2027-06-08|2027-06-09|2027-06-10|2027-06-11|2027-06-12|2027-06-23|2027-06-28|2027-06-30|2027-07-06|2027-08-03|2027-08-05|2027-08-23|2027-08-25|2027-08-26|2027-08-27|2027-08-30|2027-09-02|2027-09-03|2027-09-08|2027-09-13|2027-09-15|2027-09-16|2027-09-17|2027-09-19|2027-09-21|2027-09-22,Площадка на природе в Тбилиси. Есть шатёр и поляна для регистрации. Трансфер для гостей. Работаем круглый год. Помогаем гостям из Казахстана с трансфером.
HK-90180,Шоё Кагами,Загородная площадка,Зарубежье,False,True,3900000,False,корпоратив,русский|английский,10,2026-09-24|2026-09-25|2026-09-27|2026-09-28|2026-09-30|2026-10-03|2026-10-14|2026-10-16|2026-10-17|2026-10-22|2026-10-23|2026-10-24|2026-10-29|2026-10-31|2026-11-01|2026-11-07|2026-11-08|2026-11-13|2026-11-15|2026-11-16|2026-11-17|2026-11-20|2026-11-23|2026-11-27|2026-11-29|2026-11-30|2026-12-01|2026-12-02|2026-12-03|2026-12-06|2026-12-08|2026-12-10|2026-12-11|2026-12-12|2026-12-15|2026-12-16|2026-12-18|2026-12-19|2026-12-20|2026-12-21|2026-12-22|2026-12-24|2026-12-26|2026-12-29|2026-12-30|2027-01-02|2027-01-03|2027-01-11|2027-01-19|2027-01-21|2027-01-22|2027-01-26|2027-01-29|2027-01-31|2027-02-09|2027-02-11|2027-02-12|2027-02-13|2027-02-18|2027-02-22|2027-02-27|2027-03-02|2027-03-03|2027-03-04|2027-03-07|2027-03-08|2027-03-11|2027-03-12|2027-03-20|2027-03-21|2027-03-22|2027-03-23|2027-03-26|2027-03-30|2027-03-31|2027-04-01|2027-04-04|2027-04-06|2027-04-07|2027-04-08|2027-04-09|2027-04-12|2027-04-13|2027-04-15|2027-04-20|2027-04-22|2027-04-23|2027-04-27|2027-04-28|2027-05-01|2027-05-10|2027-05-12|2027-05-13|2027-05-18|2027-05-19|2027-05-24|2027-05-31|2027-06-01|2027-06-03|2027-06-15|2027-06-18|2027-06-21|2027-06-30|2027-07-01|2027-07-06|2027-07-09|2027-07-11|2027-07-15|2027-07-20|2027-07-22|2027-07-24|2027-08-01|2027-08-05|2027-08-12|2027-08-15|2027-08-26|2027-09-01|2027-09-03|2027-09-07|2027-09-13|2027-09-15|2027-09-17|2027-09-19|2027-09-21,Площадка на природе в Бодруме. Есть бассейн и терраса. Работаем круглый год. Свой кейтеринг или можно привезти свой. Помогаем гостям из Казахстана с трансфером.
HK-90181,Юно Гасай,Отель,Зарубежье,False,True,3700000,False,конференция|юбилей,русский|английский,11,2026-09-23|2026-09-24|2026-09-27|2026-09-30|2026-10-01|2026-10-04|2026-10-05|2026-10-09|2026-10-10|2026-10-13|2026-10-15|2026-10-16|2026-10-18|2026-10-20|2026-10-22|2026-10-25|2026-10-26|2026-10-27|2026-10-31|2026-11-01|2026-11-02|2026-11-06|2026-11-07|2026-11-12|2026-11-16|2026-11-17|2026-11-18|2026-11-20|2026-11-21|2026-11-22|2026-11-23|2026-11-27|2026-11-29|2026-12-01|2026-12-02|2026-12-03|2026-12-05|2026-12-06|2026-12-08|2026-12-09|2026-12-10|2026-12-11|2026-12-13|2026-12-15|2026-12-16|2026-12-17|2026-12-18|2026-12-19|2026-12-20|2026-12-21|2026-12-22|2026-12-23|2026-12-24|2026-12-25|2026-12-26|2026-12-27|2026-12-29|2026-12-30|2026-12-31|2027-01-01|2027-01-02|2027-01-03|2027-01-05|2027-01-08|2027-01-11|2027-01-20|2027-02-04|2027-02-05|2027-02-09|2027-02-10|2027-02-12|2027-02-16|2027-02-19|2027-02-23|2027-02-26|2027-02-27|2027-03-02|2027-03-03|2027-03-05|2027-03-08|2027-03-11|2027-03-13|2027-03-19|2027-03-20|2027-03-21|2027-03-22|2027-03-23|2027-03-24|2027-03-25|2027-03-30|2027-04-08|2027-04-12|2027-04-14|2027-04-16|2027-04-20|2027-04-21|2027-04-24|2027-04-26|2027-04-28|2027-04-29|2027-04-30|2027-05-01|2027-05-10|2027-05-11|2027-05-18|2027-05-19|2027-05-22|2027-05-24|2027-05-26|2027-05-28|2027-05-30|2027-06-01|2027-06-02|2027-06-08|2027-06-09|2027-06-11|2027-06-13|2027-06-14|2027-06-21|2027-06-23|2027-06-29|2027-06-30|2027-07-06|2027-07-14|2027-07-22|2027-07-25|2027-08-17|2027-08-23|2027-08-29|2027-08-30|2027-09-01|2027-09-02|2027-09-06|2027-09-07|2027-09-08|2027-09-09|2027-09-10|2027-09-11|2027-09-14|2027-09-15|2027-09-19,Бизнес-отель в Дубае. Есть банкетный зал и терраса. Кейтеринг под любой формат. Синхронный перевод по запросу. Помогаем гостям из Казахстана с трансфером.
HK-90182,Лелуш Ламперуж,Отель,Зарубежье,False,True,4500000,False,корпоратив|свадьба,русский|английский,11,2026-09-25|2026-09-26|2026-10-02|2026-10-04|2026-10-06|2026-10-07|2026-10-09|2026-10-10|2026-10-12|2026-10-17|2026-10-19|2026-10-23|2026-10-25|2026-10-27|2026-10-31|2026-11-03|2026-11-04|2026-11-06|2026-11-08|2026-11-09|2026-11-11|2026-11-14|2026-11-15|2026-11-16|2026-11-17|2026-11-21|2026-11-22|2026-11-24|2026-11-25|2026-11-27|2026-12-01|2026-12-02|2026-12-03|2026-12-05|2026-12-06|2026-12-07|2026-12-08|2026-12-09|2026-12-11|2026-12-12|2026-12-13|2026-12-14|2026-12-15|2026-12-16|2026-12-17|2026-12-18|2026-12-19|2026-12-20|2026-12-21|2026-12-22|2026-12-23|2026-12-24|2026-12-25|2026-12-26|2026-12-27|2026-12-28|2026-12-29|2026-12-30|2026-12-31|2027-01-05|2027-01-11|2027-01-23|2027-01-25|2027-01-31|2027-02-02|2027-02-04|2027-02-06|2027-02-11|2027-02-14|2027-02-17|2027-02-23|2027-02-26|2027-03-03|2027-03-07|2027-03-11|2027-03-12|2027-03-13|2027-03-14|2027-03-15|2027-03-20|2027-03-21|2027-03-22|2027-03-23|2027-03-24|2027-03-25|2027-03-26|2027-04-01|2027-04-04|2027-04-05|2027-04-06|2027-04-09|2027-04-11|2027-04-14|2027-04-15|2027-04-17|2027-04-18|2027-04-23|2027-05-01|2027-05-02|2027-05-08|2027-05-11|2027-05-12|2027-05-15|2027-05-17|2027-05-21|2027-05-22|2027-05-26|2027-05-27|2027-05-29|2027-05-30|2027-06-02|2027-06-03|2027-06-04|2027-06-05|2027-06-06|2027-06-09|2027-06-11|2027-06-12|2027-06-13|2027-06-16|2027-06-17|2027-06-19|2027-06-20|2027-06-22|2027-06-23|2027-06-25|2027-06-26|2027-06-27|2027-06-29|2027-07-02|2027-07-03|2027-07-05|2027-07-07|2027-07-10|2027-07-11|2027-07-12|2027-07-14|2027-07-15|2027-07-16|2027-07-17|2027-07-18|2027-07-21|2027-07-22|2027-07-23|2027-07-24|2027-07-25|2027-07-31|2027-08-01|2027-08-02|2027-08-05|2027-08-06|2027-08-07|2027-08-08|2027-08-10|2027-08-13|2027-08-15|2027-08-16|2027-08-19|2027-08-20|2027-08-21|2027-08-22|2027-08-23|2027-08-24|2027-08-25|2027-08-26|2027-08-27|2027-08-28|2027-08-29|2027-09-03|2027-09-04|2027-09-05|2027-09-06|2027-09-09|2027-09-10|2027-09-11|2027-09-12|2027-09-14|2027-09-15|2027-09-21|2027-09-22,Бизнес-отель в Дубае. Есть конференц-зал на 200 мест. Номеров для гостей — 80. Синхронный перевод по запросу. Помогаем гостям из Казахстана с трансфером.
HK-90183,Сузаку Куруруги,Отель,Зарубежье,False,True,3800000,False,конференция|корпоратив|юбилей,русский|английский,11,2026-09-23|2026-09-24|2026-09-25|2026-09-28|2026-09-30|2026-10-04|2026-10-06|2026-10-07|2026-10-09|2026-10-10|2026-10-11|2026-10-14|2026-10-17|2026-10-20|2026-10-23|2026-10-24|2026-10-25|2026-10-27|2026-10-31|2026-11-03|2026-11-06|2026-11-09|2026-11-10|2026-11-12|2026-11-14|2026-11-20|2026-11-22|2026-11-23|2026-11-24|2026-11-25|2026-11-27|2026-11-29|2026-12-01|2026-12-02|2026-12-05|2026-12-06|2026-12-08|2026-12-09|2026-12-13|2026-12-14|2026-12-15|2026-12-16|2026-12-17|2026-12-18|2026-12-19|2026-12-20|2026-12-21|2026-12-22|2026-12-23|2026-12-24|2026-12-25|2026-12-26|2026-12-27|2026-12-30|2026-12-31|2027-01-01|2027-01-02|2027-01-03|2027-01-29|2027-01-31|2027-02-01|2027-02-03|2027-02-05|2027-02-10|2027-02-22|2027-02-28|2027-03-03|2027-03-04|2027-03-07|2027-03-08|2027-03-09|2027-03-13|2027-03-15|2027-03-16|2027-03-19|2027-03-20|2027-03-21|2027-03-22|2027-03-26|2027-03-29|2027-03-31|2027-04-01|2027-04-02|2027-04-08|2027-04-12|2027-04-18|2027-04-21|2027-05-04|2027-05-07|2027-05-10|2027-05-11|2027-05-14|2027-05-16|2027-05-19|2027-05-21|2027-05-23|2027-05-24|2027-05-26|2027-05-31|2027-06-02|2027-06-03|2027-06-04|2027-06-07|2027-06-08|2027-06-11|2027-06-13|2027-06-22|2027-06-28|2027-06-29|2027-07-06|2027-07-07|2027-07-15|2027-07-16|2027-07-21|2027-07-28|2027-08-16|2027-08-22|2027-08-24|2027-08-26|2027-08-27|2027-09-01|2027-09-02|2027-09-05|2027-09-06|2027-09-08|2027-09-15|2027-09-16|2027-09-17|2027-09-18,Бизнес-отель на побережье Антальи. Есть конференц-зал на 400 мест. Кейтеринг под любой формат. Синхронный перевод по запросу. Помогаем гостям из Казахстана с трансфером.
HK-90184,Кагура,Отель,Зарубежье,False,True,3500000,False,корпоратив|юбилей,русский,10,2026-09-23|2026-09-26|2026-09-27|2026-10-01|2026-10-03|2026-10-05|2026-10-06|2026-10-12|2026-10-16|2026-10-17|2026-10-18|2026-10-24|2026-10-31|2026-11-05|2026-11-07|2026-11-09|2026-11-13|2026-11-14|2026-11-15|2026-11-17|2026-11-19|2026-11-20|2026-11-21|2026-11-23|2026-11-27|2026-11-29|2026-12-01|2026-12-02|2026-12-03|2026-12-06|2026-12-08|2026-12-09|2026-12-10|2026-12-11|2026-12-12|2026-12-14|2026-12-15|2026-12-16|2026-12-18|2026-12-19|2026-12-20|2026-12-21|2026-12-22|2026-12-24|2026-12-25|2026-12-26|2026-12-27|2026-12-28|2026-12-29|2026-12-31|2027-01-01|2027-01-02|2027-01-03|2027-01-07|2027-01-08|2027-01-27|2027-02-01|2027-02-04|2027-02-05|2027-02-08|2027-02-12|2027-02-14|2027-02-15|2027-02-18|2027-02-19|2027-02-23|2027-02-25|2027-02-26|2027-03-02|2027-03-03|2027-03-07|2027-03-08|2027-03-11|2027-03-14|2027-03-16|2027-03-18|2027-03-20|2027-03-21|2027-03-23|2027-03-24|2027-03-28|2027-03-30|2027-04-01|2027-04-02|2027-04-12|2027-04-16|2027-04-19|2027-04-21|2027-04-23|2027-04-26|2027-04-28|2027-05-01|2027-05-03|2027-05-04|2027-05-06|2027-05-10|2027-05-11|2027-05-12|2027-05-20|2027-05-21|2027-05-26|2027-05-29|2027-05-31|2027-06-02|2027-06-03|2027-06-08|2027-06-12|2027-06-13|2027-06-14|2027-06-16|2027-06-17|2027-06-18|2027-06-21|2027-06-24|2027-06-28|2027-06-29|2027-07-06|2027-07-11|2027-07-13|2027-07-14|2027-07-16|2027-07-18|2027-07-29|2027-08-15|2027-08-17|2027-08-30|2027-09-01|2027-09-02|2027-09-03|2027-09-10|2027-09-14|2027-09-20,Бизнес-отель в Батуми. Есть переговорные и кофе-брейки. Синхронный перевод по запросу. Кейтеринг под любой формат. Помогаем гостям из Казахстана с трансфером.
HK-90185,Гинтоки Саката,Отель|Банкетный зал,Зарубежье,False,True,4300000,False,корпоратив|юбилей,русский,10,2026-09-26|2026-09-28|2026-09-29|2026-10-03|2026-10-08|2026-10-10|2026-10-11|2026-10-14|2026-10-17|2026-10-19|2026-10-21|2026-10-22|2026-10-24|2026-10-25|2026-10-27|2026-10-28|2026-10-31|2026-11-01|2026-11-07|2026-11-08|2026-11-10|2026-11-13|2026-11-16|2026-11-23|2026-11-25|2026-11-27|2026-11-28|2026-11-30|2026-12-07|2026-12-10|2026-12-11|2026-12-13|2026-12-17|2026-12-18|2026-12-19|2026-12-21|2026-12-22|2026-12-23|2026-12-28|2026-12-31|2027-01-01|2027-01-10|2027-01-16|2027-02-08|2027-02-13|2027-02-19|2027-02-22|2027-02-25|2027-02-26|2027-03-05|2027-03-08|2027-03-10|2027-03-13|2027-03-17|2027-03-18|2027-03-21|2027-03-22|2027-03-29|2027-04-01|2027-04-03|2027-04-06|2027-04-13|2027-04-14|2027-04-19|2027-04-22|2027-04-23|2027-04-25|2027-05-02|2027-05-04|2027-05-07|2027-05-08|2027-05-10|2027-05-13|2027-05-17|2027-05-19|2027-05-21|2027-05-25|2027-05-27|2027-05-31|2027-06-01|2027-06-02|2027-06-10|2027-06-19|2027-06-21|2027-06-22|2027-06-26|2027-06-30|2027-07-27|2027-08-03|2027-09-02|2027-09-03|2027-09-04|2027-09-06|2027-09-08|2027-09-19|2027-09-20|2027-09-22,Бизнес-отель на побережье Антальи. Есть переговорные и кофе-брейки. Номер молодожёнам в подарок. Синхронный перевод по запросу. Помогаем гостям из Казахстана с трансфером.
HK-90186,Шинпачи Шимура,Ресторан|Банкетный зал,Зарубежье,False,True,3300000,False,день рождения|юбилей|корпоратив|конференция,русский|английский,8,2026-09-24|2026-09-26|2026-10-17|2026-10-25|2026-10-30|2026-11-02|2026-11-12|2026-11-15|2026-11-16|2026-11-19|2026-11-21|2026-11-27|2026-11-29|2026-12-01|2026-12-04|2026-12-06|2026-12-09|2026-12-11|2026-12-12|2026-12-14|2026-12-15|2026-12-16|2026-12-17|2026-12-18|2026-12-21|2026-12-22|2026-12-23|2026-12-24|2026-12-25|2026-12-26|2026-12-28|2026-12-29|2026-12-30|2027-01-11|2027-01-15|2027-01-20|2027-01-23|2027-01-27|2027-02-08|2027-02-11|2027-02-12|2027-02-14|2027-02-15|2027-02-18|2027-02-19|2027-02-20|2027-03-01|2027-03-08|2027-03-16|2027-03-18|2027-03-20|2027-03-21|2027-03-22|2027-03-23|2027-03-31|2027-04-01|2027-04-09|2027-04-15|2027-04-17|2027-04-20|2027-04-21|2027-04-28|2027-05-01|2027-05-04|2027-05-05|2027-05-06|2027-05-07|2027-05-08|2027-05-13|2027-05-14|2027-05-18|2027-05-25|2027-05-27|2027-05-31|2027-06-03|2027-06-09|2027-06-11|2027-06-13|2027-06-15|2027-06-16|2027-06-17|2027-06-24|2027-06-28|2027-07-01|2027-07-02|2027-07-08|2027-07-14|2027-07-16|2027-08-04|2027-08-14|2027-08-15|2027-08-19|2027-08-30|2027-09-06|2027-09-07|2027-09-08|2027-09-09|2027-09-10|2027-09-13|2027-09-22,Ресторан на побережье Антальи на 250 гостей. Кухня — средиземноморская. Винная карта и сомелье. Проектор для презентаций. Помогаем гостям из Казахстана с трансфером.
HK-90187,Кондо Исао,Ресторан,Зарубежье,False,True,3700000,False,день рождения|свадьба,русский|английский,10,2026-09-24|2026-10-02|2026-10-06|2026-10-09|2026-10-11|2026-10-13|2026-10-18|2026-10-19|2026-10-22|2026-10-24|2026-11-01|2026-11-02|2026-11-06|2026-11-07|2026-11-12|2026-11-13|2026-11-14|2026-11-15|2026-11-20|2026-11-22|2026-11-28|2026-11-29|2026-11-30|2026-12-02|2026-12-03|2026-12-04|2026-12-06|2026-12-08|2026-12-09|2026-12-12|2026-12-13|2026-12-15|2026-12-16|2026-12-17|2026-12-18|2026-12-20|2026-12-22|2026-12-23|2026-12-24|2026-12-28|2026-12-30|2026-12-31|2027-01-02|2027-01-03|2027-01-08|2027-01-09|2027-01-18|2027-01-27|2027-01-31|2027-02-07|2027-02-15|2027-02-16|2027-03-08|2027-03-14|2027-03-15|2027-03-16|2027-03-18|2027-03-20|2027-03-22|2027-03-23|2027-03-25|2027-04-02|2027-04-04|2027-04-05|2027-04-09|2027-04-11|2027-04-15|2027-04-18|2027-04-19|2027-04-26|2027-04-27|2027-05-02|2027-05-03|2027-05-09|2027-05-12|2027-05-16|2027-05-18|2027-05-22|2027-05-23|2027-05-26|2027-06-01|2027-06-06|2027-06-12|2027-06-18|2027-06-19|2027-06-22|2027-06-24|2027-06-26|2027-06-27|2027-06-29|2027-07-02|2027-07-03|2027-07-04|2027-07-06|2027-07-08|2027-07-09|2027-07-11|2027-07-13|2027-07-16|2027-07-17|2027-07-18|2027-07-23|2027-07-25|2027-07-28|2027-07-31|2027-08-08|2027-08-11|2027-08-13|2027-08-17|2027-08-18|2027-08-19|2027-08-20|2027-08-21|2027-08-22|2027-08-23|2027-08-24|2027-08-25|2027-08-27|2027-08-29|2027-08-30|2027-09-04|2027-09-05|2027-09-08|2027-09-09|2027-09-10|2027-09-14|2027-09-16|2027-09-18|2027-09-19,Гастрономический ресторан в Дубае. Кухня — грузинская. Живая музыка по пятницам и субботам. Банкетное меню от 22000 ₸ на гостя. Помогаем гостям из Казахстана с трансфером.
HK-90188,Тэцуя Куроко,Лайв-бэнд,Зарубежье,False,True,1600000,False,свадьба|корпоратив|юбилей|день рождения,русский,3,2026-09-25|2026-09-26|2026-09-30|2026-10-01|2026-10-02|2026-10-05|2026-10-06|2026-10-07|2026-10-08|2026-10-09|2026-10-11|2026-10-14|2026-10-15|2026-10-16|2026-10-18|2026-10-19|2026-10-20|2026-10-22|2026-10-24|2026-10-27|2026-10-31|2026-11-03|2026-11-04|2026-11-05|2026-11-07|2026-11-09|2026-11-12|2026-11-14|2026-11-16|2026-11-21|2026-11-22|2026-11-27|2026-11-28|2026-11-29|2026-11-30|2026-12-01|2026-12-02|2026-12-04|2026-12-05|2026-12-06|2026-12-08|2026-12-09|2026-12-10|2026-12-11|2026-12-12|2026-12-13|2026-12-14|2026-12-15|2026-12-16|2026-12-17|2026-12-18|2026-12-19|2026-12-20|2026-12-21|2026-12-24|2026-12-26|2026-12-27|2026-12-28|2026-12-29|2026-12-30|2026-12-31|2027-01-01|2027-01-02|2027-01-08|2027-01-11|2027-01-15|2027-01-17|2027-01-25|2027-01-26|2027-01-29|2027-01-30|2027-01-31|2027-02-01|2027-02-05|2027-02-10|2027-02-11|2027-02-12|2027-02-14|2027-02-23|2027-03-04|2027-03-07|2027-03-08|2027-03-09|2027-03-14|2027-03-20|2027-03-21|2027-03-22|2027-03-23|2027-03-28|2027-04-01|2027-04-02|2027-04-05|2027-04-08|2027-04-11|2027-04-13|2027-04-15|2027-04-18|2027-04-22|2027-04-25|2027-04-27|2027-05-01|2027-05-02|2027-05-08|2027-05-09|2027-05-13|2027-05-14|2027-05-16|2027-05-17|2027-05-18|2027-05-21|2027-05-22|2027-05-23|2027-05-25|2027-05-28|2027-05-29|2027-05-30|2027-05-31|2027-06-01|2027-06-03|2027-06-04|2027-06-05|2027-06-06|2027-06-08|2027-06-11|2027-06-12|2027-06-13|2027-06-16|2027-06-17|2027-06-18|2027-06-19|2027-06-20|2027-06-21|2027-06-24|2027-06-25|2027-06-26|2027-06-27|2027-06-29|2027-06-30|2027-07-02|2027-07-03|2027-07-04|2027-07-06|2027-07-07|2027-07-09|2027-07-11|2027-07-12|2027-07-14|2027-07-15|2027-07-16|2027-07-17|2027-07-18|2027-07-20|2027-07-23|2027-07-24|2027-07-25|2027-07-27|2027-07-28|2027-07-30|2027-07-31|2027-08-01|2027-08-02|2027-08-04|2027-08-07|2027-08-08|2027-08-09|2027-08-10|2027-08-13|2027-08-14|2027-08-15|2027-08-16|2027-08-19|2027-08-20|2027-08-21|2027-08-22|2027-08-23|2027-08-24|2027-08-27|2027-08-28|2027-08-29|2027-08-31|2027-09-02|2027-09-03|2027-09-04|2027-09-05|2027-09-06|2027-09-07|2027-09-09|2027-09-10|2027-09-11|2027-09-12|2027-09-13|2027-09-14|2027-09-16|2027-09-17|2027-09-19,"Группа с вокалисткой, работаю в Бодруме, выезжаю и в Индонезию. Играем джаз и соул. Свой звук и свет на зал до 50 гостей. Принимаем заказы песен заранее. Для пар и компаний из Казахстана. Перелёт и проживание не входят в стоимость."
